seed,step,rows,common_dominant,slot_dominant,position_dominant,residual_dominant,common_predicts_final_rate,mean_abs_common_margin,mean_abs_slot_margin,mean_reconstruction_error,max_reconstruction_error
20260521,0,40,40,0,0,0,1.0,0.20199285447597504,0.020530369831249118,1.0303920134902001e-07,2.6635825634002686e-07
20260521,1,40,1,32,6,1,1.0,0.017366051860153674,0.020682841585949064,5.463953129947186e-08,1.5366822481155396e-07
20260521,2,40,7,18,15,0,1.0,0.027458255365490913,0.027024925267323852,5.2948598749935626e-08,1.564621925354004e-07
20260521,5,40,40,0,0,0,1.0,0.4175941728055477,0.08059479799121619,5.2258837968111036e-08,1.30385160446167e-07
20260521,10,40,40,0,0,0,1.0,1.1384693026542663,0.454527435451746,1.0872608982026578e-07,2.766028046607971e-07
20260521,20,40,40,0,0,0,1.0,1.8398580431938172,0.7021052747964859,1.1483934940770268e-07,3.8370490074157715e-07
20260521,50,40,40,0,0,0,1.0,2.065336287021637,0.67824337631464,1.0340445442125201e-07,2.5410554371774197e-07
20260521,1600,40,40,0,0,0,1.0,2.2211084365844727,0.5049534514546394,1.3263588698464447e-07,4.3146428652107716e-07
20260522,0,40,40,0,0,0,1.0,0.3448020726442337,0.0379756300477311,4.520406946539879e-08,1.648440957069397e-07
20260522,1,40,40,0,0,0,1.0,0.5289434477686882,0.03435636190697551,7.36457877792418e-08,2.1979212760925293e-07
20260522,2,40,40,0,0,0,1.0,0.7089967027306556,0.031924566021189094,8.199713192880154e-08,2.7939677238464355e-07
20260522,5,40,40,0,0,0,1.0,1.3985026121139525,0.060552136739715934,8.241913747042418e-08,2.784654498100281e-07
20260522,10,40,40,0,0,0,1.0,2.3890780031681063,0.184953336045146,1.7773127183318139e-07,4.991888999938965e-07
20260522,20,40,40,0,0,0,1.0,2.5237011909484863,0.5058260373771191,1.245818566530943e-07,4.824250936508179e-07
20260522,50,40,40,0,0,0,1.0,2.7320547103881836,0.5005140230059624,1.370259269606322e-07,3.641471266746521e-07
20260522,1600,40,40,0,0,0,1.0,2.822883129119873,0.37411462515592575,1.5782134141772985e-07,3.771856427192688e-07
20260523,0,40,40,0,0,0,1.0,0.3650002390146255,0.06598547464236618,6.400805432349444e-08,1.862645149230957e-07
20260523,1,40,39,0,0,1,1.0,0.18716773577034473,0.0642131706699729,6.097106961533427e-08,2.0116567611694336e-07
20260523,2,40,30,9,0,1,1.0,0.13091201521456242,0.0622189134825021,5.015172064304352e-08,1.5273690223693848e-07
20260523,5,40,40,0,0,0,1.0,0.6067448019981384,0.11243282784707845,9.09407390281558e-08,2.3189932107925415e-07
20260523,10,40,40,0,0,0,1.0,1.6628830790519715,0.18260006103664636,1.2817909009754657e-07,3.3155083656311035e-07
20260523,20,40,40,0,0,0,1.0,2.0103121995925903,0.4945438362658024,1.4812685549259187e-07,3.1152740120887756e-07
20260523,50,40,40,0,0,0,1.0,2.256475508213043,0.48488446325063705,1.216511009261012e-07,4.784669727087021e-07
20260523,1600,40,40,0,0,0,1.0,2.385717451572418,0.4255697652697563,1.2882483133580535e-07,5.096662789583206e-07
20260524,0,40,40,0,0,0,1.0,0.48481923043727876,0.05568987745791674,1.3001845218241214e-07,4.079192876815796e-07
20260524,1,40,40,0,0,0,1.0,0.35872180461883546,0.03936584834009409,1.0677613317966462e-07,3.1478703022003174e-07
20260524,2,40,40,0,0,0,1.0,0.5161074578762055,0.02980704929213971,1.006352249532938e-07,2.8312206268310547e-07
20260524,5,40,40,0,0,0,1.0,1.249287873506546,0.06475331354886293,9.413051884621382e-08,2.3096799850463867e-07
20260524,10,40,40,0,0,0,1.0,2.3591999769210816,0.14406304210424423,1.3944227248430252e-07,3.6135315895080566e-07
20260524,20,40,40,0,0,0,1.0,2.305142402648926,0.5849828608334064,1.418055035173893e-07,5.140900611877441e-07
20260524,50,40,40,0,0,0,1.0,2.387425184249878,0.5614989884197712,1.355627318844199e-07,3.725290298461914e-07
20260524,1600,40,40,0,0,0,1.0,2.5746781826019287,0.34838588535785675,2.0184088498353958e-07,4.47325874119997e-07
20260525,0,40,40,0,0,0,1.0,0.46650587394833565,0.04302144490648061,5.116162355989218e-08,1.341104507446289e-07
20260525,1,40,40,0,0,0,1.0,0.5790757551789284,0.050752681726589796,5.4604606702923776e-08,1.862645149230957e-07
20260525,2,40,40,0,0,0,1.0,0.6986227750778198,0.05113467299379408,8.194474503397941e-08,1.7951242625713348e-07
20260525,5,40,40,0,0,0,1.0,1.2441779375076294,0.04050221643410623,6.335321813821793e-08,1.9371509552001953e-07
20260525,10,40,40,0,0,0,1.0,1.9144537448883057,0.19685818254947662,1.5703844837844372e-07,4.3422915041446686e-07
20260525,20,40,40,0,0,0,1.0,1.759211778640747,0.5282631255686283,1.293221430387348e-07,5.644978955388069e-07
20260525,50,40,40,0,0,0,1.0,2.0802483558654785,0.49409426003694534,1.101606358133722e-07,2.9639340937137604e-07
20260525,1600,40,40,0,0,0,1.0,2.1829118728637695,0.4702243283390999,9.985451470129192e-08,3.534369170665741e-07
20260526,0,40,36,0,4,0,1.0,0.051520198583602905,0.017347924876958132,7.787311915308237e-08,1.4784745872020721e-07
20260526,1,40,40,0,0,0,1.0,0.2976438939571381,0.046099686063826084,4.107714630663395e-08,1.6205012798309326e-07
20260526,2,40,40,0,0,0,1.0,0.4985635131597519,0.056283786194399,5.514011718332767e-08,1.3783574104309082e-07
20260526,5,40,40,0,0,0,1.0,1.2475289762020112,0.12262311484664679,1.2619420886039734e-07,3.390014171600342e-07
20260526,10,40,40,0,0,0,1.0,2.428128629922867,0.21160302497446537,1.5887198969721795e-07,4.023313522338867e-07
20260526,20,40,40,0,0,0,1.0,2.756274461746216,0.35528090223670006,1.4709075912833214e-07,5.587935447692871e-07
20260526,50,40,40,0,0,0,1.0,2.8698511719703674,0.5190975289791823,1.411113771609962e-07,4.130415618419647e-07
20260526,1600,40,40,0,0,0,1.0,2.9637134790420534,0.44067530483007433,2.073153154924512e-07,5.848705768585205e-07
20260527,0,40,40,0,0,0,0.75,0.44001275300979614,0.12061354939360172,5.069887265563011e-08,1.2665987014770508e-07
20260527,1,40,27,8,5,0,0.75,0.17578765898942947,0.1260564150288701,6.160698831081391e-08,2.1606683731079102e-07
20260527,2,40,13,21,6,0,0.25,0.060943055897951126,0.1003499448299408,5.105976015329361e-08,1.8719583749771118e-07
20260527,5,40,19,18,3,0,0.25,0.15808185897767543,0.2221398688852787,9.030336514115334e-08,1.8998980522155762e-07
20260527,10,40,0,37,3,0,0.75,0.14632382988929749,0.45218420028686523,8.853967301547527e-08,2.812594175338745e-07
20260527,20,40,0,40,0,0,0.25,0.15733128786087036,1.0395792126655579,1.3024546205997467e-07,4.2282044887542725e-07
20260527,50,40,10,30,0,0,0.75,0.4717058539390564,1.1742899902164936,1.267319021280855e-07,4.0355371311306953e-07
20260527,1600,40,10,30,0,0,0.75,0.6390256881713867,1.1974966078996658,1.3019744073972107e-07,3.8137659430503845e-07
20260528,0,40,10,18,11,1,0.0,0.03968861699104309,0.057159082032740116,1.3715762179344892e-07,3.129243850708008e-07
20260528,1,40,36,0,4,0,1.0,0.13981762528419495,0.062238811515271664,5.297479219734669e-08,1.7369166016578674e-07
20260528,2,40,40,0,0,0,1.0,0.3204638957977295,0.07871711812913418,8.104834705591202e-08,2.384185791015625e-07
20260528,5,40,40,0,0,0,1.0,0.919007420539856,0.210848534014076,7.188791641965509e-08,2.2631138563156128e-07
20260528,10,40,40,0,0,0,1.0,1.6308211088180542,0.5672698821872473,1.1742813512682915e-07,5.289912223815918e-07
20260528,20,40,40,0,0,0,1.0,2.2621078491210938,0.5882588550448418,1.7901184037327767e-07,4.990724846720695e-07
20260528,50,40,40,0,0,0,1.0,2.6269379258155823,0.834217295050621,1.9496901586535388e-07,4.3901673052459955e-07
20260528,1600,40,40,0,0,0,1.0,2.7360517382621765,0.6861072480678558,1.5841287677176296e-07,3.7325662560760975e-07
