active_experts,checkpoint,common_rare_NMI,condition,effective_experts,eval_count,experiment_id,feature_NMI,joint_feature_score,load_imbalance,loss,map_feature_0_expert,map_feature_1_expert,map_feature_2_expert,map_feature_3_expert,margin_mean,margin_p05,max_load,min_load,rare_collision_rate,rare_dominant_experts,rare_eval_count,rare_feature_NMI,rare_feature_purity_mean,rare_margin_mean,rare_margin_p05,rare_positive_margin_frac,rare_sign_flip_rate,seed,slot_len,slot_start_NMI,target_accuracy
4,0,0.3555250036168713,random_raw,3.8563382625579834,2048,A06_24_synthetic_common_rare_transformer_moe,0.732411890783616,0.29951214074659455,0.412109375,4.1037278175354,3,1,2,0,0.23761999607086182,-0.0694943368434906,0.30859375,0.14697265625,0.0,3,1536,0.8424502853514108,0.94921875,0.31016066670417786,-0.0009704828262329102,0.94921875,0.0,0,1,0.011385443832615456,0.00048828125
4,0,0.5044100616147632,random_common_subtract,3.9634809494018555,2048,A06_24_synthetic_common_rare_transformer_moe,0.8087618021667098,0.4113328907629282,0.236328125,4.113416910171509,3,1,2,0,0.24716505408287048,-0.02905958890914917,0.30908203125,0.224609375,0.0,3,1536,0.8154732073466816,0.935546875,0.2906711995601654,-0.019719719886779785,0.935546875,0.0,0,1,0.0088333455937582,0.00048828125
3,0,0.09473214874878183,allpos_kmeans_raw,1.6010980606079102,2048,A06_24_synthetic_common_rare_transformer_moe,0.31048301975308346,0.03246425863311356,2.384765625,4.058819234371185,0,3,2,1,-1.7155436277389526,-7.217791557312012,0.84619140625,0.0,0.33333333333333337,2,1536,0.34269526303266734,0.8411458333333334,0.0622418075799942,-1.1701979637145996,0.5377604365348816,0.0,0,1,0.013444876485842784,0.0
3,0,0.6088044552669083,allpos_kmeans_common_subtract,2.817155599594116,2048,A06_24_synthetic_common_rare_transformer_moe,0.7861458501255941,0.4297165923545419,1.01171875,4.14131498336792,2,0,3,1,0.3551486134529114,-3.106567859649658,0.5029296875,0.0,0.33333333333333337,2,1536,0.7058368062798558,0.96875,0.19214950501918793,-3.2061514854431152,0.6354166865348816,0.0,0,1,0.001954269797039676,0.0
4,0,0.6368979998605808,route_kmeans_raw,4.0,2048,A06_24_synthetic_common_rare_transformer_moe,0.9999999999942291,0.6368979998588417,0.0,4.092001914978027,2,0,1,3,11.948067665100098,11.05518627166748,0.25,0.25,0.0,3,1536,0.9999999999972693,1.0,12.074360847473145,11.041460037231445,1.0,0.0,0,1,0.0011660424915207414,0.00048828125
4,0,0.6368979998605808,route_kmeans_residual_input,4.0,2048,A06_24_synthetic_common_rare_transformer_moe,0.9999999999942291,0.6368979998588417,0.0,4.164188623428345,3,0,1,2,10.706899642944336,4.435138702392578,0.25,0.25,0.0,3,1536,0.9999999999972693,1.0,12.748100280761719,10.461160659790039,1.0,0.0,0,1,0.0011660424915207418,0.00048828125
4,0,0.6368979998605808,oracle_raw,4.0,2048,A06_24_synthetic_common_rare_transformer_moe,0.9999999999942291,0.6368979998588417,0.0,4.067549467086792,0,1,2,3,11.948067665100098,11.05518627166748,0.25,0.25,0.0,3,1536,0.9999999999972693,1.0,12.074360847473145,11.041460037231445,1.0,0.0,0,1,0.0011660424915207414,0.0
4,0,0.6368979998605808,oracle_residual_input,4.0,2048,A06_24_synthetic_common_rare_transformer_moe,0.9999999999942291,0.6368979998588417,0.0,4.067999839782715,0,1,2,3,10.706899642944336,4.435138702392578,0.25,0.25,0.0,3,1536,0.9999999999972693,1.0,12.748100280761719,10.461160659790039,1.0,0.0,0,1,0.0011660424915207414,0.0
4,0,0.7278691290526462,random_raw,2.890482187271118,2048,A06_24_synthetic_common_rare_transformer_moe,0.7425677046362623,0.3912707879180514,0.986328125,4.268353700637817,3,0,1,2,-0.0014405695255845785,-1.0849742889404297,0.49462890625,0.00341796875,0.33333333333333337,2,1536,0.5375565088566232,0.9524739583333334,-0.15083357691764832,-1.101459264755249,0.6341145634651184,0.0,1,1,0.003935316269426947,0.0
4,0,0.7262571139410692,random_common_subtract,2.904149055480957,2048,A06_24_synthetic_common_rare_transformer_moe,0.7370035114390053,0.38133560587232457,0.990234375,4.266306638717651,3,0,1,2,0.025456305593252182,-0.9734086990356445,0.47998046875,0.00244140625,0.33333333333333337,2,1536,0.5250697012838725,0.9459635416666666,-0.12509536743164062,-0.9903088212013245,0.63671875,0.0,1,1,0.0036302493080011588,0.0
3,0,0.3287471587875686,allpos_kmeans_raw,2.1511449813842773,2048,A06_24_synthetic_common_rare_transformer_moe,0.6840845208846291,0.23883644593384304,1.0,4.307405591011047,2,1,3,0,0.21227478981018066,-3.964841365814209,0.5,0.0,0.33333333333333337,2,1536,0.7265049736541617,0.9778645833333334,1.4836249351501465,-0.9343576431274414,0.6888020634651184,0.0,1,1,0.00600365277453979,0.0
2,0,0.1513457662075593,allpos_kmeans_common_subtract,1.755705714225769,2048,A06_24_synthetic_common_rare_transformer_moe,0.6332008196125085,0.11438817006797138,1.998046875,4.283121585845947,0,1,2,3,0.3942236304283142,-3.6326236724853516,0.74951171875,0.0,0.33333333333333337,2,1536,0.7558068714726822,0.9993489583333334,1.6233834028244019,-1.6750156879425049,0.6666666865348816,0.0,1,1,0.00019580778698467902,0.0
4,0,0.7030628682585265,route_kmeans_raw,3.1194145679473877,2048,A06_24_synthetic_common_rare_transformer_moe,0.8279145974830585,0.5351505460324882,1.0,4.216289758682251,1,0,2,3,2.5325093269348145,-10.499602317810059,0.5,0.033203125,0.33333333333333337,2,1536,0.7611702597209352,1.0,3.3042757511138916,-10.620957374572754,0.6666666865348816,0.0,1,1,0.031261147193453916,0.0
4,0,0.6368979998605808,route_kmeans_residual_input,4.0,2048,A06_24_synthetic_common_rare_transformer_moe,0.9999999999942291,0.6368979998588417,0.0,4.24630880355835,3,2,1,0,10.912800788879395,4.383031368255615,0.25,0.25,0.0,3,1536,0.9999999999972693,1.0,13.024632453918457,11.368032455444336,1.0,0.0,1,1,0.0003962733206315052,0.0
4,0,0.6368979998605808,oracle_raw,4.0,2048,A06_24_synthetic_common_rare_transformer_moe,0.9999999999942291,0.6368979998588417,0.0,4.269521236419678,0,1,2,3,12.340179443359375,10.506352424621582,0.25,0.25,0.0,3,1536,0.9999999999972693,1.0,12.876862525939941,10.987835884094238,1.0,0.0,1,1,0.0003962733206315042,0.0
4,0,0.6368979998605808,oracle_residual_input,4.0,2048,A06_24_synthetic_common_rare_transformer_moe,0.9999999999942291,0.6368979998588417,0.0,4.269534349441528,0,1,2,3,10.912800788879395,4.383031368255615,0.25,0.25,0.0,3,1536,0.9999999999972693,1.0,13.024632453918457,11.368032455444336,1.0,0.0,1,1,0.0003962733206315042,0.0
4,0,0.4530748591533244,random_raw,3.9227311611175537,2048,A06_24_synthetic_common_rare_transformer_moe,0.8710278831770533,0.44089287508612784,0.287109375,4.171221852302551,0,2,1,3,0.36124369502067566,-0.034975647926330566,0.32177734375,0.1826171875,0.0,3,1536,0.9731126461310137,0.994140625,0.4639986455440521,0.1720294952392578,0.994140625,0.0,2,1,0.008070418003473101,0.0
4,0,0.46317924801339144,random_common_subtract,3.9378769397735596,2048,A06_24_synthetic_common_rare_transformer_moe,0.8855431107349223,0.4576004676524985,0.25,4.171509861946106,0,2,1,3,0.37830179929733276,-0.022561967372894287,0.3125,0.18798828125,0.0,3,1536,0.9879554613363601,0.998046875,0.48406848311424255,0.19332730770111084,0.998046875,0.0,2,1,0.007707194830834558,0.0
3,0,0.3443047414600521,allpos_kmeans_raw,2.0602753162384033,2048,A06_24_synthetic_common_rare_transformer_moe,0.6961796696230013,0.2552318332311388,1.0,4.0731717348098755,3,0,2,1,0.6577736139297485,-2.941619873046875,0.5,0.0,0.33333333333333337,2,1536,0.7412963067217941,0.9928385416666666,-0.0987926721572876,-2.9763295650482178,0.3404947817325592,0.0,2,1,0.006992759401644541,0.0
4,0,0.818278047803488,allpos_kmeans_common_subtract,2.0114824771881104,2048,A06_24_synthetic_common_rare_transformer_moe,0.5364936970092521,0.03155707360469299,1.84375,4.179316401481628,2,1,0,3,0.969475507736206,-1.0438392162322998,0.7109375,0.00244140625,0.6666666666666667,1,1536,0.038565220818769314,0.9479166666666666,-0.13251739740371704,-1.1116758584976196,0.341796875,0.0,2,1,0.007585087403002154,0.0
4,0,0.6368979998605808,route_kmeans_raw,4.0,2048,A06_24_synthetic_common_rare_transformer_moe,0.9999999999942291,0.6368979998588417,0.0,4.219687342643738,3,0,1,2,12.378071784973145,11.446742057800293,0.25,0.25,0.0,3,1536,0.9999999999972693,1.0,12.597613334655762,11.68320083618164,1.0,0.0,2,1,0.0017180309921218597,0.0
4,0,0.6368979998605808,route_kmeans_residual_input,4.0,2048,A06_24_synthetic_common_rare_transformer_moe,0.9999999999942291,0.6368979998588417,0.0,4.043398857116699,0,3,2,1,11.528230667114258,4.396749019622803,0.25,0.25,0.0,3,1536,0.9999999999972693,1.0,13.834041595458984,11.241562843322754,1.0,0.0,2,1,0.0017180309921218592,0.0
4,0,0.6368979998605808,oracle_raw,4.0,2048,A06_24_synthetic_common_rare_transformer_moe,0.9999999999942291,0.6368979998588417,0.0,4.02814519405365,0,1,2,3,12.378071784973145,11.446742057800293,0.25,0.25,0.0,3,1536,0.9999999999972693,1.0,12.597613334655762,11.68320083618164,1.0,0.0,2,1,0.0017180309921218592,0.0
4,0,0.6368979998605808,oracle_residual_input,4.0,2048,A06_24_synthetic_common_rare_transformer_moe,0.9999999999942291,0.6368979998588417,0.0,4.029499411582947,0,1,2,3,11.528230667114258,4.396749019622803,0.25,0.25,0.0,3,1536,0.9999999999972693,1.0,13.834041595458984,11.241562843322754,1.0,0.0,2,1,0.0017180309921218592,0.0
4,0,0.3240983359087185,random_raw,3.6721675395965576,2048,A06_24_synthetic_common_rare_transformer_moe,0.804110548082217,0.310187098760818,0.58984375,4.063162803649902,1,0,2,3,0.1824956089258194,-0.12273019552230835,0.3974609375,0.111328125,0.0,3,1536,0.9570771102267599,0.9869791666666666,0.25037145614624023,0.0868266224861145,0.9869791865348816,0.0,3,1,0.0016501198001243362,0.0
4,0,0.20534746326959094,random_common_subtract,2.5856144428253174,2048,A06_24_synthetic_common_rare_transformer_moe,0.6492745059184478,0.15135606694403675,1.419921875,4.074132680892944,1,0,2,3,0.055002231150865555,-0.4731834828853607,0.60498046875,0.00390625,0.0,3,1536,0.7370729812489991,0.8548177083333334,0.19722765684127808,-0.11135971546173096,0.8548176884651184,0.0,3,1,0.0027728654178219205,0.0
4,0,0.28182411351712555,allpos_kmeans_raw,2.863839626312256,2048,A06_24_synthetic_common_rare_transformer_moe,0.8533793815398578,0.27646362625655074,0.994140625,4.127953410148621,1,0,2,3,0.8162935972213745,-2.740098476409912,0.49853515625,0.001953125,0.0,3,1536,0.9809793165188149,0.9954427083333334,0.05357450246810913,-2.8165252208709717,0.6640625,0.0,3,1,0.0015393804131338409,0.0
4,0,0.28209279758661393,allpos_kmeans_common_subtract,2.8394014835357666,2048,A06_24_synthetic_common_rare_transformer_moe,0.8646986775030745,0.281489805632293,0.998046875,4.0304789543151855,2,1,3,0,2.406342029571533,-1.3092315196990967,0.49951171875,0.00048828125,0.0,3,1536,0.9978624340660955,0.9993489583333334,1.6878901720046997,-1.3875560760498047,0.6673176884651184,0.0,3,1,0.001038081654349655,0.0
4,0,0.6368979998605808,route_kmeans_raw,4.0,2048,A06_24_synthetic_common_rare_transformer_moe,0.9999999999942291,0.6368979998588417,0.0,4.111039042472839,2,1,3,0,12.750778198242188,11.896931648254395,0.25,0.25,0.0,3,1536,0.9999999999972693,1.0,12.753207206726074,11.845743179321289,1.0,0.0,3,1,0.0009683417114386358,0.0
4,0,0.6368979998605808,route_kmeans_residual_input,4.0,2048,A06_24_synthetic_common_rare_transformer_moe,0.9999999999942291,0.6368979998588417,0.0,4.077462792396545,2,0,3,1,11.53674602508545,4.586434364318848,0.25,0.25,0.0,3,1536,0.9999999999972693,1.0,13.767398834228516,11.683441162109375,1.0,0.0,3,1,0.0009683417114386358,0.0
4,0,0.6368979998605808,oracle_raw,4.0,2048,A06_24_synthetic_common_rare_transformer_moe,0.9999999999942291,0.6368979998588417,0.0,4.171101450920105,0,1,2,3,12.750650405883789,11.896931648254395,0.25,0.25,0.0,3,1536,0.9999999999972693,1.0,12.753009796142578,11.845743179321289,1.0,0.0,3,1,0.0009683417114386358,0.0
4,0,0.6368979998605808,oracle_residual_input,4.0,2048,A06_24_synthetic_common_rare_transformer_moe,0.9999999999942291,0.6368979998588417,0.0,4.171122908592224,0,1,2,3,11.536602020263672,4.586434364318848,0.25,0.25,0.0,3,1536,0.9999999999972693,1.0,13.767203330993652,11.68319034576416,1.0,0.0,3,1,0.0009683417114386358,0.0
3,0,0.13776734448374298,random_raw,2.0406010150909424,2048,A06_24_synthetic_common_rare_transformer_moe,0.5344826121413662,0.08675981074311864,1.791015625,3.6953400373458862,1,3,2,0,0.1262568235397339,-0.4460907578468323,0.69775390625,0.0,0.33333333333333337,2,1536,0.6297559923814645,0.9361979166666666,0.052523497492074966,-0.46306121349334717,0.3736979067325592,0.0,4,1,0.017153624042048853,0.0
4,0,0.15870647218129869,random_common_subtract,2.6006546020507812,2048,A06_24_synthetic_common_rare_transformer_moe,0.49673006506094974,0.08857933435953448,1.46875,3.695156753063202,1,3,2,0,0.19445490837097168,-0.22697976231575012,0.6171875,0.0419921875,0.33333333333333337,2,1536,0.5581330940199193,0.83203125,0.15652605891227722,-0.24437931180000305,0.4479166567325592,0.0,4,1,0.022774827200083204,0.0
4,0,0.6472412168194249,allpos_kmeans_raw,3.8279950618743896,2048,A06_24_synthetic_common_rare_transformer_moe,0.8395999625015623,0.47068562037441036,0.423828125,3.710593581199646,1,2,0,3,1.8575489521026611,-0.26969218254089355,0.3486328125,0.14404296875,0.0,3,1536,0.7272182428173882,0.8587239583333334,0.9477906227111816,-0.3590106964111328,0.8587239384651184,0.0,4,1,0.0009008278481524481,0.0
4,0,0.7150870937542467,allpos_kmeans_common_subtract,3.003288507461548,2048,A06_24_synthetic_common_rare_transformer_moe,0.7777997694685278,0.4277389612184841,0.970703125,3.732015550136566,1,3,0,2,1.6329395771026611,-1.3490184545516968,0.4541015625,0.00732421875,0.33333333333333337,2,1536,0.598163447438033,0.9388020833333334,1.4805593490600586,-1.4326605796813965,0.6764323115348816,0.0,4,1,0.014022103315775202,0.0
4,0,0.6368979998605808,route_kmeans_raw,4.0,2048,A06_24_synthetic_common_rare_transformer_moe,0.9999999999942291,0.6368979998588417,0.0,3.6611809134483337,2,3,1,0,12.76714038848877,12.128227233886719,0.25,0.25,0.0,3,1536,0.9999999999972693,1.0,12.633179664611816,12.045380592346191,1.0,0.0,4,1,9.337614615119539e-05,0.0
4,0,0.6368979998605808,route_kmeans_residual_input,4.0,2048,A06_24_synthetic_common_rare_transformer_moe,0.9999999999942291,0.6368979998588417,0.0,3.753221809864044,0,2,3,1,11.157386779785156,4.546875953674316,0.25,0.25,0.0,3,1536,0.9999999999972693,1.0,13.2775297164917,12.228371620178223,1.0,0.0,4,1,9.337614615119557e-05,0.0
4,0,0.6368979998605808,oracle_raw,4.0,2048,A06_24_synthetic_common_rare_transformer_moe,0.9999999999942291,0.6368979998588417,0.0,3.6964868903160095,0,1,2,3,12.76714038848877,12.128227233886719,0.25,0.25,0.0,3,1536,0.9999999999972693,1.0,12.633179664611816,12.045380592346191,1.0,0.0,4,1,9.337614615119535e-05,0.0
4,0,0.6368979998605808,oracle_residual_input,4.0,2048,A06_24_synthetic_common_rare_transformer_moe,0.9999999999942291,0.6368979998588417,0.0,3.6966382265090942,0,1,2,3,11.157386779785156,4.546875953674316,0.25,0.25,0.0,3,1536,0.9999999999972693,1.0,13.2775297164917,12.228371620178223,1.0,0.0,4,1,9.337614615119535e-05,0.0
4,0,0.6125865991486412,random_raw,3.1580803394317627,2048,A06_24_synthetic_common_rare_transformer_moe,0.7687857283194927,0.4635261335373476,1.013671875,3.5418882966041565,2,1,3,0,0.24582991003990173,-1.0016393661499023,0.50341796875,0.04345703125,0.33333333333333337,2,1536,0.756670378002956,0.9986979166666666,0.29549092054367065,-1.0327939987182617,0.6666666865348816,0.0,5,1,0.013730367377606325,0.0
4,0,0.5502052388518017,random_common_subtract,2.867182493209839,2048,A06_24_synthetic_common_rare_transformer_moe,0.7457616001726348,0.4174074051797793,1.107421875,3.5420591235160828,2,1,3,0,0.2074638158082962,-1.226597785949707,0.52685546875,0.00830078125,0.33333333333333337,2,1536,0.7586394597965803,0.9993489583333334,0.23377245664596558,-1.2580723762512207,0.6666666865348816,0.0,5,1,0.009903926201039536,0.0
3,0,0.2821876536657654,allpos_kmeans_raw,2.828157424926758,2048,A06_24_synthetic_common_rare_transformer_moe,0.8459506375064112,0.2739334707287084,1.0,3.5577420592308044,1,3,0,2,1.2723515033721924,-2.773143768310547,0.5,0.0,0.0,3,1536,0.9707493122756049,0.9934895833333334,-0.0055909231305122375,-2.8353471755981445,0.66015625,0.0,5,1,0.0020827330606040338,0.0
3,0,0.28217484025573664,allpos_kmeans_common_subtract,2.8284244537353516,2048,A06_24_synthetic_common_rare_transformer_moe,0.8630815097243432,0.28096446262322194,1.0,3.593802511692047,1,3,2,0,0.6834038496017456,-2.598860025405884,0.5,0.0,0.0,3,1536,0.9957105402047266,0.9993489583333334,0.07045311480760574,-2.712932586669922,0.666015625,0.0,5,1,0.0017419189145652194,0.0
4,0,0.6368979998605808,route_kmeans_raw,4.0,2048,A06_24_synthetic_common_rare_transformer_moe,0.9999999999942291,0.6368979998588417,0.0,3.612635314464569,0,3,1,2,12.813759803771973,11.580035209655762,0.25,0.25,0.0,3,1536,0.9999999999972693,1.0,13.026076316833496,11.609015464782715,1.0,0.0,5,1,0.0020874847335493395,0.0
4,0,0.6368979998605808,route_kmeans_residual_input,4.0,2048,A06_24_synthetic_common_rare_transformer_moe,0.9999999999942291,0.6368979998588417,0.0,3.5485066175460815,1,0,2,3,11.346027374267578,4.2566938400268555,0.25,0.25,0.0,3,1536,0.9999999999972693,1.0,13.618380546569824,12.747127532958984,1.0,0.0,5,1,0.0020874847335493395,0.0
4,0,0.6368979998605808,oracle_raw,4.0,2048,A06_24_synthetic_common_rare_transformer_moe,0.9999999999942291,0.6368979998588417,0.0,3.5297229886054993,0,1,2,3,12.813759803771973,11.580035209655762,0.25,0.25,0.0,3,1536,0.9999999999972693,1.0,13.026076316833496,11.609015464782715,1.0,0.0,5,1,0.0020874847335493395,0.0
4,0,0.6368979998605808,oracle_residual_input,4.0,2048,A06_24_synthetic_common_rare_transformer_moe,0.9999999999942291,0.6368979998588417,0.0,3.5291171073913574,0,1,2,3,11.346027374267578,4.2566938400268555,0.25,0.25,0.0,3,1536,0.9999999999972693,1.0,13.618380546569824,12.747127532958984,1.0,0.0,5,1,0.0020874847335493395,0.0
3,0,0.1764847914965569,random_raw,1.921028971672058,2048,A06_24_synthetic_common_rare_transformer_moe,0.6142035054114868,0.13433497458022933,1.921875,3.625964879989624,2,1,3,0,0.5989477634429932,-0.8451592922210693,0.73046875,0.0,0.33333333333333337,2,1536,0.7611702597209352,1.0,0.8745746612548828,-0.865604817867279,0.6666666865348816,0.0,6,1,0.011309323731866223,0.0341796875
3,0,0.16965013817175414,random_common_subtract,1.886063814163208,2048,A06_24_synthetic_common_rare_transformer_moe,0.6170624259235112,0.12913263973388664,1.94140625,3.6269460320472717,2,1,3,0,0.6386892199516296,-0.7275748252868652,0.7353515625,0.0,0.33333333333333337,2,1536,0.7611702597209352,1.0,0.9381235241889954,-0.7472260594367981,0.6666666865348816,0.0,6,1,0.0115692140751751,0.03271484375
3,0,0.6902633627167052,allpos_kmeans_raw,2.8423678874969482,2048,A06_24_synthetic_common_rare_transformer_moe,0.8405881961321569,0.5110019131018037,1.0,3.597032368183136,1,2,3,0,1.6348726749420166,-3.219243049621582,0.49267578125,0.0,0.33333333333333337,2,1536,0.7402999213092044,0.990234375,0.6673061847686768,-3.2622663974761963,0.6666666865348816,0.0,6,1,0.0010836590307748263,0.00439453125
4,0,0.725108834049319,allpos_kmeans_common_subtract,2.9139797687530518,2048,A06_24_synthetic_common_rare_transformer_moe,0.817425515758194,0.48568810454568273,1.03515625,3.5991058945655823,1,3,0,2,0.9097252488136292,-3.072939157485962,0.5087890625,0.00830078125,0.33333333333333337,2,1536,0.6698140771963732,0.9772135416666666,-0.05941687896847725,-3.1591029167175293,0.6438801884651184,0.0,6,1,0.008992673986909741,0.033203125
4,0,0.6368979998605808,route_kmeans_raw,4.0,2048,A06_24_synthetic_common_rare_transformer_moe,0.9999999999942291,0.6368979998588417,0.0,3.5908123254776,2,0,3,1,12.173457145690918,11.388395309448242,0.25,0.25,0.0,3,1536,0.9999999999972693,1.0,12.283858299255371,11.404040336608887,1.0,0.0,6,1,0.0007541349343476784,0.001953125
4,0,0.6368979998605808,route_kmeans_residual_input,4.0,2048,A06_24_synthetic_common_rare_transformer_moe,0.9999999999942291,0.6368979998588417,0.0,3.694777250289917,3,2,1,0,10.899085998535156,4.516181468963623,0.25,0.25,0.0,3,1536,0.9999999999972693,1.0,12.963554382324219,11.138734817504883,1.0,0.0,6,1,0.0007541349343476788,0.00439453125
4,0,0.6368979998605808,oracle_raw,4.0,2048,A06_24_synthetic_common_rare_transformer_moe,0.9999999999942291,0.6368979998588417,0.0,3.6979631185531616,0,1,2,3,12.173457145690918,11.388395309448242,0.25,0.25,0.0,3,1536,0.9999999999972693,1.0,12.283858299255371,11.404040336608887,1.0,0.0,6,1,0.0007541349343476785,0.001953125
4,0,0.6368979998605808,oracle_residual_input,4.0,2048,A06_24_synthetic_common_rare_transformer_moe,0.9999999999942291,0.6368979998588417,0.0,3.6982463002204895,0,1,2,3,10.899085998535156,4.516181468963623,0.25,0.25,0.0,3,1536,0.9999999999972693,1.0,12.963554382324219,11.138734817504883,1.0,0.0,6,1,0.0007541349343476785,0.001953125
4,0,0.3321205215056618,random_raw,3.8245978355407715,2048,A06_24_synthetic_common_rare_transformer_moe,0.8157400894256862,0.32297902337563206,0.439453125,3.8599769473075867,0,3,2,1,0.38544246554374695,-0.10893496870994568,0.35986328125,0.14990234375,0.0,3,1536,0.972475358979364,0.984375,0.5039803981781006,0.1441124677658081,0.984375,0.0,7,1,0.005840789330195424,0.0
4,0,0.2585021349438568,random_common_subtract,3.153559923171997,2048,A06_24_synthetic_common_rare_transformer_moe,0.8176293846723075,0.25571398833251635,0.88671875,3.8672677874565125,0,3,2,1,0.39228159189224243,-0.3511973023414612,0.4716796875,0.0283203125,0.0,3,1536,0.9892142221109855,0.9954427083333334,0.5975580811500549,0.2784392833709717,0.9954426884651184,0.0,7,1,0.021551283158122016,0.0
3,0,0.2821767814656113,allpos_kmeans_raw,2.8283839225769043,2048,A06_24_synthetic_common_rare_transformer_moe,0.8565050531209825,0.2782624695738924,1.0,3.8497385382652283,0,2,3,1,1.2844593524932861,-2.6507248878479004,0.5,0.0,0.0,3,1536,0.986128157421783,0.9973958333333334,0.390921026468277,-2.7116751670837402,0.6640625,0.0,7,1,0.0009745125973040348,0.0
4,0,0.6920641341741887,allpos_kmeans_common_subtract,3.2352077960968018,2048,A06_24_synthetic_common_rare_transformer_moe,0.7465285986582151,0.38023780133152385,1.052734375,3.835431158542633,0,3,2,1,0.9319537878036499,-1.6281883716583252,0.51318359375,0.0703125,0.33333333333333337,2,1536,0.5494256710546715,0.8834635416666666,0.4279008209705353,-1.7224199771881104,0.560546875,0.0,7,1,0.0022885393525034796,0.0
4,0,0.6368979998605808,route_kmeans_raw,4.0,2048,A06_24_synthetic_common_rare_transformer_moe,0.9999999999942291,0.6368979998588417,0.0,3.9477803707122803,1,0,2,3,12.179342269897461,11.213075637817383,0.25,0.25,0.0,3,1536,0.9999999999972693,1.0,12.231274604797363,11.170877456665039,1.0,0.0,7,1,0.0011337733340524255,0.0
4,0,0.6368979998605808,route_kmeans_residual_input,4.0,2048,A06_24_synthetic_common_rare_transformer_moe,0.9999999999942291,0.6368979998588417,0.0,3.898886799812317,1,3,2,0,10.67994499206543,4.2911200523376465,0.25,0.25,0.0,3,1536,0.9999999999972693,1.0,12.7394380569458,11.313212394714355,1.0,0.0,7,1,0.0011337733340524257,0.0
4,0,0.6368979998605808,oracle_raw,4.0,2048,A06_24_synthetic_common_rare_transformer_moe,0.9999999999942291,0.6368979998588417,0.0,3.918294131755829,0,1,2,3,12.179342269897461,11.213075637817383,0.25,0.25,0.0,3,1536,0.9999999999972693,1.0,12.231274604797363,11.170877456665039,1.0,0.0,7,1,0.0011337733340524255,0.0
4,0,0.6368979998605808,oracle_residual_input,4.0,2048,A06_24_synthetic_common_rare_transformer_moe,0.9999999999942291,0.6368979998588417,0.0,3.918929636478424,0,1,2,3,10.67994499206543,4.2911200523376465,0.25,0.25,0.0,3,1536,0.9999999999972693,1.0,12.7394380569458,11.313212394714355,1.0,0.0,7,1,0.0011337733340524255,0.0
4,0,0.32730438367055065,random_raw,3.822078227996826,2048,A06_24_synthetic_common_rare_transformer_moe,0.7224321055119379,0.2793651813508243,0.462890625,4.106844186782837,3,1,2,0,0.2214459329843521,-0.07791078090667725,0.3193359375,0.13427734375,0.0,3,1536,0.8535332714395303,0.947265625,0.29311472177505493,-0.0027073323726654053,0.947265625,0.0,0,2,0.016609841763256566,0.00048828125
4,0,0.5035237083140427,random_common_subtract,3.960601568222046,2048,A06_24_synthetic_common_rare_transformer_moe,0.8234562518159522,0.42538132742157514,0.236328125,4.116967797279358,3,1,2,0,0.23963072896003723,-0.027230530977249146,0.30908203125,0.22021484375,0.0,3,1536,0.8448089343119253,0.94140625,0.2851520776748657,-0.013322204351425171,0.94140625,0.0,0,2,0.009736743220122928,0.00048828125
3,0,0.7354264633321173,allpos_kmeans_raw,2.8284270763397217,2048,A06_24_synthetic_common_rare_transformer_moe,0.8660254037802737,0.5597847521001565,1.0,4.114257335662842,2,0,1,3,1.5046547651290894,-6.154903888702393,0.5,0.0,0.33333333333333337,2,1536,0.7611702597209352,1.0,0.15590234100818634,-6.24274206161499,0.6666666865348816,0.0,0,2,0.0008390565258635645,0.0
3,0,0.9934287307893016,allpos_kmeans_common_subtract,1.7679120302200317,2048,A06_24_synthetic_common_rare_transformer_moe,0.6339213399146815,0.013606855985610513,1.99609375,4.161517381668091,3,0,1,2,1.0883502960205078,-4.083860874176025,0.7490234375,0.0,0.6666666666666667,1,1536,0.013696861751521478,0.9986979166666666,-0.7500483989715576,-4.130866050720215,0.3346354067325592,0.0,0,2,0.002270180801505356,0.00048828125
4,0,0.6837029754457847,route_kmeans_raw,3.330043315887451,2048,A06_24_synthetic_common_rare_transformer_moe,0.8051167246483315,0.5204143713920442,1.0,4.0826839208602905,1,3,0,2,2.143139600753784,-10.40333080291748,0.5,0.08984375,0.33333333333333337,2,1536,0.7611702597209352,1.0,2.8411929607391357,-10.4821195602417,0.6666666865348816,0.0,0,2,0.1431705294254133,0.0
4,0,0.6368979998605808,route_kmeans_residual_input,4.0,2048,A06_24_synthetic_common_rare_transformer_moe,0.9999999999942291,0.6368979998588417,0.0,4.1691813468933105,3,0,1,2,10.802518844604492,4.477524757385254,0.25,0.25,0.0,3,1536,0.9999999999972693,1.0,12.867168426513672,10.630509376525879,1.0,0.0,0,2,0.0011660424915207418,0.0
4,0,0.6368979998605808,oracle_raw,4.0,2048,A06_24_synthetic_common_rare_transformer_moe,0.9999999999942291,0.6368979998588417,0.0,4.075097322463989,0,1,2,3,12.011609077453613,11.168363571166992,0.25,0.25,0.0,3,1536,0.9999999999972693,1.0,12.143959999084473,11.147721290588379,1.0,0.0,0,2,0.0011660424915207414,0.0
4,0,0.6368979998605808,oracle_residual_input,4.0,2048,A06_24_synthetic_common_rare_transformer_moe,0.9999999999942291,0.6368979998588417,0.0,4.075535893440247,0,1,2,3,10.802518844604492,4.477524757385254,0.25,0.25,0.0,3,1536,0.9999999999972693,1.0,12.867168426513672,10.630509376525879,1.0,0.0,0,2,0.0011660424915207414,0.0
4,0,0.7203970562802254,random_raw,2.955169200897217,2048,A06_24_synthetic_common_rare_transformer_moe,0.7460342655244617,0.40123660792949656,0.966796875,4.2584967613220215,3,1,0,2,0.07185754179954529,-0.5640148520469666,0.48876953125,0.00830078125,0.33333333333333337,2,1536,0.5569659182136087,0.9563802083333334,-0.033135153353214264,-0.5786657929420471,0.6432291865348816,0.0,1,2,0.00980707527432749,0.0
4,0,0.721235276906473,random_common_subtract,2.947740077972412,2048,A06_24_synthetic_common_rare_transformer_moe,0.7370441397244339,0.3840470193106568,0.98046875,4.25653874874115,3,1,0,2,0.10165850073099136,-0.4770582914352417,0.4716796875,0.0048828125,0.33333333333333337,2,1536,0.5324850733285174,0.9453125,-0.004858790431171656,-0.49182161688804626,0.6399739384651184,0.0,1,2,0.007991446722084513,0.0
2,0,0.3455920299437227,allpos_kmeans_raw,2.0,2048,A06_24_synthetic_common_rare_transformer_moe,0.7071067811845071,0.2630543751897486,1.0,4.23853600025177,0,2,1,3,-1.0013813972473145,-9.582559585571289,0.5,0.0,0.33333333333333337,2,1536,0.7611702597209352,1.0,1.7564066648483276,-1.6251248121261597,0.6666666865348816,0.0,1,2,9.913307576350523e-05,0.0
2,0,0.15415933839538165,allpos_kmeans_common_subtract,1.7650152444839478,2048,A06_24_synthetic_common_rare_transformer_moe,0.6109588595876401,0.11143562906323216,1.978515625,4.275582551956177,0,1,2,3,0.4533948004245758,-5.049091815948486,0.74462890625,0.0,0.33333333333333337,2,1536,0.7228600629916208,0.9928385416666666,2.1880316734313965,-1.2324104309082031,0.6666666865348816,0.0,1,2,2.870073375932014e-05,0.0
4,0,0.7006277127940169,route_kmeans_raw,3.1442246437072754,2048,A06_24_synthetic_common_rare_transformer_moe,0.8250470007897472,0.5332969781151067,1.0,4.26898729801178,2,1,0,3,2.511781692504883,-10.554574966430664,0.5,0.03759765625,0.33333333333333337,2,1536,0.7611702597209352,1.0,3.2449448108673096,-10.622529983520508,0.6666666865348816,0.0,1,2,0.044751923402904105,0.0
4,0,0.6368979998605808,route_kmeans_residual_input,4.0,2048,A06_24_synthetic_common_rare_transformer_moe,0.9999999999942291,0.6368979998588417,0.0,4.246594429016113,1,0,3,2,10.855239868164062,4.422194004058838,0.25,0.25,0.0,3,1536,0.9999999999972693,1.0,12.940596580505371,11.436461448669434,1.0,0.0,1,2,0.0003962733206315049,0.0
4,0,0.6368979998605808,oracle_raw,4.0,2048,A06_24_synthetic_common_rare_transformer_moe,0.9999999999942291,0.6368979998588417,0.0,4.260193109512329,0,1,2,3,12.283601760864258,10.510698318481445,0.25,0.25,0.0,3,1536,0.9999999999972693,1.0,12.811314582824707,11.065787315368652,1.0,0.0,1,2,0.0003962733206315042,0.0
4,0,0.6368979998605808,oracle_residual_input,4.0,2048,A06_24_synthetic_common_rare_transformer_moe,0.9999999999942291,0.6368979998588417,0.0,4.260208606719971,0,1,2,3,10.855239868164062,4.422194004058838,0.25,0.25,0.0,3,1536,0.9999999999972693,1.0,12.940596580505371,11.436461448669434,1.0,0.0,1,2,0.0003962733206315042,0.0
4,0,0.4299347056706213,random_raw,3.8894083499908447,2048,A06_24_synthetic_common_rare_transformer_moe,0.8696291667585097,0.42659952708857113,0.333984375,4.1779409646987915,0,2,1,3,0.3550625145435333,-0.04777246713638306,0.33349609375,0.16748046875,0.0,3,1536,0.9922425927982532,0.9986979166666666,0.4627818167209625,0.1948409080505371,0.9986979365348816,0.0,2,2,0.009052528386432349,0.0
4,0,0.4558311420602319,random_common_subtract,3.9296717643737793,2048,A06_24_synthetic_common_rare_transformer_moe,0.88595207508674,0.45387587270293095,0.265625,4.177605390548706,0,2,1,3,0.3787493407726288,-0.029664933681488037,0.31591796875,0.18359375,0.0,3,1536,0.9957105402047266,0.9993489583333334,0.48848414421081543,0.18161886930465698,0.9993489384651184,0.0,2,2,0.00967809981150423,0.0
2,0,0.3455920299437226,allpos_kmeans_raw,2.0,2048,A06_24_synthetic_common_rare_transformer_moe,0.7071067811845071,0.26305437518974856,1.0,4.079508423805237,0,1,3,2,-1.4685801267623901,-6.02069091796875,0.5,0.0,0.33333333333333337,2,1536,0.7611702597209352,1.0,-0.053071144968271255,-3.1493048667907715,0.6666666865348816,0.0,2,2,0.0005925858651369396,0.0
3,0,0.6603040274252637,allpos_kmeans_common_subtract,2.8546230792999268,2048,A06_24_synthetic_common_rare_transformer_moe,0.8199469281589938,0.475968543109961,1.0,4.121388792991638,0,2,3,1,1.5937765836715698,-1.4029995203018188,0.48583984375,0.0,0.33333333333333337,2,1536,0.7208324095279478,0.9811197916666666,0.6190264821052551,-1.4738576412200928,0.6640625,0.0,2,2,0.0018716685401374653,0.0
4,0,0.6368979998605808,route_kmeans_raw,4.0,2048,A06_24_synthetic_common_rare_transformer_moe,0.9999999999942291,0.6368979998588417,0.0,4.228830337524414,3,0,1,2,12.417526245117188,11.527259826660156,0.25,0.25,0.0,3,1536,0.9999999999972693,1.0,12.636914253234863,11.735893249511719,1.0,0.0,2,2,0.0017180309921218597,0.0
4,0,0.6368979998605808,route_kmeans_residual_input,4.0,2048,A06_24_synthetic_common_rare_transformer_moe,0.9999999999942291,0.6368979998588417,0.0,4.048411965370178,0,3,2,1,11.585355758666992,4.483785629272461,0.25,0.25,0.0,3,1536,0.9999999999972693,1.0,13.897530555725098,11.293498992919922,1.0,0.0,2,2,0.0017180309921218592,0.0
4,0,0.6368979998605808,oracle_raw,4.0,2048,A06_24_synthetic_common_rare_transformer_moe,0.9999999999942291,0.6368979998588417,0.0,4.034021854400635,0,1,2,3,12.417526245117188,11.527259826660156,0.25,0.25,0.0,3,1536,0.9999999999972693,1.0,12.636914253234863,11.735893249511719,1.0,0.0,2,2,0.0017180309921218592,0.0
4,0,0.6368979998605808,oracle_residual_input,4.0,2048,A06_24_synthetic_common_rare_transformer_moe,0.9999999999942291,0.6368979998588417,0.0,4.035293459892273,0,1,2,3,11.585355758666992,4.483785629272461,0.25,0.25,0.0,3,1536,0.9999999999972693,1.0,13.897530555725098,11.293498992919922,1.0,0.0,2,2,0.0017180309921218592,0.0
4,0,0.34074864290616813,random_raw,3.6238954067230225,2048,A06_24_synthetic_common_rare_transformer_moe,0.8337534676780834,0.33943501292425177,0.609375,4.045192837715149,1,0,2,3,0.18812976777553558,-0.11427903175354004,0.40234375,0.0986328125,0.0,3,1536,0.9961448709796384,0.9986979166666666,0.259800523519516,0.12378442287445068,0.9986979365348816,0.0,3,2,0.0012398571380871416,0.0
4,0,0.24626919137814604,random_common_subtract,2.727393388748169,2048,A06_24_synthetic_common_rare_transformer_moe,0.7449330371383487,0.20800669892037893,1.189453125,4.0566617250442505,1,0,2,3,0.07997089624404907,-0.4435802102088928,0.54736328125,0.00048828125,0.0,3,1536,0.8446314285451358,0.9361979166666666,0.22523534297943115,-0.018748462200164795,0.9361979365348816,0.0,3,2,0.0005965091548521556,0.0
3,0,0.2857734695183637,allpos_kmeans_raw,2.8368921279907227,2048,A06_24_synthetic_common_rare_transformer_moe,0.848875464945874,0.27808977711705546,1.0,4.113063216209412,1,0,2,3,1.5734683275222778,-2.6042051315307617,0.49560546875,0.0,0.0,3,1536,0.9731126461310137,0.994140625,0.41411375999450684,-2.6812338829040527,0.6666666865348816,0.0,3,2,0.0008802935501051461,0.0
4,0,0.28222107080642445,allpos_kmeans_common_subtract,2.8648054599761963,2048,A06_24_synthetic_common_rare_transformer_moe,0.8618755357937784,0.2802850379411732,0.9921875,4.01347428560257,2,1,3,0,3.174419403076172,-1.0044660568237305,0.498046875,0.001953125,0.0,3,1536,0.9931400130411271,0.9973958333333334,2.146197557449341,-1.0504515171051025,0.6692708134651184,0.0,3,2,0.0006424783574994181,0.0
4,0,0.6368979998605808,route_kmeans_raw,4.0,2048,A06_24_synthetic_common_rare_transformer_moe,0.9999999999942291,0.6368979998588417,0.0,4.0911043882369995,2,1,3,0,12.790242195129395,11.959457397460938,0.25,0.25,0.0,3,1536,0.9999999999972693,1.0,12.784333229064941,11.916065216064453,1.0,0.0,3,2,0.0009683417114386358,0.0
4,0,0.6368979998605808,route_kmeans_residual_input,4.0,2048,A06_24_synthetic_common_rare_transformer_moe,0.9999999999942291,0.6368979998588417,0.0,4.057408809661865,2,0,3,1,11.595434188842773,4.65371036529541,0.25,0.25,0.0,3,1536,0.9999999999972693,1.0,13.833438873291016,11.788424491882324,1.0,0.0,3,2,0.0009683417114386358,0.0
4,0,0.6368979998605808,oracle_raw,4.0,2048,A06_24_synthetic_common_rare_transformer_moe,0.9999999999942291,0.6368979998588417,0.0,4.154003739356995,0,1,2,3,12.790242195129395,11.959457397460938,0.25,0.25,0.0,3,1536,0.9999999999972693,1.0,12.784333229064941,11.916065216064453,1.0,0.0,3,2,0.0009683417114386358,0.0
4,0,0.6368979998605808,oracle_residual_input,4.0,2048,A06_24_synthetic_common_rare_transformer_moe,0.9999999999942291,0.6368979998588417,0.0,4.15401566028595,0,1,2,3,11.595434188842773,4.65371036529541,0.25,0.25,0.0,3,1536,0.9999999999972693,1.0,13.833438873291016,11.788424491882324,1.0,0.0,3,2,0.0009683417114386358,0.0
3,0,0.14350805490353127,random_raw,2.0676352977752686,2048,A06_24_synthetic_common_rare_transformer_moe,0.5340390093302362,0.08957909958677288,1.765625,3.681527554988861,1,3,2,0,0.13319166004657745,-0.4214041829109192,0.69140625,0.0,0.33333333333333337,2,1536,0.6242095584599037,0.9270833333333334,0.07194971293210983,-0.43129193782806396,0.3795572817325592,0.0,4,2,0.020661165732756358,0.0
4,0,0.17476978358217263,random_common_subtract,2.7808332443237305,2048,A06_24_synthetic_common_rare_transformer_moe,0.5182155931775685,0.10066001152790192,1.34375,3.6809446215629578,1,3,2,0,0.20662237703800201,-0.17784713208675385,0.5859375,0.04443359375,0.33333333333333337,2,1536,0.5759577511897185,0.7903645833333334,0.18207532167434692,-0.19176951050758362,0.4993489682674408,0.0,4,2,0.026020081568454232,0.0
4,0,0.6783624303601782,allpos_kmeans_raw,3.3939733505249023,2048,A06_24_synthetic_common_rare_transformer_moe,0.8226465300337554,0.4677796913826489,0.765625,3.700667440891266,1,2,0,3,2.561523675918579,-0.6120087504386902,0.4384765625,0.05859375,0.33333333333333337,2,1536,0.6895719315326472,0.91796875,1.1140098571777344,-0.6997663378715515,0.7447916865348816,0.0,4,2,0.0018113085519465722,0.0
4,0,0.7175671003529652,allpos_kmeans_common_subtract,2.9805848598480225,2048,A06_24_synthetic_common_rare_transformer_moe,0.7876835500558105,0.4418888949737014,0.974609375,3.7203407883644104,1,3,0,2,2.3711814880371094,-1.3797085285186768,0.46240234375,0.00634765625,0.33333333333333337,2,1536,0.6158154335062741,0.9498697916666666,1.7471402883529663,-1.4518221616744995,0.6751301884651184,0.0,4,2,0.011655346035639157,0.0
4,0,0.6368979998605808,route_kmeans_raw,4.0,2048,A06_24_synthetic_common_rare_transformer_moe,0.9999999999942291,0.6368979998588417,0.0,3.6491470336914062,2,3,1,0,12.81818962097168,12.236053466796875,0.25,0.25,0.0,3,1536,0.9999999999972693,1.0,12.682483673095703,12.209413528442383,1.0,0.0,4,2,9.337614615119539e-05,0.0
4,0,0.6368979998605808,route_kmeans_residual_input,4.0,2048,A06_24_synthetic_common_rare_transformer_moe,0.9999999999942291,0.6368979998588417,0.0,3.7398361563682556,0,2,3,1,11.229317665100098,4.610540390014648,0.25,0.25,0.0,3,1536,0.9999999999972693,1.0,13.36245059967041,12.399426460266113,1.0,0.0,4,2,9.337614615119557e-05,0.0
4,0,0.6368979998605808,oracle_raw,4.0,2048,A06_24_synthetic_common_rare_transformer_moe,0.9999999999942291,0.6368979998588417,0.0,3.6823253631591797,0,1,2,3,12.81818962097168,12.236053466796875,0.25,0.25,0.0,3,1536,0.9999999999972693,1.0,12.682483673095703,12.209413528442383,1.0,0.0,4,2,9.337614615119535e-05,0.0
4,0,0.6368979998605808,oracle_residual_input,4.0,2048,A06_24_synthetic_common_rare_transformer_moe,0.9999999999942291,0.6368979998588417,0.0,3.6825016736984253,0,1,2,3,11.229317665100098,4.610540390014648,0.25,0.25,0.0,3,1536,0.9999999999972693,1.0,13.36245059967041,12.399426460266113,1.0,0.0,4,2,9.337614615119535e-05,0.0
4,0,0.613454032477996,random_raw,3.255976676940918,2048,A06_24_synthetic_common_rare_transformer_moe,0.763880505884823,0.4669429652281313,1.01953125,3.5479463934898376,2,0,3,1,0.040271930396556854,-1.201722502708435,0.5048828125,0.07080078125,0.33333333333333337,2,1536,0.7611702597209352,1.0,0.03976968303322792,-1.2186263799667358,0.6666666865348816,0.0,5,2,0.02758235320431411,0.0
4,0,0.5260357242220768,random_common_subtract,2.909581184387207,2048,A06_24_synthetic_common_rare_transformer_moe,0.7273634642520279,0.40040274882860843,1.119140625,3.547715961933136,2,0,3,1,-0.012404493987560272,-1.4183666706085205,0.52978515625,0.0146484375,0.33333333333333337,2,1536,0.7611702597209352,1.0,-0.05103876814246178,-1.435271978378296,0.6666666865348816,0.0,5,2,0.017922338644431657,0.0
3,0,0.28217471084448587,allpos_kmeans_raw,2.8284270763397217,2048,A06_24_synthetic_common_rare_transformer_moe,0.8660254037802737,0.2821747108437153,1.0,3.5683465003967285,1,3,0,2,2.253661870956421,-2.658317804336548,0.5,0.0,0.0,3,1536,0.9999999999972693,1.0,0.43013110756874084,-2.7286999225616455,0.6666666865348816,0.0,5,2,0.0018930899715149435,0.0
4,0,0.3735168873474282,allpos_kmeans_common_subtract,3.301175117492676,2048,A06_24_synthetic_common_rare_transformer_moe,0.729675632465629,0.27628751620529085,0.86328125,3.5605304837226868,1,3,2,0,2.866119146347046,-0.9095102548599243,0.3916015625,0.0341796875,0.0,3,1536,0.7396921680499573,0.8502604166666666,0.6547987461090088,-0.960975170135498,0.7018229365348816,0.0,5,2,0.030302534552706466,0.0
4,0,0.6368979998605808,route_kmeans_raw,4.0,2048,A06_24_synthetic_common_rare_transformer_moe,0.9999999999942291,0.6368979998588417,0.0,3.6185460686683655,0,3,1,2,12.819625854492188,11.541316986083984,0.25,0.25,0.0,3,1536,0.9999999999972693,1.0,13.039104461669922,11.548234939575195,1.0,0.0,5,2,0.0020874847335493395,0.0
4,0,0.6368979998605808,route_kmeans_residual_input,4.0,2048,A06_24_synthetic_common_rare_transformer_moe,0.9999999999942291,0.6368979998588417,0.0,3.5531699657440186,1,0,2,3,11.408487319946289,4.255982875823975,0.25,0.25,0.0,3,1536,0.9999999999972693,1.0,13.712285041809082,12.917491912841797,1.0,0.0,5,2,0.0020874847335493395,0.0
4,0,0.6368979998605808,oracle_raw,4.0,2048,A06_24_synthetic_common_rare_transformer_moe,0.9999999999942291,0.6368979998588417,0.0,3.53942734003067,0,1,2,3,12.819625854492188,11.541316986083984,0.25,0.25,0.0,3,1536,0.9999999999972693,1.0,13.039104461669922,11.548234939575195,1.0,0.0,5,2,0.0020874847335493395,0.0
4,0,0.6368979998605808,oracle_residual_input,4.0,2048,A06_24_synthetic_common_rare_transformer_moe,0.9999999999942291,0.6368979998588417,0.0,3.538780927658081,0,1,2,3,11.408487319946289,4.255982875823975,0.25,0.25,0.0,3,1536,0.9999999999972693,1.0,13.712285041809082,12.917491912841797,1.0,0.0,5,2,0.0020874847335493395,0.0
3,0,0.17168462099976342,random_raw,1.8967766761779785,2048,A06_24_synthetic_common_rare_transformer_moe,0.6161013593184855,0.13068122755648026,1.935546875,3.629755973815918,2,1,3,0,0.6167415380477905,-0.7959994673728943,0.73388671875,0.0,0.33333333333333337,2,1536,0.7611702597209352,1.0,0.8982215523719788,-0.8195885419845581,0.6666666865348816,0.0,6,2,0.00887960126499955,0.01708984375
3,0,0.16696193793621292,random_common_subtract,1.8714332580566406,2048,A06_24_synthetic_common_rare_transformer_moe,0.6185030653005968,0.12708646166241785,1.94921875,3.6310872435569763,2,1,3,0,0.6625005602836609,-0.6545897722244263,0.7373046875,0.0,0.33333333333333337,2,1536,0.7611702597209352,1.0,0.9660322070121765,-0.6772356033325195,0.6666666865348816,0.0,6,2,0.009358408377730958,0.01513671875
4,0,0.5201658368715674,allpos_kmeans_raw,3.6531312465667725,2048,A06_24_synthetic_common_rare_transformer_moe,0.7600571560045195,0.3568221466053319,0.625,3.6694499850273132,1,2,0,3,2.958686113357544,-0.5287528038024902,0.365234375,0.09375,0.33333333333333337,2,1536,0.6859776657985976,0.8203125,1.0894246101379395,-0.5679206848144531,0.7369791865348816,0.0,6,2,0.046237526397281334,0.00146484375
3,0,0.7354264633321173,allpos_kmeans_common_subtract,2.8284270763397217,2048,A06_24_synthetic_common_rare_transformer_moe,0.8660254037802737,0.5597847521001565,1.0,3.6492289304733276,1,0,2,3,0.778878390789032,-5.335529804229736,0.5,0.0,0.33333333333333337,2,1536,0.7611702597209352,1.0,-0.7484051585197449,-5.396483898162842,0.6666666865348816,0.0,6,2,0.00022779665472456346,0.00048828125
4,0,0.6368979998605808,route_kmeans_raw,4.0,2048,A06_24_synthetic_common_rare_transformer_moe,0.9999999999942291,0.6368979998588417,0.0,3.592734158039093,2,0,3,1,12.159836769104004,11.387871742248535,0.25,0.25,0.0,3,1536,0.9999999999972693,1.0,12.26816177368164,11.378524780273438,1.0,0.0,6,2,0.0007541349343476784,0.00048828125
4,0,0.6368979998605808,route_kmeans_residual_input,4.0,2048,A06_24_synthetic_common_rare_transformer_moe,0.9999999999942291,0.6368979998588417,0.0,3.592865288257599,2,0,3,1,10.890301704406738,4.537418365478516,0.25,0.25,0.0,3,1536,0.9999999999972693,1.0,12.949478149414062,11.106287002563477,1.0,0.0,6,2,0.0007541349343476784,0.00048828125
4,0,0.6368979998605808,oracle_raw,4.0,2048,A06_24_synthetic_common_rare_transformer_moe,0.9999999999942291,0.6368979998588417,0.0,3.699537992477417,0,1,2,3,12.159836769104004,11.387871742248535,0.25,0.25,0.0,3,1536,0.9999999999972693,1.0,12.26816177368164,11.378524780273438,1.0,0.0,6,2,0.0007541349343476785,0.0
4,0,0.6368979998605808,oracle_residual_input,4.0,2048,A06_24_synthetic_common_rare_transformer_moe,0.9999999999942291,0.6368979998588417,0.0,3.699822187423706,0,1,2,3,10.890301704406738,4.537418365478516,0.25,0.25,0.0,3,1536,0.9999999999972693,1.0,12.949478149414062,11.106287002563477,1.0,0.0,6,2,0.0007541349343476785,0.0
4,0,0.3575670722721415,random_raw,3.8901095390319824,2048,A06_24_synthetic_common_rare_transformer_moe,0.8281579597186671,0.3465891387874343,0.357421875,3.8658427596092224,0,3,2,1,0.3903023600578308,-0.07583102583885193,0.33935546875,0.17333984375,0.0,3,1536,0.9692982538494149,0.9817708333333334,0.4991309642791748,0.11418318748474121,0.9817708134651184,0.0,7,2,0.007755256018916955,0.0
4,0,0.26936035919130685,random_common_subtract,3.1999289989471436,2048,A06_24_synthetic_common_rare_transformer_moe,0.8204346440157713,0.2671437168811031,0.865234375,3.8743226528167725,0,3,2,1,0.41022780537605286,-0.31672602891921997,0.46630859375,0.03369140625,0.0,3,1536,0.9917707181678155,0.9967447916666666,0.6112328171730042,0.29298025369644165,0.9967448115348816,0.0,7,2,0.0267071679807903,0.0
4,0,0.27444367286592214,allpos_kmeans_raw,2.970780611038208,2048,A06_24_synthetic_common_rare_transformer_moe,0.8010951130368407,0.24883789820668792,1.005859375,3.859323740005493,3,2,1,0,2.242922782897949,-0.8164166212081909,0.50146484375,0.0126953125,0.0,3,1536,0.9066993441975113,0.9641927083333334,0.7561848163604736,-0.8739936351776123,0.6647135615348816,0.0,7,2,0.0010316429959010482,0.0
4,0,0.7340606903775545,allpos_kmeans_common_subtract,2.8394017219543457,2048,A06_24_synthetic_common_rare_transformer_moe,0.8646986775030745,0.5568874056059326,0.998046875,3.8369165658950806,0,3,2,1,1.359797477722168,-1.6273078918457031,0.49951171875,0.00048828125,0.33333333333333337,2,1536,0.7586394597965802,0.9993489583333334,0.610286295413971,-1.6901278495788574,0.6673176884651184,0.0,7,2,0.0013680574732150394,0.0
4,0,0.6368979998605808,route_kmeans_raw,4.0,2048,A06_24_synthetic_common_rare_transformer_moe,0.9999999999942291,0.6368979998588417,0.0,3.9537171125411987,1,0,2,3,12.223372459411621,11.329352378845215,0.25,0.25,0.0,3,1536,0.9999999999972693,1.0,12.252188682556152,11.270421028137207,1.0,0.0,7,2,0.0011337733340524255,0.0
4,0,0.6368979998605808,route_kmeans_residual_input,4.0,2048,A06_24_synthetic_common_rare_transformer_moe,0.9999999999942291,0.6368979998588417,0.0,3.9050893783569336,1,3,2,0,10.70376968383789,4.300214767456055,0.25,0.25,0.0,3,1536,0.9999999999972693,1.0,12.76640796661377,11.310558319091797,1.0,0.0,7,2,0.0011337733340524257,0.0
4,0,0.6368979998605808,oracle_raw,4.0,2048,A06_24_synthetic_common_rare_transformer_moe,0.9999999999942291,0.6368979998588417,0.0,3.9265867471694946,0,1,2,3,12.223372459411621,11.329352378845215,0.25,0.25,0.0,3,1536,0.9999999999972693,1.0,12.252188682556152,11.270421028137207,1.0,0.0,7,2,0.0011337733340524255,0.0
4,0,0.6368979998605808,oracle_residual_input,4.0,2048,A06_24_synthetic_common_rare_transformer_moe,0.9999999999942291,0.6368979998588417,0.0,3.9272053837776184,0,1,2,3,10.70376968383789,4.300214767456055,0.25,0.25,0.0,3,1536,0.9999999999972693,1.0,12.76640796661377,11.310558319091797,1.0,0.0,7,2,0.0011337733340524255,0.0
4,0,0.29846530264144355,random_raw,3.7636568546295166,2048,A06_24_synthetic_common_rare_transformer_moe,0.6952984067278675,0.24973253737703074,0.5234375,4.110995650291443,3,1,2,0,0.20182642340660095,-0.08316484093666077,0.34375,0.119140625,0.0,3,1536,0.836722175632733,0.9303385416666666,0.27152982354164124,-0.02073463797569275,0.9303385615348816,0.0,0,4,0.027861189873469475,0.0
4,0,0.5081338635984306,random_common_subtract,3.946098566055298,2048,A06_24_synthetic_common_rare_transformer_moe,0.8206715333766356,0.4256462021397335,0.2734375,4.121663212776184,3,1,2,0,0.23580485582351685,-0.02565133571624756,0.318359375,0.2119140625,0.0,3,1536,0.8376654905962228,0.9309895833333334,0.28541627526283264,-0.018926382064819336,0.9309895634651184,0.0,0,4,0.014768209173942812,0.0
3,0,0.28217471084448587,allpos_kmeans_raw,2.8284270763397217,2048,A06_24_synthetic_common_rare_transformer_moe,0.8660254037802737,0.2821747108437153,1.0,4.048678696155548,1,2,0,3,2.349492073059082,-4.856057643890381,0.5,0.0,0.0,3,1536,0.9999999999972693,1.0,-0.8798627257347107,-4.887522220611572,0.6666666865348816,0.0,0,4,0.000809984543707113,0.00048828125
3,0,0.944297797413543,allpos_kmeans_common_subtract,1.8788009881973267,2048,A06_24_synthetic_common_rare_transformer_moe,0.6177586970132394,0.060806085853334406,1.9453125,4.166943788528442,3,0,1,2,1.8224066495895386,-5.667361259460449,0.736328125,0.0,0.6666666666666667,1,1536,0.0643929129347584,0.9817708333333334,-1.2050013542175293,-5.698397159576416,0.3515625,0.0,0,4,0.006735753924667681,0.0
4,0,0.6837029754457847,route_kmeans_raw,3.330043315887451,2048,A06_24_synthetic_common_rare_transformer_moe,0.8051167246483315,0.5204143713920442,1.0,4.086511850357056,1,3,0,2,2.19720721244812,-10.118194580078125,0.5,0.08984375,0.33333333333333337,2,1536,0.7611702597209352,1.0,2.907658576965332,-10.195938110351562,0.6666666865348816,0.0,0,4,0.1431705294254133,0.0
4,0,0.6368979998605808,route_kmeans_residual_input,4.0,2048,A06_24_synthetic_common_rare_transformer_moe,0.9999999999942291,0.6368979998588417,0.0,4.175120949745178,3,0,1,2,10.910162925720215,4.528562545776367,0.25,0.25,0.0,3,1536,0.9999999999972693,1.0,12.99866008758545,10.802664756774902,1.0,0.0,0,4,0.0011660424915207418,0.0
4,0,0.6368979998605808,oracle_raw,4.0,2048,A06_24_synthetic_common_rare_transformer_moe,0.9999999999942291,0.6368979998588417,0.0,4.084558367729187,0,1,2,3,12.095723152160645,11.320893287658691,0.25,0.25,0.0,3,1536,0.9999999999972693,1.0,12.230560302734375,11.29463005065918,1.0,0.0,0,4,0.0011660424915207414,0.0
4,0,0.6368979998605808,oracle_residual_input,4.0,2048,A06_24_synthetic_common_rare_transformer_moe,0.9999999999942291,0.6368979998588417,0.0,4.084980607032776,0,1,2,3,10.910162925720215,4.528562545776367,0.25,0.25,0.0,3,1536,0.9999999999972693,1.0,12.99866008758545,10.802664756774902,1.0,0.0,0,4,0.0011660424915207414,0.0
4,0,0.7043540598189472,random_raw,3.106442928314209,2048,A06_24_synthetic_common_rare_transformer_moe,0.7317353672453897,0.3893898222050648,0.91796875,4.245100736618042,3,1,0,2,0.05013395845890045,-0.5264875292778015,0.46044921875,0.0205078125,0.33333333333333337,2,1536,0.552832509129225,0.9381510416666666,-0.03381723538041115,-0.545015275478363,0.6575520634651184,0.0,1,4,0.030213829341736213,0.0
4,0,0.705902876836397,random_common_subtract,3.0910465717315674,2048,A06_24_synthetic_common_rare_transformer_moe,0.7108892262911288,0.357158931463988,0.935546875,4.243558287620544,3,1,0,2,0.07010667771100998,-0.48542436957359314,0.44580078125,0.01611328125,0.33333333333333337,2,1536,0.5059604418452663,0.9186197916666666,-0.019996991381049156,-0.5019477605819702,0.650390625,0.0,1,4,0.03018722934382129,0.0
2,0,0.3455920299437226,allpos_kmeans_raw,2.0,2048,A06_24_synthetic_common_rare_transformer_moe,0.7071067811845071,0.26305437518974856,1.0,4.230287671089172,1,0,3,2,-5.291197776794434,-18.509868621826172,0.5,0.0,0.33333333333333337,2,1536,0.7611702597209352,1.0,-0.9614408612251282,-6.092764854431152,0.6666666865348816,0.0,1,4,9.913307576350523e-05,0.0
2,0,0.3455920299437227,allpos_kmeans_common_subtract,2.0,2048,A06_24_synthetic_common_rare_transformer_moe,0.7071067811845071,0.2630543751897486,1.0,4.251184463500977,0,1,2,3,2.6199724674224854,-4.6931867599487305,0.5,0.0,0.33333333333333337,2,1536,0.7611702597209352,1.0,-2.1001126766204834,-4.7833123207092285,0.3333333432674408,0.0,1,4,9.913307576350523e-05,0.0
4,0,0.6871581517626687,route_kmeans_raw,3.290099620819092,2048,A06_24_synthetic_common_rare_transformer_moe,0.8091854801448517,0.5230443488465484,1.0,4.251163363456726,3,0,1,2,2.451298475265503,-10.865482330322266,0.5,0.0732421875,0.33333333333333337,2,1536,0.7611702597209352,1.0,3.166492223739624,-10.926947593688965,0.6666666865348816,0.0,1,4,0.11000397276272786,0.0
4,0,0.6368979998605808,route_kmeans_residual_input,4.0,2048,A06_24_synthetic_common_rare_transformer_moe,0.9999999999942291,0.6368979998588417,0.0,4.233845353126526,1,0,3,2,10.774247169494629,4.460708141326904,0.25,0.25,0.0,3,1536,0.9999999999972693,1.0,12.825016975402832,11.461329460144043,1.0,0.0,1,4,0.0003962733206315049,0.0
4,0,0.6368979998605808,oracle_raw,4.0,2048,A06_24_synthetic_common_rare_transformer_moe,0.9999999999942291,0.6368979998588417,0.0,4.248057723045349,0,1,2,3,12.204054832458496,10.490840911865234,0.25,0.25,0.0,3,1536,0.9999999999972693,1.0,12.721244812011719,11.158007621765137,1.0,0.0,1,4,0.0003962733206315042,0.0
4,0,0.6368979998605808,oracle_residual_input,4.0,2048,A06_24_synthetic_common_rare_transformer_moe,0.9999999999942291,0.6368979998588417,0.0,4.248076915740967,0,1,2,3,10.774247169494629,4.460708141326904,0.25,0.25,0.0,3,1536,0.9999999999972693,1.0,12.825016975402832,11.461329460144043,1.0,0.0,1,4,0.0003962733206315042,0.0
4,0,0.3944795275467874,random_raw,3.808527946472168,2048,A06_24_synthetic_common_rare_transformer_moe,0.8564069126262054,0.3944795275457102,0.435546875,4.184688687324524,0,2,1,3,0.3463059365749359,-0.06323188543319702,0.35888671875,0.14111328125,0.0,3,1536,0.9999999999972693,1.0,0.4588939845561981,0.21709692478179932,1.0,0.0,2,4,0.01233392171531019,0.0
4,0,0.4442150091656793,random_common_subtract,3.9146039485931396,2048,A06_24_synthetic_common_rare_transformer_moe,0.873646178943489,0.43805292848765176,0.294921875,4.183495283126831,0,2,1,3,0.38306617736816406,-0.029559791088104248,0.32177734375,0.17626953125,0.0,3,1536,0.986128157421783,0.9973958333333334,0.4966447651386261,0.13668356835842133,0.9973958134651184,0.0,2,4,0.010725946677680082,0.0
3,0,0.7308039391292516,allpos_kmeans_raw,2.8284244537353516,2048,A06_24_synthetic_common_rare_transformer_moe,0.8630815097243432,0.5542186963379625,1.0,4.209860801696777,2,1,0,3,3.310947895050049,-2.7174882888793945,0.5,0.0,0.33333333333333337,2,1536,0.7583685126250287,0.9993489583333334,0.20936603844165802,-2.7713232040405273,0.666015625,0.0,2,4,0.0006713086706610129,0.0
2,0,0.9825988470763924,allpos_kmeans_common_subtract,1.7575815916061401,2048,A06_24_synthetic_common_rare_transformer_moe,0.6276385712567226,0.016949122028545763,1.994140625,4.159787654876709,1,0,3,2,2.013880729675293,-2.950554370880127,0.74853515625,0.0,0.6666666666666667,1,1536,0.017249279376803553,0.998046875,-1.2612441778182983,-2.997987747192383,0.3333333432674408,0.0,2,4,3.821975339056169e-05,0.0
4,0,0.6368979998605808,route_kmeans_raw,4.0,2048,A06_24_synthetic_common_rare_transformer_moe,0.9999999999942291,0.6368979998588417,0.0,4.238759756088257,3,0,1,2,12.45600700378418,11.601062774658203,0.25,0.25,0.0,3,1536,0.9999999999972693,1.0,12.678071022033691,11.77893352508545,1.0,0.0,2,4,0.0017180309921218597,0.0
4,0,0.6368979998605808,route_kmeans_residual_input,4.0,2048,A06_24_synthetic_common_rare_transformer_moe,0.9999999999942291,0.6368979998588417,0.0,4.1130980253219604,1,3,2,0,11.647795677185059,4.534130573272705,0.25,0.25,0.0,3,1536,0.9999999999972693,1.0,13.968655586242676,11.326546669006348,1.0,0.0,2,4,0.0017180309921218592,0.0
4,0,0.6368979998605808,oracle_raw,4.0,2048,A06_24_synthetic_common_rare_transformer_moe,0.9999999999942291,0.6368979998588417,0.0,4.040065407752991,0,1,2,3,12.45600700378418,11.601062774658203,0.25,0.25,0.0,3,1536,0.9999999999972693,1.0,12.678071022033691,11.77893352508545,1.0,0.0,2,4,0.0017180309921218592,0.0
4,0,0.6368979998605808,oracle_residual_input,4.0,2048,A06_24_synthetic_common_rare_transformer_moe,0.9999999999942291,0.6368979998588417,0.0,4.041259765625,0,1,2,3,11.647795677185059,4.534130573272705,0.25,0.25,0.0,3,1536,0.9999999999972693,1.0,13.968655586242676,11.326546669006348,1.0,0.0,2,4,0.0017180309921218592,0.0
4,0,0.32991907847120794,random_raw,3.540351629257202,2048,A06_24_synthetic_common_rare_transformer_moe,0.832519099556981,0.32921385468812275,0.669921875,4.023105680942535,1,0,2,3,0.19465290009975433,-0.10362640023231506,0.41748046875,0.0830078125,0.0,3,1536,0.9978624340660955,0.9993489583333334,0.27116453647613525,0.15356051921844482,0.9993489384651184,0.0,3,4,0.002494558012187061,0.0
3,0,0.27824215895920146,random_common_subtract,2.8186683654785156,2048,A06_24_synthetic_common_rare_transformer_moe,0.8445172638336461,0.27010338445572435,1.01953125,4.033196568489075,1,0,2,3,0.11756305396556854,-0.3914368748664856,0.5048828125,0.0,0.0,3,1536,0.9707493122756049,0.9934895833333334,0.2643088400363922,0.10687611997127533,0.9934895634651184,0.0,3,4,0.000665733838020973,0.0
4,0,0.4591031287190715,allpos_kmeans_raw,2.9555156230926514,2048,A06_24_synthetic_common_rare_transformer_moe,0.745532013164066,0.32984030726862335,0.998046875,4.045157432556152,3,0,1,2,4.177125453948975,-1.4994354248046875,0.40380859375,0.00048828125,0.33333333333333337,2,1536,0.7184449127778761,0.8717447916666666,1.3600882291793823,-1.5244938135147095,0.666015625,0.0,3,4,0.006988922998103802,0.0
3,0,0.7354264633321173,allpos_kmeans_common_subtract,2.8284270763397217,2048,A06_24_synthetic_common_rare_transformer_moe,0.8660254037802737,0.5597847521001565,1.0,4.032467007637024,0,2,1,3,3.0607190132141113,-5.308849334716797,0.5,0.0,0.33333333333333337,2,1536,0.7611702597209352,1.0,0.24285416305065155,-5.400786876678467,0.6666666865348816,0.0,3,4,0.0006153997266309639,0.0
4,0,0.6368979998605808,route_kmeans_raw,4.0,2048,A06_24_synthetic_common_rare_transformer_moe,0.9999999999942291,0.6368979998588417,0.0,4.065780758857727,2,1,3,0,12.833454132080078,12.006196022033691,0.25,0.25,0.0,3,1536,0.9999999999972693,1.0,12.815905570983887,11.976698875427246,1.0,0.0,3,4,0.0009683417114386358,0.0
4,0,0.6368979998605808,route_kmeans_residual_input,4.0,2048,A06_24_synthetic_common_rare_transformer_moe,0.9999999999942291,0.6368979998588417,0.0,4.031972825527191,2,0,3,1,11.665525436401367,4.73372745513916,0.25,0.25,0.0,3,1536,0.9999999999972693,1.0,13.91357707977295,11.921590805053711,1.0,0.0,3,4,0.0009683417114386358,0.0
4,0,0.6368979998605808,oracle_raw,4.0,2048,A06_24_synthetic_common_rare_transformer_moe,0.9999999999942291,0.6368979998588417,0.0,4.1323676109313965,0,1,2,3,12.833454132080078,12.006196022033691,0.25,0.25,0.0,3,1536,0.9999999999972693,1.0,12.815905570983887,11.976698875427246,1.0,0.0,3,4,0.0009683417114386358,0.0
4,0,0.6368979998605808,oracle_residual_input,4.0,2048,A06_24_synthetic_common_rare_transformer_moe,0.9999999999942291,0.6368979998588417,0.0,4.13236665725708,0,1,2,3,11.66552734375,4.733733654022217,0.25,0.25,0.0,3,1536,0.9999999999972693,1.0,13.91357707977295,11.921590805053711,1.0,0.0,3,4,0.0009683417114386358,0.0
3,0,0.15985213270369358,random_raw,2.1382954120635986,2048,A06_24_synthetic_common_rare_transformer_moe,0.5415215223446551,0.09903746562528372,1.720703125,3.6640722155570984,1,3,2,0,0.14092788100242615,-0.3900910019874573,0.68017578125,0.0,0.33333333333333337,2,1536,0.6195567362799116,0.9095052083333334,0.09551464766263962,-0.40388041734695435,0.3958333432674408,0.0,4,4,0.029625667252793017,0.0
4,0,0.23739584668822797,random_common_subtract,3.3016114234924316,2048,A06_24_synthetic_common_rare_transformer_moe,0.6074331213720902,0.1557276271421536,0.958984375,3.6621084213256836,1,3,2,0,0.22139325737953186,-0.12294700741767883,0.48974609375,0.07666015625,0.0,3,1536,0.6559829471097308,0.7584635416666666,0.21494324505329132,-0.13421222567558289,0.6451823115348816,0.0,4,4,0.03734997936076114,0.0
3,0,0.44653175685580293,allpos_kmeans_raw,2.6700007915496826,2048,A06_24_synthetic_common_rare_transformer_moe,0.6935319014952315,0.29122656064150365,1.0,3.6737906336784363,1,2,0,3,1.849632740020752,-6.392432689666748,0.5,0.0,0.33333333333333337,2,1536,0.6521967501082986,0.8430989583333334,-1.3551124334335327,-6.485735893249512,0.509765625,0.0,4,4,0.0328262385693181,0.0
3,0,0.7354264633321173,allpos_kmeans_common_subtract,2.8284270763397217,2048,A06_24_synthetic_common_rare_transformer_moe,0.8660254037802737,0.5597847521001565,1.0,3.6965346932411194,1,0,3,2,3.9318337440490723,-3.9117729663848877,0.5,0.0,0.33333333333333337,2,1536,0.7611702597209352,1.0,0.9858465790748596,-3.9851016998291016,0.6666666865348816,0.0,4,4,9.572518274557027e-05,0.0
4,0,0.6368979998605808,route_kmeans_raw,4.0,2048,A06_24_synthetic_common_rare_transformer_moe,0.9999999999942291,0.6368979998588417,0.0,3.6340399980545044,2,3,1,0,12.87134838104248,12.33568000793457,0.25,0.25,0.0,3,1536,0.9999999999972693,1.0,12.735127449035645,12.308775901794434,1.0,0.0,4,4,9.337614615119539e-05,0.0
4,0,0.6368979998605808,route_kmeans_residual_input,4.0,2048,A06_24_synthetic_common_rare_transformer_moe,0.9999999999942291,0.6368979998588417,0.0,3.722683906555176,0,2,3,1,11.317394256591797,4.6509222984313965,0.25,0.25,0.0,3,1536,0.9999999999972693,1.0,13.469218254089355,12.581903457641602,1.0,0.0,4,4,9.337614615119557e-05,0.0
4,0,0.6368979998605808,oracle_raw,4.0,2048,A06_24_synthetic_common_rare_transformer_moe,0.9999999999942291,0.6368979998588417,0.0,3.6643314361572266,0,1,2,3,12.87134838104248,12.33568000793457,0.25,0.25,0.0,3,1536,0.9999999999972693,1.0,12.735127449035645,12.308775901794434,1.0,0.0,4,4,9.337614615119535e-05,0.0
4,0,0.6368979998605808,oracle_residual_input,4.0,2048,A06_24_synthetic_common_rare_transformer_moe,0.9999999999942291,0.6368979998588417,0.0,3.664530038833618,0,1,2,3,11.317394256591797,4.6509222984313965,0.25,0.25,0.0,3,1536,0.9999999999972693,1.0,13.469218254089355,12.581903457641602,1.0,0.0,4,4,9.337614615119535e-05,0.0
4,0,0.6357883969458905,random_raw,3.3424315452575684,2048,A06_24_synthetic_common_rare_transformer_moe,0.7740308076943652,0.48394321923086053,1.00390625,3.5567983984947205,0,1,3,2,0.30616533756256104,-0.7249627113342285,0.5009765625,0.12109375,0.33333333333333337,2,1536,0.7611702597209352,1.0,0.41393008828163147,-0.7785944938659668,0.6666666865348816,0.0,5,4,0.054934873019785745,0.0
4,0,0.5156589818088522,random_common_subtract,2.977656841278076,2048,A06_24_synthetic_common_rare_transformer_moe,0.7165743617481668,0.39250428111087704,1.107421875,3.5561715960502625,2,0,3,1,-0.007708479650318623,-1.3821618556976318,0.52685546875,0.02392578125,0.33333333333333337,2,1536,0.7611702597209352,1.0,-0.036405328661203384,-1.3953511714935303,0.6666666865348816,0.0,5,4,0.02806596214533151,0.0
4,0,0.27456294275628124,allpos_kmeans_raw,2.9986696243286133,2048,A06_24_synthetic_common_rare_transformer_moe,0.8426640454478431,0.2653140653876766,1.0,3.5898768305778503,0,1,3,2,3.452273368835449,-2.540534257888794,0.5,0.015625,0.0,3,1536,0.9663141818201793,0.9791666666666666,0.3619633615016937,-2.6079986095428467,0.6458333134651184,0.0,5,4,0.00956993427969467,0.0
3,0,0.7145475523275061,allpos_kmeans_common_subtract,2.8283300399780273,2048,A06_24_synthetic_common_rare_transformer_moe,0.85273423250135,0.5350335285583373,1.0,3.6142605543136597,1,0,2,3,3.69109845161438,-3.792299270629883,0.5,0.0,0.33333333333333337,2,1536,0.7487724600211207,0.99609375,-0.6372328400611877,-3.8304617404937744,0.6627604365348816,0.0,5,4,0.0011666175489831049,0.0
4,0,0.6368979998605808,route_kmeans_raw,4.0,2048,A06_24_synthetic_common_rare_transformer_moe,0.9999999999942291,0.6368979998588417,0.0,3.6266676783561707,0,3,1,2,12.826996803283691,11.521932601928711,0.25,0.25,0.0,3,1536,0.9999999999972693,1.0,13.046521186828613,11.484663009643555,1.0,0.0,5,4,0.0020874847335493395,0.0
4,0,0.6368979998605808,route_kmeans_residual_input,4.0,2048,A06_24_synthetic_common_rare_transformer_moe,0.9999999999942291,0.6368979998588417,0.0,3.559533655643463,1,0,2,3,11.483250617980957,4.258964538574219,0.25,0.25,0.0,3,1536,0.9999999999972693,1.0,13.823433876037598,13.094003677368164,1.0,0.0,5,4,0.0020874847335493395,0.0
4,0,0.6368979998605808,oracle_raw,4.0,2048,A06_24_synthetic_common_rare_transformer_moe,0.9999999999942291,0.6368979998588417,0.0,3.552092671394348,0,1,2,3,12.826996803283691,11.521932601928711,0.25,0.25,0.0,3,1536,0.9999999999972693,1.0,13.046521186828613,11.484663009643555,1.0,0.0,5,4,0.0020874847335493395,0.0
4,0,0.6368979998605808,oracle_residual_input,4.0,2048,A06_24_synthetic_common_rare_transformer_moe,0.9999999999942291,0.6368979998588417,0.0,3.5514076352119446,0,1,2,3,11.483250617980957,4.258964538574219,0.25,0.25,0.0,3,1536,0.9999999999972693,1.0,13.823433876037598,13.094003677368164,1.0,0.0,5,4,0.0020874847335493395,0.0
3,0,0.16364749923383656,random_raw,1.8524936437606812,2048,A06_24_synthetic_common_rare_transformer_moe,0.6205998172939446,0.12456360949450092,1.958984375,3.6363120079040527,2,1,3,0,0.6355990171432495,-0.7354129552841187,0.73974609375,0.0,0.33333333333333337,2,1536,0.7611702597209352,1.0,0.9235288500785828,-0.7562270760536194,0.6666666865348816,0.0,6,4,0.004149815657625586,0.0048828125
3,0,0.1656295278106526,random_common_subtract,1.8639516830444336,2048,A06_24_synthetic_common_rare_transformer_moe,0.6192991776300287,0.1260722707010903,1.953125,3.6384224891662598,2,1,3,0,0.6902149319648743,-0.5458611249923706,0.73828125,0.0,0.33333333333333337,2,1536,0.7611702597209352,1.0,0.9941834807395935,-0.5641758441925049,0.6666666865348816,0.0,6,4,0.004573845337226841,0.0048828125
3,0,0.4232621918429468,allpos_kmeans_raw,2.9508814811706543,2048,A06_24_synthetic_common_rare_transformer_moe,0.7422420963709349,0.3113044844942402,1.0,3.6896241903305054,1,0,2,3,5.120380878448486,-1.2714548110961914,0.380859375,0.0,0.33333333333333337,2,1536,0.7354885234109241,0.8411458333333334,2.1087076663970947,-1.3064613342285156,0.6666666865348816,0.0,6,4,0.0072016866793003795,0.0
4,0,0.6368979998605808,allpos_kmeans_common_subtract,4.0,2048,A06_24_synthetic_common_rare_transformer_moe,0.9999999999942291,0.6368979998588417,0.0,3.690117359161377,2,1,0,3,4.498105049133301,1.9053902626037598,0.25,0.25,0.0,3,1536,0.9999999999972693,1.0,3.058471918106079,1.8641806840896606,1.0,0.0,6,4,0.0007541349343476788,0.0
4,0,0.6368979998605808,route_kmeans_raw,4.0,2048,A06_24_synthetic_common_rare_transformer_moe,0.9999999999942291,0.6368979998588417,0.0,3.755280613899231,3,0,1,2,12.138620376586914,11.368465423583984,0.25,0.25,0.0,3,1536,0.9999999999972693,1.0,12.243184089660645,11.336862564086914,1.0,0.0,6,4,0.0007541349343476782,0.0
4,0,0.6368979998605808,route_kmeans_residual_input,4.0,2048,A06_24_synthetic_common_rare_transformer_moe,0.9999999999942291,0.6368979998588417,0.0,3.596749186515808,2,0,3,1,10.875322341918945,4.548969268798828,0.25,0.25,0.0,3,1536,0.9999999999972693,1.0,12.928112030029297,11.061283111572266,1.0,0.0,6,4,0.0007541349343476784,0.0
4,0,0.6368979998605808,oracle_raw,4.0,2048,A06_24_synthetic_common_rare_transformer_moe,0.9999999999942291,0.6368979998588417,0.0,3.7030107378959656,0,1,2,3,12.138620376586914,11.368465423583984,0.25,0.25,0.0,3,1536,0.9999999999972693,1.0,12.243184089660645,11.336862564086914,1.0,0.0,6,4,0.0007541349343476785,0.0
4,0,0.6368979998605808,oracle_residual_input,4.0,2048,A06_24_synthetic_common_rare_transformer_moe,0.9999999999942291,0.6368979998588417,0.0,3.7032926082611084,0,1,2,3,10.875322341918945,4.548969268798828,0.25,0.25,0.0,3,1536,0.9999999999972693,1.0,12.928112030029297,11.061283111572266,1.0,0.0,6,4,0.0007541349343476785,0.0
4,0,0.3870612904562101,random_raw,3.959514856338501,2048,A06_24_synthetic_common_rare_transformer_moe,0.8430723189379776,0.37045138916063164,0.234375,3.8734431862831116,0,3,2,1,0.39241811633110046,-0.03990110754966736,0.30859375,0.2138671875,0.0,3,1536,0.9570871546570797,0.9700520833333334,0.4871288537979126,0.044634222984313965,0.9700520634651184,0.0,7,4,0.010096949301977146,0.0
4,0,0.29233282317163584,random_common_subtract,3.269986391067505,2048,A06_24_synthetic_common_rare_transformer_moe,0.8291078866713669,0.2912058424214226,0.83203125,3.884151577949524,0,3,2,1,0.4293590784072876,-0.2711712121963501,0.4580078125,0.04248046875,0.0,3,1536,0.9961448709796384,0.9986979166666666,0.6223534345626831,0.25531619787216187,0.9986979365348816,0.0,7,4,0.03188542239464256,0.0
4,0,0.629657416201356,allpos_kmeans_raw,3.9999847412109375,2048,A06_24_synthetic_common_rare_transformer_moe,0.9953893045057463,0.6272300056232722,0.00390625,3.9011674523353577,3,2,1,0,5.141866207122803,0.5232926607131958,0.2509765625,0.2490234375,0.0,3,1536,0.9961448709796384,0.9986979166666666,1.7909088134765625,0.46859824657440186,0.9986979365348816,0.0,7,4,0.0011714645117344373,0.0
3,0,0.7354264633321173,allpos_kmeans_common_subtract,2.8284270763397217,2048,A06_24_synthetic_common_rare_transformer_moe,0.8660254037802737,0.5597847521001565,1.0,3.8067758083343506,0,2,3,1,1.9936727285385132,-0.8387098908424377,0.5,0.0,0.33333333333333337,2,1536,0.7611702597209352,1.0,0.5808061361312866,-0.8640788197517395,0.6666666865348816,0.0,7,4,0.000668329500500239,0.0
4,0,0.6368979998605808,route_kmeans_raw,4.0,2048,A06_24_synthetic_common_rare_transformer_moe,0.9999999999942291,0.6368979998588417,0.0,3.9617480635643005,1,0,2,3,12.258769989013672,11.422375679016113,0.25,0.25,0.0,3,1536,0.9999999999972693,1.0,12.251140594482422,11.37366008758545,1.0,0.0,7,4,0.0011337733340524255,0.0
4,0,0.6368979998605808,route_kmeans_residual_input,4.0,2048,A06_24_synthetic_common_rare_transformer_moe,0.9999999999942291,0.6368979998588417,0.0,3.9135621190071106,1,3,2,0,10.729116439819336,4.321700096130371,0.25,0.25,0.0,3,1536,0.9999999999972693,1.0,12.794171333312988,11.327080726623535,1.0,0.0,7,4,0.0011337733340524257,0.0
4,0,0.6368979998605808,oracle_raw,4.0,2048,A06_24_synthetic_common_rare_transformer_moe,0.9999999999942291,0.6368979998588417,0.0,3.937634825706482,0,1,2,3,12.258769989013672,11.422375679016113,0.25,0.25,0.0,3,1536,0.9999999999972693,1.0,12.251140594482422,11.37366008758545,1.0,0.0,7,4,0.0011337733340524255,0.0
4,0,0.6368979998605808,oracle_residual_input,4.0,2048,A06_24_synthetic_common_rare_transformer_moe,0.9999999999942291,0.6368979998588417,0.0,3.938237726688385,0,1,2,3,10.729116439819336,4.321700096130371,0.25,0.25,0.0,3,1536,0.9999999999972693,1.0,12.794171333312988,11.327080726623535,1.0,0.0,7,4,0.0011337733340524255,0.0
4,0,0.25697189496895867,random_raw,3.6205332279205322,2048,A06_24_synthetic_common_rare_transformer_moe,0.646818943102307,0.20426409447684724,0.63671875,4.114083766937256,3,1,2,0,0.18071654438972473,-0.07940182089805603,0.38525390625,0.0908203125,0.0,3,1536,0.7948888515669064,0.8971354166666666,0.24703240394592285,-0.0453299880027771,0.8971354365348816,0.0,0,8,0.04088898381121304,0.0
4,0,0.5410602765746931,random_common_subtract,3.954655170440674,2048,A06_24_synthetic_common_rare_transformer_moe,0.8017954368441812,0.4176362589902838,0.1953125,4.126234412193298,3,1,2,0,0.2432592660188675,-0.024431884288787842,0.29833984375,0.201171875,0.0,3,1536,0.7718849027953529,0.9173177083333334,0.30056750774383545,-0.030435234308242798,0.9173176884651184,0.0,0,8,0.02053924507071204,0.0
2,0,0.15500784410057256,allpos_kmeans_raw,1.7677743434906006,2048,A06_24_synthetic_common_rare_transformer_moe,0.6057957125890547,0.11084408650876333,1.97265625,4.038066983222961,0,3,2,1,-3.943756103515625,-17.360118865966797,0.7431640625,0.0,0.33333333333333337,2,1536,0.7150869502890783,0.9908854166666666,0.38720810413360596,-3.7226762771606445,0.6666666865348816,0.0,0,8,0.0002999849454295495,0.0
3,0,0.7354264633321173,allpos_kmeans_common_subtract,2.8284270763397217,2048,A06_24_synthetic_common_rare_transformer_moe,0.8660254037802737,0.5597847521001565,1.0,4.058187246322632,1,3,0,2,3.8093318939208984,-7.468776702880859,0.5,0.0,0.33333333333333337,2,1536,0.7611702597209352,1.0,0.29696914553642273,-7.50324010848999,0.6666666865348816,0.0,0,8,0.0012411705759463047,0.0
4,0,0.6837029754457847,route_kmeans_raw,3.330043315887451,2048,A06_24_synthetic_common_rare_transformer_moe,0.8051167246483315,0.5204143713920442,1.0,4.09162974357605,1,3,0,2,2.2656409740448,-9.844789505004883,0.5,0.08984375,0.33333333333333337,2,1536,0.7611702597209352,1.0,2.993551015853882,-9.887716293334961,0.6666666865348816,0.0,0,8,0.1431705294254133,0.0
4,0,0.6368979998605808,route_kmeans_residual_input,4.0,2048,A06_24_synthetic_common_rare_transformer_moe,0.9999999999942291,0.6368979998588417,0.0,4.181567907333374,3,0,1,2,11.029915809631348,4.59175968170166,0.25,0.25,0.0,3,1536,0.9999999999972693,1.0,13.14013385772705,11.037710189819336,1.0,0.0,0,8,0.0011660424915207418,0.0
4,0,0.6368979998605808,oracle_raw,4.0,2048,A06_24_synthetic_common_rare_transformer_moe,0.9999999999942291,0.6368979998588417,0.0,4.0952407121658325,0,1,2,3,12.211593627929688,11.499650001525879,0.25,0.25,0.0,3,1536,0.9999999999972693,1.0,12.343033790588379,11.46237850189209,1.0,0.0,0,8,0.0011660424915207414,0.0
4,0,0.6368979998605808,oracle_residual_input,4.0,2048,A06_24_synthetic_common_rare_transformer_moe,0.9999999999942291,0.6368979998588417,0.0,4.095636367797852,0,1,2,3,11.029915809631348,4.59175968170166,0.25,0.25,0.0,3,1536,0.9999999999972693,1.0,13.14013385772705,11.037710189819336,1.0,0.0,0,8,0.0011660424915207414,0.0
4,0,0.6797723779790276,random_raw,3.3768296241760254,2048,A06_24_synthetic_common_rare_transformer_moe,0.7001100942460252,0.3626498131512161,0.748046875,4.229774594306946,3,1,0,2,0.018764223903417587,-0.5158839821815491,0.423828125,0.06298828125,0.33333333333333337,2,1536,0.5334871273077892,0.8958333333333334,-0.03990130126476288,-0.5257599949836731,0.6640625,0.0,1,8,0.11173766965144413,0.0
4,0,0.682559395362902,random_common_subtract,3.3435051441192627,2048,A06_24_synthetic_common_rare_transformer_moe,0.696725540033919,0.35481758936604063,0.7890625,4.22902238368988,3,1,0,2,0.02087537571787834,-0.5421290397644043,0.41357421875,0.052734375,0.33333333333333337,2,1536,0.5198340126537879,0.884765625,-0.04749789461493492,-0.553587019443512,0.662109375,0.0,1,8,0.09879066018731465,0.0
2,0,0.3455920299437227,allpos_kmeans_raw,2.0,2048,A06_24_synthetic_common_rare_transformer_moe,0.7071067811845071,0.2630543751897486,1.0,4.1963406801223755,0,2,1,3,-3.861001491546631,-18.763317108154297,0.5,0.0,0.33333333333333337,2,1536,0.7611702597209352,1.0,1.021588921546936,-4.030396461486816,0.6666666865348816,0.0,1,8,9.913307576350523e-05,0.0
3,0,0.7354264633321173,allpos_kmeans_common_subtract,2.8284270763397217,2048,A06_24_synthetic_common_rare_transformer_moe,0.8660254037802737,0.5597847521001565,1.0,4.263842463493347,2,1,0,3,5.310176849365234,-3.7254581451416016,0.5,0.0,0.33333333333333337,2,1536,0.7611702597209352,1.0,1.9778485298156738,-3.771183967590332,0.6666666865348816,0.0,1,8,0.000360996849521417,0.0
4,0,0.6854496362640539,route_kmeans_raw,3.3097150325775146,2048,A06_24_synthetic_common_rare_transformer_moe,0.8071735620288615,0.5217438776607305,1.0,4.240407228469849,3,0,1,2,2.3805582523345947,-11.125484466552734,0.5,0.08056640625,0.33333333333333337,2,1536,0.7611702597209352,1.0,3.084911346435547,-11.170373916625977,0.6666666865348816,0.0,1,8,0.13472526920355649,0.0
4,0,0.6368979998605808,route_kmeans_residual_input,4.0,2048,A06_24_synthetic_common_rare_transformer_moe,0.9999999999942291,0.6368979998588417,0.0,4.219194412231445,1,0,3,2,10.674930572509766,4.4810943603515625,0.25,0.25,0.0,3,1536,0.9999999999972693,1.0,12.685295104980469,11.460918426513672,1.0,0.0,1,8,0.0003962733206315049,0.0
4,0,0.6368979998605808,oracle_raw,4.0,2048,A06_24_synthetic_common_rare_transformer_moe,0.9999999999942291,0.6368979998588417,0.0,4.233895182609558,0,1,2,3,12.10733413696289,10.423404693603516,0.25,0.25,0.0,3,1536,0.9999999999972693,1.0,12.614256858825684,11.259644508361816,1.0,0.0,1,8,0.0003962733206315042,0.0
4,0,0.6368979998605808,oracle_residual_input,4.0,2048,A06_24_synthetic_common_rare_transformer_moe,0.9999999999942291,0.6368979998588417,0.0,4.233922481536865,0,1,2,3,10.674930572509766,4.4810943603515625,0.25,0.25,0.0,3,1536,0.9999999999972693,1.0,12.685295104980469,11.460918426513672,1.0,0.0,1,8,0.0003962733206315042,0.0
4,0,0.36388823622278466,random_raw,3.700467109680176,2048,A06_24_synthetic_common_rare_transformer_moe,0.8435434194321383,0.363888236221791,0.54296875,4.190571069717407,0,2,1,3,0.33547645807266235,-0.07487094402313232,0.3857421875,0.1142578125,0.0,3,1536,0.9999999999972693,1.0,0.45215392112731934,0.23116087913513184,1.0,0.0,2,8,0.013061594733572388,0.0
4,0,0.46029490654600486,random_common_subtract,3.940368890762329,2048,A06_24_synthetic_common_rare_transformer_moe,0.8549687588961183,0.43287785378986127,0.26171875,4.1873191595077515,0,2,1,3,0.39827144145965576,-0.0181199312210083,0.30322265625,0.1845703125,0.0,3,1536,0.9404358980161703,0.9837239583333334,0.5156071186065674,0.03525495529174805,0.9837239384651184,0.0,2,8,0.008053429215519525,0.0
3,0,0.28217471084448587,allpos_kmeans_raw,2.8284270763397217,2048,A06_24_synthetic_common_rare_transformer_moe,0.8660254037802737,0.2821747108437153,1.0,4.115679621696472,0,1,3,2,5.507828712463379,-2.5713164806365967,0.5,0.0,0.0,3,1536,0.9999999999972693,1.0,1.7589755058288574,-2.603389024734497,0.6666666865348816,0.0,2,8,0.001817410807236039,0.0
4,0,0.6368979998605808,allpos_kmeans_common_subtract,4.0,2048,A06_24_synthetic_common_rare_transformer_moe,0.9999999999942291,0.6368979998588417,0.0,4.093666195869446,3,1,2,0,7.071674346923828,1.6874237060546875,0.25,0.25,0.0,3,1536,0.9999999999972693,1.0,4.5067877769470215,1.6453347206115723,1.0,0.0,2,8,0.0017180309921218592,0.0
4,0,0.6368979998605808,route_kmeans_raw,4.0,2048,A06_24_synthetic_common_rare_transformer_moe,0.9999999999942291,0.6368979998588417,0.0,4.24850869178772,3,0,1,2,12.492074966430664,11.657830238342285,0.25,0.25,0.0,3,1536,0.9999999999972693,1.0,12.721129417419434,11.834461212158203,1.0,0.0,2,8,0.0017180309921218597,0.0
4,0,0.6368979998605808,route_kmeans_residual_input,4.0,2048,A06_24_synthetic_common_rare_transformer_moe,0.9999999999942291,0.6368979998588417,0.0,4.114634037017822,1,3,2,0,11.71531867980957,4.577708721160889,0.25,0.25,0.0,3,1536,0.9999999999972693,1.0,14.049036979675293,11.370229721069336,1.0,0.0,2,8,0.0017180309921218592,0.0
4,0,0.6368979998605808,oracle_raw,4.0,2048,A06_24_synthetic_common_rare_transformer_moe,0.9999999999942291,0.6368979998588417,0.0,4.045598864555359,0,1,2,3,12.492074966430664,11.657830238342285,0.25,0.25,0.0,3,1536,0.9999999999972693,1.0,12.721129417419434,11.834461212158203,1.0,0.0,2,8,0.0017180309921218592,0.0
4,0,0.6368979998605808,oracle_residual_input,4.0,2048,A06_24_synthetic_common_rare_transformer_moe,0.9999999999942291,0.6368979998588417,0.0,4.046721339225769,0,1,2,3,11.71531867980957,4.577708721160889,0.25,0.25,0.0,3,1536,0.9999999999972693,1.0,14.049036979675293,11.370229721069336,1.0,0.0,2,8,0.0017180309921218592,0.0
4,0,0.31790559258001166,random_raw,3.4212210178375244,2048,A06_24_synthetic_common_rare_transformer_moe,0.833468377913663,0.3179055925791436,0.74609375,3.9982354640960693,1,0,2,3,0.201717808842659,-0.09739291667938232,0.4365234375,0.0634765625,0.0,3,1536,0.9999999999972693,1.0,0.2838125228881836,0.17881089448928833,1.0,0.0,3,8,0.004983930559681075,0.0
4,0,0.2820927975831363,random_common_subtract,2.8394014835357666,2048,A06_24_synthetic_common_rare_transformer_moe,0.8646986775030745,0.282092797582366,0.998046875,4.004720091819763,1,0,2,3,0.17158526182174683,-0.3040351867675781,0.49951171875,0.00048828125,0.0,3,1536,0.9999999999972693,1.0,0.31249532103538513,0.2210419476032257,1.0,0.0,3,8,0.0015013983713604564,0.0
3,0,0.7354264633321173,allpos_kmeans_raw,2.8284270763397217,2048,A06_24_synthetic_common_rare_transformer_moe,0.8660254037802737,0.5597847521001565,1.0,4.002272605895996,3,0,1,2,6.689228057861328,-1.768917441368103,0.5,0.0,0.33333333333333337,2,1536,0.7611702597209352,1.0,2.8431389331817627,-1.7993208169937134,0.6666666865348816,0.0,3,8,0.0006153997266309653,0.0
3,0,0.7354264633321173,allpos_kmeans_common_subtract,2.8284270763397217,2048,A06_24_synthetic_common_rare_transformer_moe,0.8660254037802737,0.5597847521001565,1.0,4.0639472007751465,2,3,0,1,4.4982829093933105,-7.3137617111206055,0.5,0.0,0.33333333333333337,2,1536,0.7611702597209352,1.0,1.1348057985305786,-7.349730491638184,0.6666666865348816,0.0,3,8,0.0010425777848552813,0.0
4,0,0.6368979998605808,route_kmeans_raw,4.0,2048,A06_24_synthetic_common_rare_transformer_moe,0.9999999999942291,0.6368979998588417,0.0,4.037077903747559,2,1,3,0,12.88096809387207,12.048818588256836,0.25,0.25,0.0,3,1536,0.9999999999972693,1.0,12.848782539367676,12.018280982971191,1.0,0.0,3,8,0.0009683417114386358,0.0
4,0,0.6368979998605808,route_kmeans_residual_input,4.0,2048,A06_24_synthetic_common_rare_transformer_moe,0.9999999999942291,0.6368979998588417,0.0,4.003208875656128,2,0,3,1,11.74584674835205,4.813685894012451,0.25,0.25,0.0,3,1536,0.9999999999972693,1.0,14.007784843444824,12.073892593383789,1.0,0.0,3,8,0.0009683417114386358,0.0
4,0,0.6368979998605808,oracle_raw,4.0,2048,A06_24_synthetic_common_rare_transformer_moe,0.9999999999942291,0.6368979998588417,0.0,4.108025074005127,0,1,2,3,12.88096809387207,12.048818588256836,0.25,0.25,0.0,3,1536,0.9999999999972693,1.0,12.848782539367676,12.018280982971191,1.0,0.0,3,8,0.0009683417114386358,0.0
4,0,0.6368979998605808,oracle_residual_input,4.0,2048,A06_24_synthetic_common_rare_transformer_moe,0.9999999999942291,0.6368979998588417,0.0,4.108008623123169,0,1,2,3,11.74584674835205,4.813685894012451,0.25,0.25,0.0,3,1536,0.9999999999972693,1.0,14.007784843444824,12.073892593383789,1.0,0.0,3,8,0.0009683417114386358,0.0
3,0,0.17881768881540028,random_raw,2.2376351356506348,2048,A06_24_synthetic_common_rare_transformer_moe,0.5508007867515734,0.11016506196654056,1.646484375,3.644092381000519,1,3,2,0,0.1490774303674698,-0.3510521650314331,0.66162109375,0.0,0.33333333333333337,2,1536,0.616074744597934,0.8828125,0.12180390954017639,-0.361481636762619,0.419921875,0.0,4,8,0.04303140114077652,0.0
4,0,0.388430907993543,random_common_subtract,3.8794233798980713,2048,A06_24_synthetic_common_rare_transformer_moe,0.8361861496313406,0.3479944837758348,0.359375,3.639070153236389,1,3,2,0,0.23860058188438416,-0.0328974723815918,0.3310546875,0.16015625,0.0,3,1536,0.8958980261725712,0.8795572916666666,0.2554696202278137,-0.042368531227111816,0.8795573115348816,0.0,4,8,0.017307598438864723,0.0
3,0,0.7327133975078388,allpos_kmeans_raw,2.850330114364624,2048,A06_24_synthetic_common_rare_transformer_moe,0.8299774936879594,0.5073865269255983,1.0,3.6440937519073486,0,3,1,2,5.143176078796387,-2.9411518573760986,0.48828125,0.0,0.33333333333333337,2,1536,0.6924761150149027,0.984375,0.765590488910675,-2.9751648902893066,0.6666666865348816,0.0,4,8,0.00024345091014504023,0.0
3,0,0.7354264633321173,allpos_kmeans_common_subtract,2.8284270763397217,2048,A06_24_synthetic_common_rare_transformer_moe,0.8660254037802737,0.5597847521001565,1.0,3.6792439818382263,1,0,3,2,4.59517765045166,-4.715805530548096,0.5,0.0,0.33333333333333337,2,1536,0.7611702597209352,1.0,1.2103307247161865,-4.753594875335693,0.6666666865348816,0.0,4,8,9.572518274557027e-05,0.0
4,0,0.6368979998605808,route_kmeans_raw,4.0,2048,A06_24_synthetic_common_rare_transformer_moe,0.9999999999942291,0.6368979998588417,0.0,3.6169201135635376,2,3,1,0,12.91891098022461,12.436410903930664,0.25,0.25,0.0,3,1536,0.9999999999972693,1.0,12.779377937316895,12.405919075012207,1.0,0.0,4,8,9.337614615119539e-05,0.0
4,0,0.6368979998605808,route_kmeans_residual_input,4.0,2048,A06_24_synthetic_common_rare_transformer_moe,0.9999999999942291,0.6368979998588417,0.0,3.7028796672821045,0,2,3,1,11.42338752746582,4.709643363952637,0.25,0.25,0.0,3,1536,0.9999999999972693,1.0,13.596214294433594,12.768315315246582,1.0,0.0,4,8,9.337614615119557e-05,0.0
4,0,0.6368979998605808,oracle_raw,4.0,2048,A06_24_synthetic_common_rare_transformer_moe,0.9999999999942291,0.6368979998588417,0.0,3.6437196731567383,0,1,2,3,12.918911933898926,12.436410903930664,0.25,0.25,0.0,3,1536,0.9999999999972693,1.0,12.779377937316895,12.405919075012207,1.0,0.0,4,8,9.337614615119535e-05,0.0
4,0,0.6368979998605808,oracle_residual_input,4.0,2048,A06_24_synthetic_common_rare_transformer_moe,0.9999999999942291,0.6368979998588417,0.0,3.6439388394355774,0,1,2,3,11.42338752746582,4.709643363952637,0.25,0.25,0.0,3,1536,0.9999999999972693,1.0,13.596214294433594,12.768315315246582,1.0,0.0,4,8,9.337614615119535e-05,0.0
4,0,0.6407067969494357,random_raw,3.277148485183716,2048,A06_24_synthetic_common_rare_transformer_moe,0.7802174963922864,0.48768695903897047,1.001953125,3.567933440208435,0,1,3,2,0.2913585305213928,-0.8343092799186707,0.50048828125,0.07275390625,0.33333333333333337,2,1536,0.7611702597209352,1.0,0.37221047282218933,-0.8627588748931885,0.6666666865348816,0.0,5,8,0.04237216605698488,0.0
4,0,0.525268285576508,random_common_subtract,3.135223150253296,2048,A06_24_synthetic_common_rare_transformer_moe,0.7138358374262967,0.39981859735544095,1.078125,3.567347764968872,2,0,3,1,0.0024956660345196724,-1.3207666873931885,0.51953125,0.052734375,0.33333333333333337,2,1536,0.7611702597209352,1.0,-0.013414536602795124,-1.3329439163208008,0.6666666865348816,0.0,5,8,0.0554574081927932,0.0
4,0,0.6370462071601015,allpos_kmeans_raw,3.9974212646484375,2048,A06_24_synthetic_common_rare_transformer_moe,0.9635456220868781,0.5979675944869942,0.05078125,3.5924919843673706,2,0,1,3,4.312191009521484,0.21284818649291992,0.2626953125,0.2373046875,0.0,3,1536,0.9386565491892395,0.9830729166666666,1.1177293062210083,0.16275858879089355,0.9830729365348816,0.0,5,8,0.001482189512659541,0.0
4,0,0.6368979998605808,allpos_kmeans_common_subtract,4.0,2048,A06_24_synthetic_common_rare_transformer_moe,0.9999999999942291,0.6368979998588417,0.0,3.5678449869155884,1,0,2,3,6.848113536834717,3.259652614593506,0.25,0.25,0.0,3,1536,0.9999999999972693,1.0,4.075700283050537,3.1462957859039307,1.0,0.0,5,8,0.0020874847335493395,0.0
4,0,0.6368979998605808,route_kmeans_raw,4.0,2048,A06_24_synthetic_common_rare_transformer_moe,0.9999999999942291,0.6368979998588417,0.0,3.636738657951355,0,3,1,2,12.8392333984375,11.466699600219727,0.25,0.25,0.0,3,1536,0.9999999999972693,1.0,13.04849624633789,11.434057235717773,1.0,0.0,5,8,0.0020874847335493395,0.0
4,0,0.6368979998605808,route_kmeans_residual_input,4.0,2048,A06_24_synthetic_common_rare_transformer_moe,0.9999999999942291,0.6368979998588417,0.0,3.566266179084778,0,1,2,3,11.56788158416748,4.290274620056152,0.25,0.25,0.0,3,1536,0.9999999999972693,1.0,13.945536613464355,13.290674209594727,1.0,0.0,5,8,0.0020874847335493395,0.0
4,0,0.6368979998605808,oracle_raw,4.0,2048,A06_24_synthetic_common_rare_transformer_moe,0.9999999999942291,0.6368979998588417,0.0,3.5669872760772705,0,1,2,3,12.8392333984375,11.466699600219727,0.25,0.25,0.0,3,1536,0.9999999999972693,1.0,13.04849624633789,11.434057235717773,1.0,0.0,5,8,0.0020874847335493395,0.0
4,0,0.6368979998605808,oracle_residual_input,4.0,2048,A06_24_synthetic_common_rare_transformer_moe,0.9999999999942291,0.6368979998588417,0.0,3.566266179084778,0,1,2,3,11.56788158416748,4.290274620056152,0.25,0.25,0.0,3,1536,0.9999999999972693,1.0,13.945536613464355,13.290674209594727,1.0,0.0,5,8,0.0020874847335493395,0.0
3,0,0.15848556826285604,random_raw,1.820200800895691,2048,A06_24_synthetic_common_rare_transformer_moe,0.6248380405592165,0.12063450115665814,1.974609375,3.6457645893096924,2,1,3,0,0.6518797874450684,-0.6703569293022156,0.74365234375,0.0,0.33333333333333337,2,1536,0.7611702597209352,1.0,0.9457457065582275,-0.6839441061019897,0.6666666865348816,0.0,6,8,0.003578330655212713,0.00048828125
3,0,0.17304886470241068,random_common_subtract,1.9038070440292358,2048,A06_24_synthetic_common_rare_transformer_moe,0.615512255054472,0.13171964928994692,1.931640625,3.6493731141090393,2,1,3,0,0.7131550312042236,-0.38716888427734375,0.73291015625,0.0,0.33333333333333337,2,1536,0.7611702597209352,1.0,1.0080671310424805,-0.3977512717247009,0.6666666865348816,0.0,6,8,0.0013586171811974235,0.00048828125
3,0,0.28217471084448587,allpos_kmeans_raw,2.8284270763397217,2048,A06_24_synthetic_common_rare_transformer_moe,0.8660254037802737,0.2821747108437153,1.0,3.690421223640442,1,0,2,3,4.47502326965332,-4.708765029907227,0.5,0.0,0.0,3,1536,0.9999999999972693,1.0,0.34078308939933777,-4.765944480895996,0.6666666865348816,0.0,6,8,0.0007480990206821212,0.0
3,0,0.7354264633321173,allpos_kmeans_common_subtract,2.8284270763397217,2048,A06_24_synthetic_common_rare_transformer_moe,0.8660254037802737,0.5597847521001565,1.0,3.6425846219062805,3,1,0,2,4.014939308166504,-3.360301971435547,0.5,0.0,0.33333333333333337,2,1536,0.7611702597209352,1.0,0.90269535779953,-3.4051589965820312,0.6666666865348816,0.0,6,8,0.0007004101456405296,0.0
4,0,0.6368979998605808,route_kmeans_raw,4.0,2048,A06_24_synthetic_common_rare_transformer_moe,0.9999999999942291,0.6368979998588417,0.0,3.766190230846405,3,0,1,2,12.11655330657959,11.340523719787598,0.25,0.25,0.0,3,1536,0.9999999999972693,1.0,12.21389389038086,11.284688949584961,1.0,0.0,6,8,0.0007541349343476782,0.0
4,0,0.6368979998605808,route_kmeans_residual_input,4.0,2048,A06_24_synthetic_common_rare_transformer_moe,0.9999999999942291,0.6368979998588417,0.0,3.602811276912689,2,0,3,1,10.861268997192383,4.565704345703125,0.25,0.25,0.0,3,1536,0.9999999999972693,1.0,12.908405303955078,11.025181770324707,1.0,0.0,6,8,0.0007541349343476784,0.0
4,0,0.6368979998605808,oracle_raw,4.0,2048,A06_24_synthetic_common_rare_transformer_moe,0.9999999999942291,0.6368979998588417,0.0,3.708668529987335,0,1,2,3,12.11655330657959,11.340523719787598,0.25,0.25,0.0,3,1536,0.9999999999972693,1.0,12.21389389038086,11.284688949584961,1.0,0.0,6,8,0.0007541349343476785,0.0
4,0,0.6368979998605808,oracle_residual_input,4.0,2048,A06_24_synthetic_common_rare_transformer_moe,0.9999999999942291,0.6368979998588417,0.0,3.7089465260505676,0,1,2,3,10.861268997192383,4.565704345703125,0.25,0.25,0.0,3,1536,0.9999999999972693,1.0,12.908405303955078,11.025181770324707,1.0,0.0,6,8,0.0007541349343476785,0.0
4,0,0.41454688132584705,random_raw,3.979421854019165,2048,A06_24_synthetic_common_rare_transformer_moe,0.8594937961481591,0.3892059454324156,0.162109375,3.8824612498283386,0,3,2,1,0.39038753509521484,-0.0127754807472229,0.27490234375,0.20947265625,0.0,3,1536,0.9388707597741818,0.9459635416666666,0.46695050597190857,-0.006277859210968018,0.9459635615348816,0.0,7,8,0.015100404144080131,0.0
4,0,0.3209209266696174,random_common_subtract,3.4764444828033447,2048,A06_24_synthetic_common_rare_transformer_moe,0.8313212460288778,0.3202349370292914,0.712890625,3.8948307633399963,0,3,2,1,0.4509032666683197,-0.19857847690582275,0.42822265625,0.072265625,0.0,3,1536,0.9978624340660955,0.9993489583333334,0.6274154186248779,0.20839756727218628,0.9993489384651184,0.0,7,8,0.04143565573315461,0.0
4,0,0.6368979998605808,allpos_kmeans_raw,4.0,2048,A06_24_synthetic_common_rare_transformer_moe,0.9999999999942291,0.6368979998588417,0.0,3.9414328932762146,0,1,2,3,6.920347213745117,2.0119738578796387,0.25,0.25,0.0,3,1536,0.9999999999972693,1.0,3.457170248031616,1.9788246154785156,1.0,0.0,7,8,0.0011337733340524255,0.0
3,0,0.7354264633321173,allpos_kmeans_common_subtract,2.8284270763397217,2048,A06_24_synthetic_common_rare_transformer_moe,0.8660254037802737,0.5597847521001565,1.0,3.8014315962791443,0,2,3,1,4.10717248916626,-6.772397041320801,0.5,0.0,0.33333333333333337,2,1536,0.7611702597209352,1.0,0.9997783303260803,-6.815532684326172,0.6666666865348816,0.0,7,8,0.000668329500500239,0.0
4,0,0.6368979998605808,route_kmeans_raw,4.0,2048,A06_24_synthetic_common_rare_transformer_moe,0.9999999999942291,0.6368979998588417,0.0,3.971284329891205,1,0,2,3,12.287530899047852,11.5130033493042,0.25,0.25,0.0,3,1536,0.9999999999972693,1.0,12.233992576599121,11.470441818237305,1.0,0.0,7,8,0.0011337733340524255,0.0
4,0,0.6368979998605808,route_kmeans_residual_input,4.0,2048,A06_24_synthetic_common_rare_transformer_moe,0.9999999999942291,0.6368979998588417,0.0,3.9237541556358337,1,3,2,0,10.763230323791504,4.366440296173096,0.25,0.25,0.0,3,1536,0.9999999999972693,1.0,12.831779479980469,11.364178657531738,1.0,0.0,7,8,0.0011337733340524257,0.0
4,0,0.6368979998605808,oracle_raw,4.0,2048,A06_24_synthetic_common_rare_transformer_moe,0.9999999999942291,0.6368979998588417,0.0,3.950728416442871,0,1,2,3,12.287530899047852,11.5130033493042,0.25,0.25,0.0,3,1536,0.9999999999972693,1.0,12.233992576599121,11.470441818237305,1.0,0.0,7,8,0.0011337733340524255,0.0
4,0,0.6368979998605808,oracle_residual_input,4.0,2048,A06_24_synthetic_common_rare_transformer_moe,0.9999999999942291,0.6368979998588417,0.0,3.951314091682434,0,1,2,3,10.763230323791504,4.366440296173096,0.25,0.25,0.0,3,1536,0.9999999999972693,1.0,12.831779479980469,11.364178657531738,1.0,0.0,7,8,0.0011337733340524255,0.0
