model,step,layer,control,contrast,actual_router_input_B,control_B,actual_minus_control_B
decommon,30000,1,next_layer_basis,H:M,1.5524079278083074,0.3998982080159062,1.1525097197924012
decommon,30000,1,next_layer_basis,H:T,2.520705218770665,0.27374716494173684,2.246958053828928
decommon,30000,2,next_layer_basis,H:M,2.4775448015633423,0.08905895704811902,2.3884858445152233
decommon,30000,2,next_layer_basis,H:T,4.193327488842476,0.31117104362979975,3.882156445212676
decommon,30000,3,next_layer_basis,H:M,2.775200319511141,0.24400543123108828,2.531194888280053
decommon,30000,3,next_layer_basis,H:T,4.247345340267541,0.5512079191693985,3.696137421098143
decommon,30000,4,next_layer_basis,H:M,2.496462232515485,0.013478243627546757,2.482983988887938
decommon,30000,4,next_layer_basis,H:T,4.203959936164781,0.3274831580832481,3.8764767780815323
decommon,30000,5,next_layer_basis,H:M,2.0946674848153073,0.11839334078767669,1.9762741440276306
decommon,30000,5,next_layer_basis,H:T,3.8111254171437645,0.331540197069342,3.4795852200744224
decommon,30000,6,next_layer_basis,H:M,1.4234533862059757,-0.06128667979990264,1.4847400660058783
decommon,30000,6,next_layer_basis,H:T,3.2801965396302695,-0.007689445980490623,3.2878859856107603
decommon,30000,7,next_layer_basis,H:M,1.2640241895737376,0.2888649106781411,0.9751592788955965
decommon,30000,7,next_layer_basis,H:T,2.6917570656758056,0.4876549974538004,2.204102068222005
decommon,30000,8,next_layer_basis,H:M,1.5017175272821655,-0.014024362565405124,1.5157418898475705
decommon,30000,8,next_layer_basis,H:T,2.930421529477257,-0.003039501329186896,2.933461030806444
decommon,30000,9,next_layer_basis,H:M,0.847642246511199,0.18916495561716515,0.6584772908940338
decommon,30000,9,next_layer_basis,H:T,1.8462128535822022,0.2731929740098156,1.5730198795723866
decommon,30000,10,next_layer_basis,H:M,0.9528470737642358,-0.01782042015062325,0.9706674939148591
decommon,30000,10,next_layer_basis,H:T,2.30512390452867,0.006348819291336229,2.298775085237334
decommon,30000,11,next_layer_basis,H:M,1.0120549948680373,0.22247206393156865,0.7895829309364686
decommon,30000,11,next_layer_basis,H:T,2.2505293843978884,0.1415466558206778,2.1089827285772107
decommon,30000,12,next_layer_basis,H:M,0.48547650466679315,-0.08684320092057936,0.5723197055873726
decommon,30000,12,next_layer_basis,H:T,2.0371129450348886,-0.12263771246524575,2.159750657500134
decommon,40000,1,next_layer_basis,H:M,1.566460470142913,0.4344388072441441,1.132021662898769
decommon,40000,1,next_layer_basis,H:T,2.6949875560433343,0.31239359495103036,2.382593961092304
decommon,40000,2,next_layer_basis,H:M,2.484571527767395,0.08803254563844203,2.396538982128953
decommon,40000,2,next_layer_basis,H:T,4.253697497693265,0.2939866768623074,3.9597108208309577
decommon,40000,3,next_layer_basis,H:M,2.7676002810970695,0.22191047152206927,2.5456898095750002
decommon,40000,3,next_layer_basis,H:T,4.286276472831889,0.55479221949678,3.7314842533351094
decommon,40000,4,next_layer_basis,H:M,2.4539393288285467,-0.03014131471269485,2.4840806435412417
decommon,40000,4,next_layer_basis,H:T,4.172483721872266,0.28188214378254484,3.8906015780897207
decommon,40000,5,next_layer_basis,H:M,2.044145354751845,0.09423847541105701,1.949906879340788
decommon,40000,5,next_layer_basis,H:T,3.7701218225118236,0.31137541522631407,3.4587464072855094
decommon,40000,6,next_layer_basis,H:M,1.3914959964292324,-0.03939938102579386,1.4308953774550262
decommon,40000,6,next_layer_basis,H:T,3.215763313731814,0.0036156964117627023,3.212147617320051
decommon,40000,7,next_layer_basis,H:M,1.2182568843641464,0.29679357510507476,0.9214633092590716
decommon,40000,7,next_layer_basis,H:T,2.4390204704085807,0.4980252049067321,1.9409952655018485
decommon,40000,8,next_layer_basis,H:M,1.3965449942364478,-0.018054078596479492,1.4145990728329274
decommon,40000,8,next_layer_basis,H:T,2.6688919102642767,-0.021040998828129622,2.6899329090924065
decommon,40000,9,next_layer_basis,H:M,0.7612428283606715,0.18180396241317695,0.5794388659474945
decommon,40000,9,next_layer_basis,H:T,1.6213116932605922,0.2589984702102202,1.362313223050372
decommon,40000,10,next_layer_basis,H:M,0.8630956578189466,-0.004823065227059368,0.8679187230460059
decommon,40000,10,next_layer_basis,H:T,2.0296204495811643,0.0006602249280466753,2.0289602246531175
decommon,40000,11,next_layer_basis,H:M,0.9279339576697173,0.25628750814004053,0.6716464495296768
decommon,40000,11,next_layer_basis,H:T,2.0012946313717386,0.15428846865148763,1.847006162720251
decommon,40000,12,next_layer_basis,H:M,0.2887115707368441,-0.06142657549059366,0.3501381462274378
decommon,40000,12,next_layer_basis,H:T,1.7499562599444667,-0.10024097140563788,1.8501972313501045
decommon,80000,1,next_layer_basis,H:M,1.878543969877493,0.44749217606800723,1.4310517938094858
decommon,80000,1,next_layer_basis,H:T,3.1850651256450067,0.2524932750766727,2.932571850568334
decommon,80000,2,next_layer_basis,H:M,2.634660870532729,0.09552827136592357,2.5391325991668054
decommon,80000,2,next_layer_basis,H:T,4.42788817662573,0.3396094251487584,4.088278751476972
decommon,80000,3,next_layer_basis,H:M,2.7877145469211224,0.1962726895509262,2.5914418573701963
decommon,80000,3,next_layer_basis,H:T,4.4267342065171364,0.5834024560103361,3.8433317505068003
decommon,80000,4,next_layer_basis,H:M,2.4365362615213146,-0.1047034041707533,2.5412396656920677
decommon,80000,4,next_layer_basis,H:T,4.058816695333155,0.1791511652707189,3.879665530062436
decommon,80000,5,next_layer_basis,H:M,2.007545270861133,0.11465868658488118,1.892886584276252
decommon,80000,5,next_layer_basis,H:T,3.7213130418791236,0.3885925723381429,3.3327204695409804
decommon,80000,6,next_layer_basis,H:M,1.4532276095411307,-0.003993823218807007,1.4572214327599378
decommon,80000,6,next_layer_basis,H:T,3.2081531629078968,0.027631171763769495,3.1805219911441274
decommon,80000,7,next_layer_basis,H:M,1.2340372680949838,0.397014597446951,0.8370226706480328
decommon,80000,7,next_layer_basis,H:T,2.3056039956262113,0.57187973666606,1.7337242589601514
decommon,80000,8,next_layer_basis,H:M,1.4505806527050693,0.0508069121940313,1.399773740511038
decommon,80000,8,next_layer_basis,H:T,2.498498605074658,-0.018980967340172322,2.5174795724148304
decommon,80000,9,next_layer_basis,H:M,0.739882018477063,0.1919227338917149,0.5479592845853481
decommon,80000,9,next_layer_basis,H:T,1.4434267949597348,0.2775521410454914,1.1658746539142433
decommon,80000,10,next_layer_basis,H:M,0.8498424247949213,0.049850482771015225,0.7999919420239061
decommon,80000,10,next_layer_basis,H:T,1.8797102196227722,0.0038765663286109034,1.8758336532941613
decommon,80000,11,next_layer_basis,H:M,0.9271972174608084,0.1465138521991349,0.7806833652616735
decommon,80000,11,next_layer_basis,H:T,1.8017274251472648,0.027287627563701372,1.7744397975835635
decommon,80000,12,next_layer_basis,H:M,0.10900636362774595,-0.029041793060649093,0.13804815668839504
decommon,80000,12,next_layer_basis,H:T,1.3040174312771313,-0.06144649367130261,1.365463924948434
lb,30000,1,next_layer_basis,H:M,1.6598533160403588,-0.02029469114558035,1.6801480071859392
lb,30000,1,next_layer_basis,H:T,2.8476204308345445,-0.07641778619325686,2.9240382170278014
lb,30000,2,next_layer_basis,H:M,2.441270418370335,0.07531462109146746,2.365955797278868
lb,30000,2,next_layer_basis,H:T,3.9262222874926813,0.41319806960560257,3.5130242178870787
lb,30000,3,next_layer_basis,H:M,2.533306322244033,-0.02854461754515546,2.5618509397891884
lb,30000,3,next_layer_basis,H:T,4.045452494630775,0.15671324439613896,3.888739250234636
lb,30000,4,next_layer_basis,H:M,2.509601627614116,0.04862319899518357,2.4609784286189327
lb,30000,4,next_layer_basis,H:T,4.153656059406513,0.3430003324698673,3.810655726936646
lb,30000,5,next_layer_basis,H:M,2.2739235678151566,0.2389134837617829,2.035010084053374
lb,30000,5,next_layer_basis,H:T,4.046897129094512,0.4125789546301925,3.63431817446432
lb,30000,6,next_layer_basis,H:M,2.07789819282914,0.2048382631316433,1.8730599296974968
lb,30000,6,next_layer_basis,H:T,3.560940603328058,0.4776051661369481,3.08333543719111
lb,30000,7,next_layer_basis,H:M,1.3007902237601041,0.012725547804479698,1.2880646759556245
lb,30000,7,next_layer_basis,H:T,3.0496604886795184,0.05978011899856845,2.98988036968095
lb,30000,8,next_layer_basis,H:M,1.3029215591664756,0.17686020776384392,1.1260613514026316
lb,30000,8,next_layer_basis,H:T,2.6259314280298045,0.2358077957357417,2.390123632294063
lb,30000,9,next_layer_basis,H:M,1.70625312843204,0.024364787307176228,1.6818883411248637
lb,30000,9,next_layer_basis,H:T,2.9016934954982982,0.1390677161309839,2.7626257793673146
lb,30000,10,next_layer_basis,H:M,1.2209554038410149,0.0027244165374815045,1.2182309873035333
lb,30000,10,next_layer_basis,H:T,2.731674527141482,-0.0709648168414481,2.8026393439829302
lb,30000,11,next_layer_basis,H:M,1.1564331183738061,-0.12728196033592942,1.2837150787097356
lb,30000,11,next_layer_basis,H:T,2.2753904165815357,-0.28458836465332843,2.559978781234864
lb,30000,12,next_layer_basis,H:M,1.5814120263804345,-0.0600418165727009,1.6414538429531353
lb,30000,12,next_layer_basis,H:T,2.8258538248755616,-0.012061920704730725,2.8379157455802924
lb,40000,1,next_layer_basis,H:M,1.6892950015460775,-0.017504951779013418,1.7067999533250908
lb,40000,1,next_layer_basis,H:T,3.0104144045593277,-0.12227386353686215,3.13268826809619
lb,40000,2,next_layer_basis,H:M,2.5809694795711677,0.08674058539851083,2.494228894172657
lb,40000,2,next_layer_basis,H:T,4.19278147838821,0.46047971032321355,3.7323017680649966
lb,40000,3,next_layer_basis,H:M,2.566483297379105,-0.06538635052626267,2.631869647905368
lb,40000,3,next_layer_basis,H:T,4.1609836110981,0.15254166737369967,4.0084419437244
lb,40000,4,next_layer_basis,H:M,2.5174980208060593,0.09892013426369664,2.4185778865423626
lb,40000,4,next_layer_basis,H:T,4.175759170073999,0.4000832260842604,3.7756759439897385
lb,40000,5,next_layer_basis,H:M,2.268788593757672,0.1885194350398452,2.080269158717827
lb,40000,5,next_layer_basis,H:T,4.0858751683088945,0.37865613451171076,3.707219033797184
lb,40000,6,next_layer_basis,H:M,2.0516222006168703,0.20260091007817022,1.8490212905387
lb,40000,6,next_layer_basis,H:T,3.5400970677123382,0.46581711670148285,3.0742799510108556
lb,40000,7,next_layer_basis,H:M,1.2552266732638877,-0.007768318581219551,1.2629949918451073
lb,40000,7,next_layer_basis,H:T,2.9786563474373677,0.06232877384157915,2.9163275735957885
lb,40000,8,next_layer_basis,H:M,1.2487094847107287,0.20526902722170987,1.0434404574890188
lb,40000,8,next_layer_basis,H:T,2.5475384829727314,0.2562477763968884,2.291290706575843
lb,40000,9,next_layer_basis,H:M,1.6880422377493216,0.011301759832009426,1.6767404779173123
lb,40000,9,next_layer_basis,H:T,2.841467755736849,0.13089872619590698,2.7105690295409417
lb,40000,10,next_layer_basis,H:M,1.2078162710646545,-0.004897789080492238,1.2127140601451467
lb,40000,10,next_layer_basis,H:T,2.6560811934339243,-0.08149941456908862,2.737580608003013
lb,40000,11,next_layer_basis,H:M,1.093230377839956,-0.08950674198232329,1.1827371198222791
lb,40000,11,next_layer_basis,H:T,2.1135197323645403,-0.28908758518939087,2.4026073175539313
lb,40000,12,next_layer_basis,H:M,1.4765372579554332,-0.02892634866410583,1.505463606619539
lb,40000,12,next_layer_basis,H:T,2.616744996253408,-0.004145621695947676,2.6208906179493554
lb,80000,1,next_layer_basis,H:M,1.9434519501293401,0.01028469975641608,1.933167250372924
lb,80000,1,next_layer_basis,H:T,3.520469698804206,-0.2269491428226118,3.7474188416268177
lb,80000,2,next_layer_basis,H:M,2.7692898243813064,0.1565625917169345,2.612727232664372
lb,80000,2,next_layer_basis,H:T,4.57143705004932,0.6085861300551573,3.9628509199941626
lb,80000,3,next_layer_basis,H:M,2.6830896647076847,-0.041201900049801586,2.724291564757486
lb,80000,3,next_layer_basis,H:T,4.404390026622604,0.1738562080408712,4.2305338185817325
lb,80000,4,next_layer_basis,H:M,2.510711868181556,0.15846611951286094,2.352245748668695
lb,80000,4,next_layer_basis,H:T,4.284487908738586,0.5025736449229009,3.7819142638156853
lb,80000,5,next_layer_basis,H:M,2.3358089485281868,0.14762264910945055,2.188186299418736
lb,80000,5,next_layer_basis,H:T,4.169534866282642,0.34949247347532253,3.820042392807319
lb,80000,6,next_layer_basis,H:M,2.10445066062327,0.13830452599279403,1.9661461346304758
lb,80000,6,next_layer_basis,H:T,3.5884140091270895,0.41886272973106004,3.1695512793960297
lb,80000,7,next_layer_basis,H:M,1.303621019561984,0.02886104437350549,1.2747599751884784
lb,80000,7,next_layer_basis,H:T,2.945928794007372,0.13034789344785488,2.8155809005595174
lb,80000,8,next_layer_basis,H:M,1.2595670783018167,0.2558509445431067,1.00371613375871
lb,80000,8,next_layer_basis,H:T,2.516903057173572,0.3076589029628575,2.209244154210715
lb,80000,9,next_layer_basis,H:M,1.7558360909770412,-0.004429856274276911,1.760265947251318
lb,80000,9,next_layer_basis,H:T,2.847520198778613,0.10505365944658397,2.742466539332029
lb,80000,10,next_layer_basis,H:M,1.2651830624041327,0.04293002746626738,1.2222530349378653
lb,80000,10,next_layer_basis,H:T,2.6192959717066775,-0.08605197756036481,2.7053479492670425
lb,80000,11,next_layer_basis,H:M,1.0899732138629012,-0.07376792043640318,1.1637411342993045
lb,80000,11,next_layer_basis,H:T,1.9347564016876404,-0.34296597724439387,2.2777223789320344
lb,80000,12,next_layer_basis,H:M,1.4624737088833337,0.00924734748180341,1.4532263614015304
lb,80000,12,next_layer_basis,H:T,2.391198686677582,0.0010126839624191402,2.390186002715163
decommon,30000,1,expert_input_h_basis,H:M,1.5524079278083074,1.7090211017997152,-0.15661317399140784
decommon,30000,1,expert_input_h_basis,H:T,2.520705218770665,2.5514196388377277,-0.030714420067062598
decommon,30000,2,expert_input_h_basis,H:M,2.4775448015633423,0.8782145883908422,1.5993302131725002
decommon,30000,2,expert_input_h_basis,H:T,4.193327488842476,2.5082023073335575,1.6851251815089183
decommon,30000,3,expert_input_h_basis,H:M,2.775200319511141,1.1341563740062093,1.6410439455049317
decommon,30000,3,expert_input_h_basis,H:T,4.247345340267541,2.300120767105846,1.9472245731616953
decommon,30000,4,expert_input_h_basis,H:M,2.496462232515485,0.7753197763719119,1.721142456143573
decommon,30000,4,expert_input_h_basis,H:T,4.203959936164781,1.703310920089546,2.5006490160752346
decommon,30000,5,expert_input_h_basis,H:M,2.0946674848153073,0.8353662546499635,1.259301230165344
decommon,30000,5,expert_input_h_basis,H:T,3.8111254171437645,1.3982223184517835,2.412903098691981
decommon,30000,6,expert_input_h_basis,H:M,1.4234533862059757,0.6652212075600542,0.7582321786459215
decommon,30000,6,expert_input_h_basis,H:T,3.2801965396302695,0.9229567480981958,2.3572397915320735
decommon,30000,7,expert_input_h_basis,H:M,1.2640241895737376,0.621191479256794,0.6428327103169437
decommon,30000,7,expert_input_h_basis,H:T,2.6917570656758056,0.9162698133077241,1.7754872523680816
decommon,30000,8,expert_input_h_basis,H:M,1.5017175272821655,0.27259289745450066,1.2291246298276648
decommon,30000,8,expert_input_h_basis,H:T,2.930421529477257,0.44734980538535996,2.4830717240918974
decommon,30000,9,expert_input_h_basis,H:M,0.847642246511199,0.5006144997257399,0.3470277467854591
decommon,30000,9,expert_input_h_basis,H:T,1.8462128535822022,0.5135040200960372,1.332708833486165
decommon,30000,10,expert_input_h_basis,H:M,0.9528470737642358,0.22498086248574084,0.727866211278495
decommon,30000,10,expert_input_h_basis,H:T,2.30512390452867,0.2359577751154414,2.0691661294132286
decommon,30000,11,expert_input_h_basis,H:M,1.0120549948680373,0.41023149998350045,0.6018234948845369
decommon,30000,11,expert_input_h_basis,H:T,2.2505293843978884,0.3029977008630294,1.947531683534859
decommon,30000,12,expert_input_h_basis,H:M,0.48547650466679315,-0.08173828139354457,0.5672147860603377
decommon,30000,12,expert_input_h_basis,H:T,2.0371129450348886,-0.19994904091484358,2.2370619859497323
decommon,40000,1,expert_input_h_basis,H:M,1.566460470142913,1.7326236609666448,-0.16616319082373177
decommon,40000,1,expert_input_h_basis,H:T,2.6949875560433343,2.7232890997549517,-0.028301543711617416
decommon,40000,2,expert_input_h_basis,H:M,2.484571527767395,0.816061299495308,1.668510228272087
decommon,40000,2,expert_input_h_basis,H:T,4.253697497693265,2.4171182468805448,1.8365792508127203
decommon,40000,3,expert_input_h_basis,H:M,2.7676002810970695,1.0504454731906223,1.7171548079064471
decommon,40000,3,expert_input_h_basis,H:T,4.286276472831889,2.170606955339831,2.115669517492058
decommon,40000,4,expert_input_h_basis,H:M,2.4539393288285467,0.7494778982055059,1.7044614306230408
decommon,40000,4,expert_input_h_basis,H:T,4.172483721872266,1.5978785396173716,2.574605182254894
decommon,40000,5,expert_input_h_basis,H:M,2.044145354751845,0.8644187974772197,1.1797265572746254
decommon,40000,5,expert_input_h_basis,H:T,3.7701218225118236,1.3030237568705771,2.4670980656412462
decommon,40000,6,expert_input_h_basis,H:M,1.3914959964292324,0.6927864751878677,0.6987095212413647
decommon,40000,6,expert_input_h_basis,H:T,3.215763313731814,0.9009891805674013,2.3147741331644127
decommon,40000,7,expert_input_h_basis,H:M,1.2182568843641464,0.5748384301036522,0.6434184542604942
decommon,40000,7,expert_input_h_basis,H:T,2.4390204704085807,0.788036550387213,1.6509839200213676
decommon,40000,8,expert_input_h_basis,H:M,1.3965449942364478,0.31098124132831,1.085563752908138
decommon,40000,8,expert_input_h_basis,H:T,2.6688919102642767,0.38164306961412,2.2872488406501565
decommon,40000,9,expert_input_h_basis,H:M,0.7612428283606715,0.38332788797706013,0.37791494038361134
decommon,40000,9,expert_input_h_basis,H:T,1.6213116932605922,0.39117893277123467,1.2301327604893575
decommon,40000,10,expert_input_h_basis,H:M,0.8630956578189466,0.19770528890486763,0.665390368914079
decommon,40000,10,expert_input_h_basis,H:T,2.0296204495811643,0.15090670581794388,1.8787137437632204
decommon,40000,11,expert_input_h_basis,H:M,0.9279339576697173,0.3434523458395608,0.5844816118301566
decommon,40000,11,expert_input_h_basis,H:T,2.0012946313717386,0.1870221232481538,1.8142725081235849
decommon,40000,12,expert_input_h_basis,H:M,0.2887115707368441,-0.14869432302623153,0.43740589376307565
decommon,40000,12,expert_input_h_basis,H:T,1.7499562599444667,-0.2680146065774622,2.017970866521929
decommon,80000,1,expert_input_h_basis,H:M,1.878543969877493,1.9908761870601643,-0.11233221718267128
decommon,80000,1,expert_input_h_basis,H:T,3.1850651256450067,3.197679320680187,-0.012614195035180131
decommon,80000,2,expert_input_h_basis,H:M,2.634660870532729,1.0723686178985856,1.5622922526341432
decommon,80000,2,expert_input_h_basis,H:T,4.42788817662573,2.595798139362662,1.8320900372630682
decommon,80000,3,expert_input_h_basis,H:M,2.7877145469211224,1.033540180926205,1.7541743659949174
decommon,80000,3,expert_input_h_basis,H:T,4.4267342065171364,2.0775356632413056,2.349198543275831
decommon,80000,4,expert_input_h_basis,H:M,2.4365362615213146,0.7818639546369999,1.6546723068843148
decommon,80000,4,expert_input_h_basis,H:T,4.058816695333155,1.4806657470901796,2.578150948242975
decommon,80000,5,expert_input_h_basis,H:M,2.007545270861133,0.8779665803263786,1.1295786905347542
decommon,80000,5,expert_input_h_basis,H:T,3.7213130418791236,1.2358406826586383,2.485472359220485
decommon,80000,6,expert_input_h_basis,H:M,1.4532276095411307,0.6807828358581274,0.7724447736830033
decommon,80000,6,expert_input_h_basis,H:T,3.2081531629078968,0.8678383738269708,2.340314789080926
decommon,80000,7,expert_input_h_basis,H:M,1.2340372680949838,0.5713741360068217,0.6626631320881621
decommon,80000,7,expert_input_h_basis,H:T,2.3056039956262113,0.7752016355817861,1.5304023600444252
decommon,80000,8,expert_input_h_basis,H:M,1.4505806527050693,0.30172176638506704,1.1488588863200022
decommon,80000,8,expert_input_h_basis,H:T,2.498498605074658,0.3533913323211117,2.1451072727535463
decommon,80000,9,expert_input_h_basis,H:M,0.739882018477063,0.3424234439431613,0.3974585745339017
decommon,80000,9,expert_input_h_basis,H:T,1.4434267949597348,0.3512400567997612,1.0921867381599735
decommon,80000,10,expert_input_h_basis,H:M,0.8498424247949213,0.21945471457280727,0.630387710222114
decommon,80000,10,expert_input_h_basis,H:T,1.8797102196227722,0.06688432584460342,1.8128258937781687
decommon,80000,11,expert_input_h_basis,H:M,0.9271972174608084,0.3457836014989192,0.5814136159618892
decommon,80000,11,expert_input_h_basis,H:T,1.8017274251472648,0.16364149409501982,1.6380859310522449
decommon,80000,12,expert_input_h_basis,H:M,0.10900636362774595,-0.20568727923460897,0.3146936428623549
decommon,80000,12,expert_input_h_basis,H:T,1.3040174312771313,-0.3701118436238425,1.6741292749009737
lb,30000,1,expert_input_h_basis,H:M,1.6598533160403588,1.6370106071711137,0.02284270886924511
lb,30000,1,expert_input_h_basis,H:T,2.8476204308345445,2.8095728853398834,0.03804754549466116
lb,30000,2,expert_input_h_basis,H:M,2.441270418370335,0.26059987174618643,2.1806705466241487
lb,30000,2,expert_input_h_basis,H:T,3.9262222874926813,1.4562067713227638,2.4700155161699175
lb,30000,3,expert_input_h_basis,H:M,2.533306322244033,1.1483285190217531,1.3849778032222797
lb,30000,3,expert_input_h_basis,H:T,4.045452494630775,2.512975698660462,1.5324767959703127
lb,30000,4,expert_input_h_basis,H:M,2.509601627614116,0.22362679466689708,2.285974832947219
lb,30000,4,expert_input_h_basis,H:T,4.153656059406513,1.0458590436658985,3.1077970157406147
lb,30000,5,expert_input_h_basis,H:M,2.2739235678151566,0.7030831896050365,1.5708403782101201
lb,30000,5,expert_input_h_basis,H:T,4.046897129094512,1.5217216562158915,2.5251754728786207
lb,30000,6,expert_input_h_basis,H:M,2.07789819282914,0.6317662012016877,1.4461319916274524
lb,30000,6,expert_input_h_basis,H:T,3.560940603328058,1.0802607737531935,2.4806798295748647
lb,30000,7,expert_input_h_basis,H:M,1.3007902237601041,0.4864041957937811,0.8143860279663231
lb,30000,7,expert_input_h_basis,H:T,3.0496604886795184,0.6373557409581325,2.412304747721386
lb,30000,8,expert_input_h_basis,H:M,1.3029215591664756,0.46301119749471287,0.8399103616717627
lb,30000,8,expert_input_h_basis,H:T,2.6259314280298045,0.6406741558139741,1.9852572722158304
lb,30000,9,expert_input_h_basis,H:M,1.70625312843204,0.5398891554632896,1.1663639729687503
lb,30000,9,expert_input_h_basis,H:T,2.9016934954982982,0.6174449491517662,2.2842485463465323
lb,30000,10,expert_input_h_basis,H:M,1.2209554038410149,0.33818516265453913,0.8827702411864757
lb,30000,10,expert_input_h_basis,H:T,2.731674527141482,0.3081147921708857,2.4235597349705964
lb,30000,11,expert_input_h_basis,H:M,1.1564331183738061,0.08019822915959356,1.0762348892142126
lb,30000,11,expert_input_h_basis,H:T,2.2753904165815357,-0.11468189944982926,2.390072316031365
lb,30000,12,expert_input_h_basis,H:M,1.5814120263804345,-0.07012856693216125,1.6515405933125957
lb,30000,12,expert_input_h_basis,H:T,2.8258538248755616,-0.36624168210795155,3.192095506983513
lb,40000,1,expert_input_h_basis,H:M,1.6892950015460775,1.6736573527914655,0.015637648754611932
lb,40000,1,expert_input_h_basis,H:T,3.0104144045593277,2.9844819993088625,0.02593240525046525
lb,40000,2,expert_input_h_basis,H:M,2.5809694795711677,0.21298964215961844,2.3679798374115495
lb,40000,2,expert_input_h_basis,H:T,4.19278147838821,1.487115524130537,2.705665954257673
lb,40000,3,expert_input_h_basis,H:M,2.566483297379105,1.1777309102688454,1.3887523871102598
lb,40000,3,expert_input_h_basis,H:T,4.1609836110981,2.5451662426492403,1.6158173684488597
lb,40000,4,expert_input_h_basis,H:M,2.5174980208060593,0.23560209373445884,2.2818959270716004
lb,40000,4,expert_input_h_basis,H:T,4.175759170073999,1.0037885677166403,3.1719706023573586
lb,40000,5,expert_input_h_basis,H:M,2.268788593757672,0.6383072003914625,1.6304813933662097
lb,40000,5,expert_input_h_basis,H:T,4.0858751683088945,1.3866625449701993,2.6992126233386955
lb,40000,6,expert_input_h_basis,H:M,2.0516222006168703,0.6579130941626339,1.3937091064542364
lb,40000,6,expert_input_h_basis,H:T,3.5400970677123382,1.0197750004894799,2.5203220672228586
lb,40000,7,expert_input_h_basis,H:M,1.2552266732638877,0.5456569985306243,0.7095696747332634
lb,40000,7,expert_input_h_basis,H:T,2.9786563474373677,0.6363918978526534,2.3422644495847145
lb,40000,8,expert_input_h_basis,H:M,1.2487094847107287,0.43071326902976204,0.8179962156809667
lb,40000,8,expert_input_h_basis,H:T,2.5475384829727314,0.5541862801978129,1.9933522027749184
lb,40000,9,expert_input_h_basis,H:M,1.6880422377493216,0.5639051129947459,1.1241371247545757
lb,40000,9,expert_input_h_basis,H:T,2.841467755736849,0.5983221259072317,2.243145629829617
lb,40000,10,expert_input_h_basis,H:M,1.2078162710646545,0.3324695834849284,0.8753466875797261
lb,40000,10,expert_input_h_basis,H:T,2.6560811934339243,0.28863047402278713,2.367450719411137
lb,40000,11,expert_input_h_basis,H:M,1.093230377839956,0.04141286450793461,1.0518175133320213
lb,40000,11,expert_input_h_basis,H:T,2.1135197323645403,-0.15308451317359467,2.2666042455381348
lb,40000,12,expert_input_h_basis,H:M,1.4765372579554332,-0.09655613807914405,1.5730933960345772
lb,40000,12,expert_input_h_basis,H:T,2.616744996253408,-0.42916447861829377,3.045909474871702
lb,80000,1,expert_input_h_basis,H:M,1.9434519501293401,2.0125648272933994,-0.06911287716405923
lb,80000,1,expert_input_h_basis,H:T,3.520469698804206,3.461465702095336,0.0590039967088698
lb,80000,2,expert_input_h_basis,H:M,2.7692898243813064,0.10604958852180596,2.6632402358595004
lb,80000,2,expert_input_h_basis,H:T,4.57143705004932,1.472537052375723,3.0988999976735965
lb,80000,3,expert_input_h_basis,H:M,2.6830896647076847,1.1764372301893857,1.506652434518299
lb,80000,3,expert_input_h_basis,H:T,4.404390026622604,2.5323298256137203,1.8720602010088836
lb,80000,4,expert_input_h_basis,H:M,2.510711868181556,0.2563213049488499,2.254390563232706
lb,80000,4,expert_input_h_basis,H:T,4.284487908738586,0.9222717007119609,3.3622162080266254
lb,80000,5,expert_input_h_basis,H:M,2.3358089485281868,0.6604250507177224,1.6753838978104643
lb,80000,5,expert_input_h_basis,H:T,4.169534866282642,1.3290332693115832,2.8405015969710585
lb,80000,6,expert_input_h_basis,H:M,2.10445066062327,0.6250437167418484,1.4794069438814215
lb,80000,6,expert_input_h_basis,H:T,3.5884140091270895,0.9251640185322121,2.6632499905948777
lb,80000,7,expert_input_h_basis,H:M,1.303621019561984,0.6434344576636999,0.6601865618982841
lb,80000,7,expert_input_h_basis,H:T,2.945928794007372,0.6534266359786493,2.292502158028723
lb,80000,8,expert_input_h_basis,H:M,1.2595670783018167,0.47803931904462177,0.781527759257195
lb,80000,8,expert_input_h_basis,H:T,2.516903057173572,0.5811661255489105,1.9357369316246618
lb,80000,9,expert_input_h_basis,H:M,1.7558360909770412,0.6134152709902113,1.14242081998683
lb,80000,9,expert_input_h_basis,H:T,2.847520198778613,0.655919329760866,2.191600869017747
lb,80000,10,expert_input_h_basis,H:M,1.2651830624041327,0.3601623356958565,0.9050207267082762
lb,80000,10,expert_input_h_basis,H:T,2.6192959717066775,0.30540988444707773,2.3138860872595997
lb,80000,11,expert_input_h_basis,H:M,1.0899732138629012,0.15484970931961306,0.9351235045432882
lb,80000,11,expert_input_h_basis,H:T,1.9347564016876404,-0.09783207400816211,2.0325884756958024
lb,80000,12,expert_input_h_basis,H:M,1.4624737088833337,-0.18208822774996927,1.644561936633303
lb,80000,12,expert_input_h_basis,H:T,2.391198686677582,-0.5318988066145034,2.9230974932920857
