dim,seed,sharing,objective,first_stable_the_step,first_stable_a_step,first_stable_cake_step,first_stable_all_step,cake_pattern_exposure_at_stable,final_objective_loss,final_macro_loss,final_the_bayes_gap,final_a_bayes_gap,final_cake_loss,final_cake_accuracy,final_tail_common_energy_fraction,final_tail_contrast_common_energy_fraction,final_common_only_cake_loss,final_residual_only_cake_loss,final_rep_macro_top1_energy,final_rep_macro_effective_rank,final_rep_weighted_top1_energy,final_rep_weighted_effective_rank,final_embedding_raw_top1_energy,final_embedding_raw_effective_rank,final_embedding_centered_top1_energy,final_embedding_centered_effective_rank,final_Bqk_top1_energy,final_Bqk_effective_rank,final_Bvo_top1_energy,final_Bvo_effective_rank,final_loss_the_sun,final_loss_the_moon,final_loss_a_moon_cake,final_loss_a_banana_cake,final_loss_a_fruit_cake,final_cos_cake_moon_tail,final_cos_cake_moon_high,final_cos_cake_banana,final_cos_cake_fruit,final_cos_cake_sun,final_cos_cake_the,final_cos_cake_a,final_cos_moon_high_the,final_cos_moon_tail_a,final_cos_context_highmoon_tailmoon,final_cos_context_cake_moon_banana,final_cos_context_cake_moon_fruit,converged_objective_loss,converged_macro_loss,converged_the_bayes_gap,converged_a_bayes_gap,converged_cake_loss,converged_cake_accuracy,converged_tail_common_energy_fraction,converged_tail_contrast_common_energy_fraction,converged_common_only_cake_loss,converged_residual_only_cake_loss,converged_rep_macro_top1_energy,converged_rep_macro_effective_rank,converged_rep_weighted_top1_energy,converged_rep_weighted_effective_rank,converged_embedding_raw_top1_energy,converged_embedding_raw_effective_rank,converged_embedding_centered_top1_energy,converged_embedding_centered_effective_rank,converged_Bqk_top1_energy,converged_Bqk_effective_rank,converged_Bvo_top1_energy,converged_Bvo_effective_rank,converged_loss_the_sun,converged_loss_the_moon,converged_loss_a_moon_cake,converged_loss_a_banana_cake,converged_loss_a_fruit_cake,converged_cos_cake_moon_tail,converged_cos_cake_moon_high,converged_cos_cake_banana,converged_cos_cake_fruit,converged_cos_cake_sun,converged_cos_cake_the,converged_cos_cake_a,converged_cos_moon_high_the,converged_cos_moon_tail_a,converged_cos_context_highmoon_tailmoon,converged_cos_context_cake_moon_banana,converged_cos_context_cake_moon_fruit
8,0,shared,zipf_raw,30,60,50,60,50.0,0.6644338369369507,0.6069376468658447,3.4689903259277344e-05,0.00025177001953125,1.895374407467898e-05,1.0,0.9093424677848816,0.8937477469444275,0.00021625496447086334,1.5261482000350952,0.9683952331542969,1.1769119501113892,0.9649704694747925,1.1831806898117065,0.5770689845085144,3.1773221492767334,0.6106482148170471,2.791259765625,0.5248439311981201,2.2757527828216553,0.7289742231369019,2.197784900665283,0.6931546926498413,0.6932090520858765,0.5495990514755249,0.549370527267456,0.5493549704551697,0.37255236506462097,0.37255236506462097,0.5826701521873474,0.5157997012138367,-0.4450034499168396,0.022691428661346436,-0.11459439992904663,0.014488309621810913,0.22228793799877167,0.9999674558639526,0.8743388652801514,0.8806149959564209,0.6672483682632446,0.6119674444198608,0.001741647720336914,0.014040589332580566,0.0007200957625173032,1.0,0.9033380150794983,0.7824572324752808,8.705122309038416e-05,3.328963041305542,0.971703290939331,1.1508545875549316,0.9805904030799866,1.1120437383651733,0.6221157312393188,2.918997287750244,0.6857311725616455,2.4848146438598633,0.5171751976013184,2.287290096282959,0.6667253971099854,2.2576117515563965,0.6993124485015869,0.6904652118682861,0.6502829790115356,0.49943697452545166,0.5203396677970886,0.506666898727417,0.506666898727417,0.7106155157089233,0.6005680561065674,-0.5299625396728516,-0.03644871711730957,-0.4643888771533966,0.02671649307012558,0.2157912254333496,0.9999980330467224,0.9051464200019836,0.9077281355857849
8,0,shared,uniform_raw,30,50,20,50,60.0,0.6074632406234741,0.6074632406234741,0.0014571547508239746,0.00012302398681640625,2.9007467219344107e-06,1.0,0.7850991487503052,0.04893854632973671,0.015495173633098602,0.494075745344162,0.8570716977119446,1.5492384433746338,0.9078967571258545,1.3981785774230957,0.6253280639648438,2.695754289627075,0.6022871732711792,2.627281665802002,0.992973804473877,1.053411602973938,0.676358699798584,2.285895586013794,0.6436938643455505,0.7455148100852966,0.5502732396125793,0.5485780239105225,0.5492560863494873,0.4592996835708618,0.4592996835708618,0.5197557210922241,0.505028486251831,-0.02600611373782158,-0.15697866678237915,-0.4216740131378174,0.38511398434638977,0.3619559407234192,1.0,0.9190045595169067,0.8938198089599609,0.609161913394928,0.609161913394928,0.0029199719429016113,0.0035058259963989258,0.0003319722891319543,1.0,0.8993162512779236,0.10663732886314392,0.0026865461841225624,6.673469066619873,0.8850995302200317,1.4467518329620361,0.9065669178962708,1.3889906406402588,0.6608747839927673,2.517669916152954,0.6695388555526733,2.403310537338257,0.9925670027732849,1.0561472177505493,0.7524794340133667,2.0811569690704346,0.6757763028144836,0.7163580060005188,0.5884671211242676,0.5366341471672058,0.5285739898681641,0.6285679936408997,0.6285679936408997,0.5669556856155396,0.5578262805938721,-0.21641506254673004,-0.05507633090019226,-0.3849569857120514,0.3794364929199219,0.2906475365161896,1.0000001192092896,0.9310764670372009,0.9125904440879822
8,0,shared,zipf_reweight,30,50,20,50,20.0,0.6074632406234741,0.6074632406234741,0.0014571547508239746,0.00012302398681640625,2.9007467219344107e-06,1.0,0.7850991487503052,0.04893854632973671,0.015495173633098602,0.494075745344162,0.8570716977119446,1.5492384433746338,0.9078967571258545,1.3981785774230957,0.6253280639648438,2.695754289627075,0.6022871732711792,2.627281665802002,0.992973804473877,1.053411602973938,0.676358699798584,2.285895586013794,0.6436938643455505,0.7455148100852966,0.5502732396125793,0.5485780239105225,0.5492560863494873,0.4592996835708618,0.4592996835708618,0.5197557210922241,0.505028486251831,-0.02600611373782158,-0.15697866678237915,-0.4216740131378174,0.38511398434638977,0.3619559407234192,1.0,0.9190045595169067,0.8938198089599609,0.609161913394928,0.609161913394928,0.0029199719429016113,0.0035058259963989258,0.0003319722891319543,1.0,0.8993162512779236,0.10663732886314392,0.0026865461841225624,6.673469066619873,0.8850995302200317,1.4467518329620361,0.9065669178962708,1.3889906406402588,0.6608747839927673,2.517669916152954,0.6695388555526733,2.403310537338257,0.9925670027732849,1.0561472177505493,0.7524794340133667,2.0811569690704346,0.6757763028144836,0.7163580060005188,0.5884671211242676,0.5366341471672058,0.5285739898681641,0.6285679936408997,0.6285679936408997,0.5669556856155396,0.5578262805938721,-0.21641506254673004,-0.05507633090019226,-0.3849569857120514,0.3794364929199219,0.2906475365161896,1.0000001192092896,0.9310764670372009,0.9125904440879822
8,0,split,zipf_raw,20,40,30,40,30.0,0.6643856763839722,0.6068599820137024,1.3113021850585938e-06,4.4226646423339844e-05,1.211952530866256e-05,1.0,0.9932457208633423,0.0008779811323620379,4.768370445162873e-07,5.031631946563721,0.9831797480583191,1.0906695127487183,0.9533601403236389,1.2084687948226929,0.6644166111946106,2.3260226249694824,0.6734891533851624,2.159266471862793,0.9936140775680542,1.047755241394043,0.8615701794624329,1.5896636247634888,0.6931437253952026,0.6931532621383667,0.5493193864822388,0.5493454337120056,0.5493381023406982,0.547309160232544,-0.7108356356620789,0.5482769012451172,0.557344913482666,-0.7347539067268372,-0.09308192133903503,-0.48955509066581726,0.5439761281013489,0.3752157688140869,-0.9968652129173279,0.9994380474090576,0.9996606111526489,0.6677021384239197,0.6159414052963257,0.00043517351150512695,0.029610753059387207,0.00013847144145984203,1.0,0.99817955493927,0.17401123046875,0.00011900345998583362,2.0568270683288574,0.9930540323257446,1.043929100036621,0.9783946871757507,1.1110622882843018,0.7522551417350769,2.1312973499298096,0.7662141919136047,1.9608418941497803,0.9925567507743835,1.0548712015151978,0.920659065246582,1.4051659107208252,0.7230318188667297,0.6641328930854797,0.5296152830123901,0.5729373097419739,0.5899897813796997,0.7039859294891357,-0.771101176738739,0.7407829165458679,0.750251829624176,-0.7949522733688354,-0.28874117136001587,-0.4281795024871826,0.6618223190307617,0.2629018723964691,-0.9988117814064026,0.9994359612464905,0.9995211958885193
8,0,split,uniform_raw,20,30,30,30,90.0,0.6068503856658936,0.6068503856658936,7.152557373046875e-07,2.4318695068359375e-05,8.344645721081179e-07,1.0,0.9933609962463379,0.09637698531150818,9.675350884208456e-05,0.5847153067588806,0.9885995984077454,1.0651484727859497,0.9345338344573975,1.2742242813110352,0.7298593521118164,2.0421626567840576,0.7287986874580383,1.9747263193130493,0.9917689561843872,1.0599790811538696,0.8331711292266846,1.63960862159729,0.693218469619751,0.6930773258209229,0.5493911504745483,0.5488241314888,0.5497409105300903,0.5888271331787109,-0.47443217039108276,0.5349143743515015,0.6052248477935791,-0.4941340684890747,0.2133481502532959,-0.4046795964241028,0.5924590826034546,0.4915689527988434,-0.9971373081207275,0.9998950362205505,0.9998193383216858,0.6136061549186707,0.6136061549186707,0.0008080601692199707,0.021455764770507812,1.2079782209184486e-05,1.0,0.9816701412200928,0.3165593445301056,0.0007228180184029043,0.7127301096916199,0.9896765351295471,1.060394525527954,0.9501358866691589,1.2203524112701416,0.7557545304298401,1.9996346235275269,0.769932210445404,1.893967628479004,0.9878560900688171,1.084897518157959,0.864908754825592,1.5742385387420654,0.6539133191108704,0.7339971661567688,0.6497964262962341,0.47395965456962585,0.5563641786575317,0.7220043540000916,-0.5289875864982605,0.661994218826294,0.761587381362915,-0.5507746934890747,0.00924517959356308,-0.23577407002449036,0.7316187620162964,0.49457889795303345,-0.9925544857978821,0.9998141527175903,0.9993562698364258
8,0,split,zipf_reweight,20,30,30,30,30.0,0.6068503856658936,0.6068503856658936,7.152557373046875e-07,2.4318695068359375e-05,8.344645721081179e-07,1.0,0.9933609962463379,0.09637698531150818,9.675350884208456e-05,0.5847153067588806,0.9885995984077454,1.0651484727859497,0.9345338344573975,1.2742242813110352,0.7298593521118164,2.0421626567840576,0.7287986874580383,1.9747263193130493,0.9917689561843872,1.0599790811538696,0.8331711292266846,1.63960862159729,0.693218469619751,0.6930773258209229,0.5493911504745483,0.5488241314888,0.5497409105300903,0.5888271331787109,-0.47443217039108276,0.5349143743515015,0.6052248477935791,-0.4941340684890747,0.2133481502532959,-0.4046795964241028,0.5924590826034546,0.4915689527988434,-0.9971373081207275,0.9998950362205505,0.9998193383216858,0.6136061549186707,0.6136061549186707,0.0008080601692199707,0.021455764770507812,1.2079782209184486e-05,1.0,0.9816701412200928,0.3165593445301056,0.0007228180184029043,0.7127301096916199,0.9896765351295471,1.060394525527954,0.9501358866691589,1.2203524112701416,0.7557545304298401,1.9996346235275269,0.769932210445404,1.893967628479004,0.9878560900688171,1.084897518157959,0.864908754825592,1.5742385387420654,0.6539133191108704,0.7339971661567688,0.6497964262962341,0.47395965456962585,0.5563641786575317,0.7220043540000916,-0.5289875864982605,0.661994218826294,0.761587381362915,-0.5507746934890747,0.00924517959356308,-0.23577407002449036,0.7316187620162964,0.49457889795303345,-0.9925544857978821,0.9998141527175903,0.9993562698364258
8,1,shared,zipf_raw,20,80,80,80,80.0,0.667472243309021,0.6085172891616821,0.003802478313446045,0.0004495382308959961,6.289683369686827e-05,1.0,0.9378945827484131,0.7288574576377869,6.420788849936798e-05,1.9185599088668823,0.9531089067459106,1.2294844388961792,0.9679045677185059,1.1682624816894531,0.4439706802368164,3.3849902153015137,0.5168169736862183,2.984712600708008,0.978271484375,1.137855052947998,0.7703019380569458,1.9881376028060913,0.7830168604850769,0.6108824610710144,0.5450074076652527,0.5532987117767334,0.5503809452056885,0.02863321453332901,0.02863321453332901,0.07493580132722855,0.16465355455875397,-0.5636764764785767,-0.09182032942771912,-0.7455357313156128,-0.034058935940265656,0.3056759536266327,1.0,0.7863375544548035,0.7847607731819153,0.6771009564399719,0.616899311542511,0.014054596424102783,0.012072205543518066,0.002710931934416294,1.0,0.8593087792396545,0.8993633985519409,0.02193388156592846,1.0299619436264038,0.9670857191085815,1.1667158603668213,0.9845487475395203,1.090584635734558,0.4655728340148926,3.2534823417663574,0.5806255340576172,2.799860954284668,0.9794129729270935,1.1326789855957031,0.8212109208106995,1.8201130628585815,0.8694971203804016,0.5449064373970032,0.46161532402038574,0.6139811277389526,0.5944966673851013,0.21561715006828308,0.21561715006828308,0.15535002946853638,0.2814358174800873,-0.5407356023788452,-0.1686515212059021,-0.6873904466629028,-0.008973188698291779,0.47166359424591064,0.9999977350234985,0.657342255115509,0.6631988286972046
8,1,shared,uniform_raw,40,30,30,40,90.0,0.6073427200317383,0.6073427200317383,0.001064300537109375,0.00024819374084472656,0.0,1.0,0.9787711501121521,0.5233845114707947,0.0,5.1806511878967285,0.9723324775695801,1.140703558921814,0.9833588004112244,1.0916309356689453,0.5743489861488342,2.730691909790039,0.5837908983230591,2.3334736824035645,0.8408023118972778,1.7866559028625488,0.7918512225151062,1.8377869129180908,0.7319436073303223,0.6564793586730957,0.5479635000228882,0.5502814054489136,0.5500458478927612,-0.1557103842496872,-0.1557103842496872,0.26493319869041443,0.33559831976890564,-0.7606074213981628,0.1992078721523285,-0.36096954345703125,-0.36296898126602173,0.23142868280410767,0.9999998807907104,0.9389798641204834,0.940329909324646,0.6168341636657715,0.6168341040611267,0.022869348526000977,0.0028127431869506836,0.0,1.0,0.9750315546989441,0.6079968214035034,0.0,4.685920715332031,0.9791824817657471,1.1112409830093384,0.9898126721382141,1.0613962411880493,0.6005416512489319,2.6820387840270996,0.6180546283721924,2.340618371963501,0.8117102980613708,1.9266149997711182,0.7790127396583557,1.850670337677002,0.5021421909332275,0.9298908710479736,0.5215432643890381,0.5997531414031982,0.5308411121368408,-0.0482102632522583,-0.0482102632522583,0.25825291872024536,0.31544387340545654,-0.7811222672462463,0.056461185216903687,-0.5857937335968018,-0.34906965494155884,0.17873159050941467,0.9999998807907104,0.9434282183647156,0.9462055563926697
8,1,shared,zipf_reweight,40,30,30,40,30.0,0.6073427200317383,0.6073427200317383,0.001064300537109375,0.00024819374084472656,0.0,1.0,0.9787711501121521,0.5233845114707947,0.0,5.1806511878967285,0.9723324775695801,1.140703558921814,0.9833588004112244,1.0916309356689453,0.5743489861488342,2.730691909790039,0.5837908983230591,2.3334736824035645,0.8408023118972778,1.7866559028625488,0.7918512225151062,1.8377869129180908,0.7319436073303223,0.6564793586730957,0.5479635000228882,0.5502814054489136,0.5500458478927612,-0.1557103842496872,-0.1557103842496872,0.26493319869041443,0.33559831976890564,-0.7606074213981628,0.1992078721523285,-0.36096954345703125,-0.36296898126602173,0.23142868280410767,0.9999998807907104,0.9389798641204834,0.940329909324646,0.6168341636657715,0.6168341040611267,0.022869348526000977,0.0028127431869506836,0.0,1.0,0.9750315546989441,0.6079968214035034,0.0,4.685920715332031,0.9791824817657471,1.1112409830093384,0.9898126721382141,1.0613962411880493,0.6005416512489319,2.6820387840270996,0.6180546283721924,2.340618371963501,0.8117102980613708,1.9266149997711182,0.7790127396583557,1.850670337677002,0.5021421909332275,0.9298908710479736,0.5215432643890381,0.5997531414031982,0.5308411121368408,-0.0482102632522583,-0.0482102632522583,0.25825291872024536,0.31544387340545654,-0.7811222672462463,0.056461185216903687,-0.5857937335968018,-0.34906965494155884,0.17873159050941467,0.9999998807907104,0.9434282183647156,0.9462055563926697
8,1,split,zipf_raw,20,50,30,50,30.0,0.6643863320350647,0.6068578958511353,3.337860107421875e-06,4.0531158447265625e-05,6.119390945968917e-06,1.0,0.976607620716095,0.16161252558231354,0.0,10.774696350097656,0.9935000538825989,1.041061520576477,0.9749606251716614,1.1250808238983154,0.7334650158882141,2.0301079750061035,0.7259275317192078,2.018749475479126,0.9660658240318298,1.1928480863571167,0.8928154110908508,1.4986519813537598,0.693150520324707,0.693150520324707,0.5493322014808655,0.5493290424346924,0.5493271946907043,0.4387979209423065,-0.7624832987785339,0.41432827711105347,0.40881848335266113,-0.7679428458213806,0.14017698168754578,-0.6475406885147095,0.46431177854537964,0.35978907346725464,-0.984965443611145,0.9997824430465698,0.9997981786727905,0.6654183864593506,0.6098592877388,5.078315734863281e-05,0.009802460670471191,0.00018551218090578914,1.0,0.9920455813407898,0.5560446381568909,2.5033916699612746e-06,5.477268218994141,0.9974304437637329,1.0189626216888428,0.9923770427703857,1.0464391708374023,0.7829053401947021,1.9211069345474243,0.7813858389854431,1.8954622745513916,0.962947428226471,1.2086601257324219,0.9476463794708252,1.2951459884643555,0.6831338405609131,0.7032620906829834,0.6143155694007874,0.5279577374458313,0.5206272006034851,0.588719367980957,-0.8308589458465576,0.5620731115341187,0.557171642780304,-0.8345156311988831,-0.12706534564495087,-0.5470403432846069,0.6075077056884766,0.3213643431663513,-0.9943691492080688,0.9997760057449341,0.9997739195823669
8,1,split,uniform_raw,20,30,20,30,60.0,0.6068469882011414,0.6068470478057861,1.1920928955078125e-06,1.3232231140136719e-05,0.0,1.0,0.9741285443305969,0.6611959934234619,0.0,13.847118377685547,0.9906670451164246,1.0554444789886475,0.9631938338279724,1.1720187664031982,0.6761303544044495,2.1951611042022705,0.6632370948791504,2.132040500640869,0.9638041257858276,1.2250735759735107,0.8869353532791138,1.5162127017974854,0.6931498050689697,0.6931469440460205,0.5493075251579285,0.5493122935295105,0.5493184924125671,0.22902390360832214,-0.5702813267707825,0.17825016379356384,0.13114622235298157,-0.5728693008422852,0.4128521680831909,-0.7691026926040649,0.3822755515575409,0.37657153606414795,-0.9842538833618164,0.999669075012207,0.9994691610336304,0.6202680468559265,0.6202680468559265,0.0010088682174682617,0.023308277130126953,0.020098121836781502,1.0,0.9937921166419983,0.5647477507591248,0.0012349357130005956,4.174401760101318,0.9967262148857117,1.0234578847885132,0.991554856300354,1.0510164499282837,0.7438843846321106,2.110530376434326,0.7463919520378113,2.0105104446411133,0.9313953518867493,1.4084185361862183,0.9516453742980957,1.2905263900756836,0.7390779256820679,0.6492341756820679,0.49818772077560425,0.5807773470878601,0.6340630054473877,0.3975510001182556,-0.7245073318481445,0.43557682633399963,0.505289614200592,-0.7165445685386658,0.02235984057188034,-0.5927121043205261,0.5790407657623291,0.4495627284049988,-0.9925782084465027,0.9994947910308838,0.9993245601654053
8,1,split,zipf_reweight,20,30,20,30,20.0,0.6068469882011414,0.6068470478057861,1.1920928955078125e-06,1.3232231140136719e-05,0.0,1.0,0.9741285443305969,0.6611959934234619,0.0,13.847118377685547,0.9906670451164246,1.0554444789886475,0.9631938338279724,1.1720187664031982,0.6761303544044495,2.1951611042022705,0.6632370948791504,2.132040500640869,0.9638041257858276,1.2250735759735107,0.8869353532791138,1.5162127017974854,0.6931498050689697,0.6931469440460205,0.5493075251579285,0.5493122935295105,0.5493184924125671,0.22902390360832214,-0.5702813267707825,0.17825016379356384,0.13114622235298157,-0.5728693008422852,0.4128521680831909,-0.7691026926040649,0.3822755515575409,0.37657153606414795,-0.9842538833618164,0.999669075012207,0.9994691610336304,0.6202680468559265,0.6202680468559265,0.0010088682174682617,0.023308277130126953,0.020098121836781502,1.0,0.9937921166419983,0.5647477507591248,0.0012349357130005956,4.174401760101318,0.9967262148857117,1.0234578847885132,0.991554856300354,1.0510164499282837,0.7438843846321106,2.110530376434326,0.7463919520378113,2.0105104446411133,0.9313953518867493,1.4084185361862183,0.9516453742980957,1.2905263900756836,0.7390779256820679,0.6492341756820679,0.49818772077560425,0.5807773470878601,0.6340630054473877,0.3975510001182556,-0.7245073318481445,0.43557682633399963,0.505289614200592,-0.7165445685386658,0.02235984057188034,-0.5927121043205261,0.5790407657623291,0.4495627284049988,-0.9925782084465027,0.9994947910308838,0.9993245601654053
8,2,shared,zipf_raw,20,120,120,120,120.0,0.6646369099617004,0.6075394749641418,3.844499588012695e-05,0.001295924186706543,0.0009756892104633152,1.0,0.8276433944702148,0.9867169260978699,5.1748151779174805,6.969439709791914e-05,0.9330323934555054,1.3039060831069946,0.8768550753593445,1.4750711917877197,0.797556459903717,1.975291132926941,0.8425602912902832,1.7086060047149658,0.9900689721107483,1.0718744993209839,0.8960884213447571,1.4954047203063965,0.6903679966926575,0.696003258228302,0.558705747127533,0.5466684103012085,0.5459517240524292,0.36926230788230896,0.36926230788230896,-0.30645957589149475,-0.3721410632133484,-0.09868539124727249,0.24809321761131287,-0.9665813446044922,0.3062869906425476,-0.18055950105190277,0.9669457077980042,-0.5716427564620972,-0.5799357891082764,0.6769764423370361,0.6256002187728882,0.009517371654510498,0.022969841957092285,0.026866011321544647,1.0,0.8683786988258362,0.9894586205482483,3.2525508403778076,0.022887863218784332,0.9614391922950745,1.189637303352356,0.945408046245575,1.243579387664795,0.644649863243103,2.584148406982422,0.7078870534896851,2.1710150241851807,0.9901686310768127,1.0715125799179077,0.8962588310241699,1.4856293201446533,0.5660287737846375,0.8393003344535828,0.6257617473602295,0.5523878335952759,0.5445226430892944,0.33424967527389526,0.33424967527389526,-0.20053353905677795,-0.343111127614975,-0.13060638308525085,0.13931971788406372,-0.9014953970909119,0.26922672986984253,0.0634409710764885,0.9729588031768799,-0.53891521692276,-0.5543384552001953
8,2,shared,uniform_raw,30,30,30,30,90.0,0.6070980429649353,0.6070980429649353,0.0005255937576293945,0.00015079975128173828,0.0,1.0,0.911374032497406,0.19684365391731262,0.0,6.3093037605285645,0.9319595694541931,1.3214616775512695,0.946442723274231,1.278651237487793,0.5809454321861267,2.9855031967163086,0.5929393768310547,2.559521198272705,0.7232866287231445,1.988453984260559,0.6218894720077515,2.370246648788452,0.7189470529556274,0.6683984994888306,0.5414173007011414,0.5535261034965515,0.5532013773918152,0.26583513617515564,0.26583513617515564,0.48828548192977905,0.44703298807144165,-0.45696860551834106,0.24820470809936523,-0.4277474582195282,-0.15588386356830597,0.2177116423845291,1.0,0.8660095930099487,0.8559473752975464,0.6214559674263,0.6214559674263,0.02994447946548462,0.008785367012023926,3.973642748178463e-08,1.0,0.9316729307174683,0.47074753046035767,3.973642748178463e-08,1.872584342956543,0.9433681964874268,1.271282434463501,0.9566015601158142,1.2278367280960083,0.6170342564582825,2.832691192626953,0.6528082489967346,2.4794347286224365,0.5988534092903137,2.3301093578338623,0.6556345820426941,2.2586426734924316,0.9416094422340393,0.5045738816261292,0.5694220662117004,0.5154464244842529,0.576228141784668,0.41627949476242065,0.41627949476242065,0.5770877599716187,0.5620789527893066,-0.5533322095870972,0.0691184401512146,-0.5935351848602295,-0.08872786164283752,0.2694406509399414,0.9999794960021973,0.9011049866676331,0.852789044380188
8,2,shared,zipf_reweight,30,30,30,30,30.0,0.6070980429649353,0.6070980429649353,0.0005255937576293945,0.00015079975128173828,0.0,1.0,0.911374032497406,0.19684365391731262,0.0,6.3093037605285645,0.9319595694541931,1.3214616775512695,0.946442723274231,1.278651237487793,0.5809454321861267,2.9855031967163086,0.5929393768310547,2.559521198272705,0.7232866287231445,1.988453984260559,0.6218894720077515,2.370246648788452,0.7189470529556274,0.6683984994888306,0.5414173007011414,0.5535261034965515,0.5532013773918152,0.26583513617515564,0.26583513617515564,0.48828548192977905,0.44703298807144165,-0.45696860551834106,0.24820470809936523,-0.4277474582195282,-0.15588386356830597,0.2177116423845291,1.0,0.8660095930099487,0.8559473752975464,0.6214559674263,0.6214559674263,0.02994447946548462,0.008785367012023926,3.973642748178463e-08,1.0,0.9316729307174683,0.47074753046035767,3.973642748178463e-08,1.872584342956543,0.9433681964874268,1.271282434463501,0.9566015601158142,1.2278367280960083,0.6170342564582825,2.832691192626953,0.6528082489967346,2.4794347286224365,0.5988534092903137,2.3301093578338623,0.6556345820426941,2.2586426734924316,0.9416094422340393,0.5045738816261292,0.5694220662117004,0.5154464244842529,0.576228141784668,0.41627949476242065,0.41627949476242065,0.5770877599716187,0.5620789527893066,-0.5533322095870972,0.0691184401512146,-0.5935351848602295,-0.08872786164283752,0.2694406509399414,0.9999794960021973,0.9011049866676331,0.852789044380188
8,2,split,zipf_raw,20,50,30,50,30.0,0.6643918752670288,0.6068616509437561,9.775161743164062e-06,3.9696693420410156e-05,1.0847982593986671e-05,1.0,0.9852434992790222,0.2236482799053192,0.0,7.577491760253906,0.9884659051895142,1.066025733947754,0.9628660678863525,1.1727221012115479,0.703946053981781,2.128540515899658,0.6949864625930786,2.079216957092285,0.9910913705825806,1.066895842552185,0.8971148729324341,1.4635014533996582,0.693105936050415,0.6932079792022705,0.5493497252464294,0.5493392944335938,0.5493052005767822,0.5130830407142639,-0.8236775994300842,0.4877471327781677,0.4923989772796631,-0.7374190092086792,0.15564757585525513,-0.6342673301696777,0.32303503155708313,0.30138495564460754,-0.9864266514778137,0.9998871088027954,0.9997796416282654,0.6661944389343262,0.6114233732223511,0.00043272972106933594,0.014608263969421387,8.41979417600669e-05,1.0,0.9957090616226196,0.6333531737327576,7.152530542953173e-06,3.8668010234832764,0.9963251352310181,1.0255004167556763,0.9880539178848267,1.0675121545791626,0.7484629154205322,2.042119264602661,0.7479981184005737,1.9808975458145142,0.9903141260147095,1.0720903873443604,0.9593934416770935,1.234222173690796,0.7225363254547119,0.664623498916626,0.6322252154350281,0.48760753870010376,0.55012446641922,0.6552469730377197,-0.8797675371170044,0.6099133491516113,0.6131044626235962,-0.787043571472168,-0.10126646608114243,-0.5921465158462524,0.4607151448726654,0.18965142965316772,-0.996060848236084,0.999858021736145,0.9997556209564209
8,2,split,uniform_raw,20,30,30,30,90.0,0.6068456172943115,0.6068455576896667,5.364418029785156e-07,9.417533874511719e-06,0.0,1.0,0.9928674101829529,0.5052638649940491,0.0,2.0553624629974365,0.9662409424781799,1.1640205383300781,0.8905855417251587,1.4136497974395752,0.5739830732345581,2.604118585586548,0.5863560438156128,2.3636693954467773,0.9661353826522827,1.1996132135391235,0.8447214961051941,1.6465697288513184,0.6931772828102112,0.693118155002594,0.549298107624054,0.5493023991584778,0.5493319630622864,0.40419134497642517,-0.3859443664550781,0.48108261823654175,0.3659801185131073,-0.45968949794769287,0.3139039874076843,-0.7742505073547363,0.30437126755714417,0.2080283761024475,-0.9916921854019165,0.9986444711685181,0.9996821880340576,0.6150073409080505,0.6150072813034058,0.007604539394378662,0.01707327365875244,3.2186451335292077e-06,1.0,0.988800048828125,0.6004932522773743,1.7007027054205537e-05,1.103286623954773,0.9849363565444946,1.0858434438705444,0.9626237750053406,1.1738569736480713,0.6155904531478882,2.5590498447418213,0.6422383189201355,2.317643880844116,0.9161789417266846,1.4547111988067627,0.9101405739784241,1.4412626028060913,0.5772718787193298,0.8242315649986267,0.5829238891601562,0.5141611695289612,0.5764480829238892,0.5260432958602905,-0.42755669355392456,0.6518785953521729,0.5027976632118225,-0.5231527090072632,0.05689746141433716,-0.7235175371170044,0.45724135637283325,0.16334940493106842,-0.9934244155883789,0.9984468221664429,0.9995726346969604
8,2,split,zipf_reweight,20,30,30,30,30.0,0.6068456172943115,0.6068455576896667,5.364418029785156e-07,9.417533874511719e-06,0.0,1.0,0.9928674101829529,0.5052638649940491,0.0,2.0553624629974365,0.9662409424781799,1.1640205383300781,0.8905855417251587,1.4136497974395752,0.5739830732345581,2.604118585586548,0.5863560438156128,2.3636693954467773,0.9661353826522827,1.1996132135391235,0.8447214961051941,1.6465697288513184,0.6931772828102112,0.693118155002594,0.549298107624054,0.5493023991584778,0.5493319630622864,0.40419134497642517,-0.3859443664550781,0.48108261823654175,0.3659801185131073,-0.45968949794769287,0.3139039874076843,-0.7742505073547363,0.30437126755714417,0.2080283761024475,-0.9916921854019165,0.9986444711685181,0.9996821880340576,0.6150073409080505,0.6150072813034058,0.007604539394378662,0.01707327365875244,3.2186451335292077e-06,1.0,0.988800048828125,0.6004932522773743,1.7007027054205537e-05,1.103286623954773,0.9849363565444946,1.0858434438705444,0.9626237750053406,1.1738569736480713,0.6155904531478882,2.5590498447418213,0.6422383189201355,2.317643880844116,0.9161789417266846,1.4547111988067627,0.9101405739784241,1.4412626028060913,0.5772718787193298,0.8242315649986267,0.5829238891601562,0.5141611695289612,0.5764480829238892,0.5260432958602905,-0.42755669355392456,0.6518785953521729,0.5027976632118225,-0.5231527090072632,0.05689746141433716,-0.7235175371170044,0.45724135637283325,0.16334940493106842,-0.9934244155883789,0.9984468221664429,0.9995726346969604
8,3,shared,zipf_raw,60,90,90,90,90.0,0.6645460724830627,0.6071449518203735,9.942054748535156e-05,0.0007654428482055664,0.00010985312837874517,1.0,0.9415513277053833,0.9866058826446533,0.12981052696704865,0.634257972240448,0.9780465364456177,1.128636121749878,0.9686475396156311,1.1614375114440918,0.6551963090896606,2.633955955505371,0.6811245679855347,2.4020893573760986,0.7079223394393921,1.8870161771774292,0.8557338714599609,1.668343424797058,0.691852331161499,0.6946408748626709,0.550392210483551,0.5493223667144775,0.5495169162750244,0.4122242033481598,0.4122242033481598,0.33311599493026733,0.4455806612968445,-0.46315228939056396,-0.5305386185646057,-0.8113235235214233,0.02018745243549347,-0.16053242981433868,0.9999994039535522,0.5891110301017761,0.5775899291038513,0.666795551776886,0.6089246869087219,0.002583801746368408,0.0026541948318481445,0.0008412351016886532,1.0,0.8568249344825745,0.9837616682052612,0.39287176728248596,0.09848781675100327,0.9829413294792175,1.1024768352508545,0.9788925647735596,1.1152409315109253,0.658583402633667,2.6365060806274414,0.7155733108520508,2.24497389793396,0.7960683703422546,1.7172956466674805,0.8528034090995789,1.6709511280059814,0.6529853940010071,0.738476574420929,0.5583294630050659,0.5410017967224121,0.5538303852081299,0.550296425819397,0.550296425819397,0.40566566586494446,0.5198798775672913,-0.4328731298446655,-0.5917550325393677,-0.7393133640289307,0.034399598836898804,0.06585825234651566,0.9999858140945435,0.5177221894264221,0.50553959608078
8,3,shared,uniform_raw,30,40,30,40,90.0,0.6068813800811768,0.6068813800811768,5.5670738220214844e-05,5.257129669189453e-05,2.5431218091398478e-06,1.0,0.8957932591438293,0.9434255957603455,0.0,12.509750366210938,0.981192409992218,1.1077654361724854,0.984747052192688,1.0938575267791748,0.5827834606170654,2.8284215927124023,0.5915458798408508,2.641091823577881,0.9225039482116699,1.410361409187317,0.738435685634613,1.9754631519317627,0.6930445432662964,0.6933611631393433,0.5494592785835266,0.5492656826972961,0.5492761731147766,-0.0486813485622406,-0.0486813485622406,0.4149397015571594,0.41605934500694275,-0.7565771341323853,-0.3075481057167053,-0.5459167957305908,-0.09664693474769592,0.19803282618522644,1.0,0.903075098991394,0.9115093946456909,0.6108793020248413,0.6108793020248413,0.004376530647277832,0.00760042667388916,2.0026558559038676e-05,1.0,0.8937152624130249,0.8239929676055908,0.0,8.413901329040527,0.9712654948234558,1.148741602897644,0.9758595824241638,1.1338526010513306,0.6394530534744263,2.6587467193603516,0.6814461946487427,2.451258659362793,0.8996022343635559,1.519897222518921,0.725973904132843,2.0020313262939453,0.6088610887527466,0.7861863374710083,0.501481831073761,0.6091211438179016,0.5487461686134338,0.09911301732063293,0.09911301732063293,0.6071088910102844,0.5585172176361084,-0.8492037057876587,-0.4148431420326233,-0.5839153528213501,-0.012301996350288391,0.22481130063533783,0.9999997019767761,0.8873323202133179,0.9048960208892822
8,3,shared,zipf_reweight,30,40,30,40,30.0,0.6068813800811768,0.6068813800811768,5.5670738220214844e-05,5.257129669189453e-05,2.5431218091398478e-06,1.0,0.8957932591438293,0.9434255957603455,0.0,12.509750366210938,0.981192409992218,1.1077654361724854,0.984747052192688,1.0938575267791748,0.5827834606170654,2.8284215927124023,0.5915458798408508,2.641091823577881,0.9225039482116699,1.410361409187317,0.738435685634613,1.9754631519317627,0.6930445432662964,0.6933611631393433,0.5494592785835266,0.5492656826972961,0.5492761731147766,-0.0486813485622406,-0.0486813485622406,0.4149397015571594,0.41605934500694275,-0.7565771341323853,-0.3075481057167053,-0.5459167957305908,-0.09664693474769592,0.19803282618522644,1.0,0.903075098991394,0.9115093946456909,0.6108793020248413,0.6108793020248413,0.004376530647277832,0.00760042667388916,2.0026558559038676e-05,1.0,0.8937152624130249,0.8239929676055908,0.0,8.413901329040527,0.9712654948234558,1.148741602897644,0.9758595824241638,1.1338526010513306,0.6394530534744263,2.6587467193603516,0.6814461946487427,2.451258659362793,0.8996022343635559,1.519897222518921,0.725973904132843,2.0020313262939453,0.6088610887527466,0.7861863374710083,0.501481831073761,0.6091211438179016,0.5487461686134338,0.09911301732063293,0.09911301732063293,0.6071088910102844,0.5585172176361084,-0.8492037057876587,-0.4148431420326233,-0.5839153528213501,-0.012301996350288391,0.22481130063533783,0.9999997019767761,0.8873323202133179,0.9048960208892822
8,3,split,zipf_raw,20,70,40,70,40.0,0.6644035577774048,0.6068750023841858,2.0503997802734375e-05,7.045269012451172e-05,1.0251937965222169e-05,1.0,0.9834717512130737,0.46594056487083435,0.0,10.292275428771973,0.997196614742279,1.0203077793121338,0.9869958162307739,1.0727328062057495,0.7813632488250732,1.870800495147705,0.7736663222312927,1.8673259019851685,0.9902289509773254,1.0704680681228638,0.8953078389167786,1.4722094535827637,0.6946439743041992,0.6916913986206055,0.5492944717407227,0.5495862364768982,0.5491588711738586,0.5883084535598755,-0.8406593799591064,0.5871025323867798,0.5804762840270996,-0.83680659532547,-0.6534919142723083,-0.3193357586860657,0.8917445540428162,0.5247496962547302,-0.9911046624183655,0.9997837543487549,0.9996535181999207,0.667319118976593,0.614545464515686,0.0005586743354797363,0.02237558364868164,0.002555996412411332,1.0,0.9977487921714783,0.49859386682510376,0.00021610276598948985,4.018903732299805,0.9994972348213196,1.004767656326294,0.998647153377533,1.0107007026672363,0.8653605580329895,1.620157241821289,0.8643364310264587,1.6072814464569092,0.9900806546211243,1.0714143514633179,0.9708871841430664,1.1791845560073853,0.6602767109870911,0.7271350026130676,0.5705738067626953,0.5447376370429993,0.5700044631958008,0.750545859336853,-0.8906663656234741,0.7482727766036987,0.7461401224136353,-0.8889027833938599,-0.8366714119911194,-0.28769469261169434,0.9714844226837158,0.37668582797050476,-0.9985349774360657,0.9998306035995483,0.9997029900550842
8,3,split,uniform_raw,20,40,40,40,120.0,0.6068491339683533,0.6068491339683533,0.0,2.002716064453125e-05,1.8676104218684486e-06,1.0,0.9902127981185913,0.5417681336402893,0.0,8.000954627990723,0.9936737418174744,1.0399149656295776,0.9697486758232117,1.1462148427963257,0.789944589138031,1.9099172353744507,0.7758955955505371,1.9321599006652832,0.9801392555236816,1.1323788166046143,0.8509654998779297,1.5866771936416626,0.6931519508361816,0.6931424140930176,0.5493578314781189,0.549360990524292,0.5492324829101562,0.5889073014259338,-0.7604552507400513,0.5973637700080872,0.5690231919288635,-0.7722766399383545,-0.23904012143611908,-0.3932763338088989,0.7099456191062927,0.3936500549316406,-0.9938815832138062,0.9998588562011719,0.9997628331184387,0.6128783226013184,0.6128782629966736,0.00015240907669067383,0.019817233085632324,9.85809019766748e-05,1.0,0.9988137483596802,0.7536348700523376,2.4517059500794858e-05,2.9515769481658936,0.9977943897247314,1.0165315866470337,0.9912930130958557,1.0519593954086304,0.8494126796722412,1.7230467796325684,0.8444411158561707,1.7191283702850342,0.975143551826477,1.1619824171066284,0.9308414459228516,1.3340641260147095,0.7107556462287903,0.6758435368537903,0.6555787920951843,0.46738624572753906,0.5548271536827087,0.745280921459198,-0.8149869441986084,0.737838625907898,0.7121480703353882,-0.8267877697944641,-0.5287178158760071,-0.35879042744636536,0.8732913136482239,0.25219619274139404,-0.9990746974945068,0.9997987747192383,0.9996516108512878
8,3,split,zipf_reweight,20,40,40,40,40.0,0.6068491339683533,0.6068491339683533,0.0,2.002716064453125e-05,1.8676104218684486e-06,1.0,0.9902127981185913,0.5417681336402893,0.0,8.000954627990723,0.9936737418174744,1.0399149656295776,0.9697486758232117,1.1462148427963257,0.789944589138031,1.9099172353744507,0.7758955955505371,1.9321599006652832,0.9801392555236816,1.1323788166046143,0.8509654998779297,1.5866771936416626,0.6931519508361816,0.6931424140930176,0.5493578314781189,0.549360990524292,0.5492324829101562,0.5889073014259338,-0.7604552507400513,0.5973637700080872,0.5690231919288635,-0.7722766399383545,-0.23904012143611908,-0.3932763338088989,0.7099456191062927,0.3936500549316406,-0.9938815832138062,0.9998588562011719,0.9997628331184387,0.6128783226013184,0.6128782629966736,0.00015240907669067383,0.019817233085632324,9.85809019766748e-05,1.0,0.9988137483596802,0.7536348700523376,2.4517059500794858e-05,2.9515769481658936,0.9977943897247314,1.0165315866470337,0.9912930130958557,1.0519593954086304,0.8494126796722412,1.7230467796325684,0.8444411158561707,1.7191283702850342,0.975143551826477,1.1619824171066284,0.9308414459228516,1.3340641260147095,0.7107556462287903,0.6758435368537903,0.6555787920951843,0.46738624572753906,0.5548271536827087,0.745280921459198,-0.8149869441986084,0.737838625907898,0.7121480703353882,-0.8267877697944641,-0.5287178158760071,-0.35879042744636536,0.8732913136482239,0.25219619274139404,-0.9990746974945068,0.9997987747192383,0.9996516108512878
8,4,shared,zipf_raw,20,140,140,140,140.0,0.6646917462348938,0.6077045202255249,3.814697265625e-05,0.0016024112701416016,0.0012199789052829146,1.0,0.7243305444717407,0.9730464220046997,4.234377384185791,5.316312672221102e-05,0.9767905473709106,1.1255829334259033,0.961272656917572,1.188462734222412,0.7190160155296326,2.2850637435913086,0.8106743693351746,1.8196632862091064,0.9940221905708313,1.045905351638794,0.8924059867858887,1.4638819694519043,0.6930556297302246,0.6933150291442871,0.5559042096138,0.5481405854225159,0.5481072664260864,0.39942026138305664,0.39942026138305664,-0.3224591612815857,-0.354272723197937,-0.08915596455335617,0.5340269207954407,-0.9158722162246704,0.49820372462272644,-0.05406436324119568,0.8002946376800537,-0.34111109375953674,-0.34597596526145935,0.6720994710922241,0.6240512132644653,0.002976357936859131,0.026207566261291504,0.02718609757721424,1.0,0.8431878089904785,0.9779082536697388,3.0086472034454346,0.002161216689273715,0.9935714602470398,1.042742133140564,0.9907125234603882,1.0570788383483887,0.5605034828186035,2.8100266456604004,0.6740009188652039,2.2088961601257324,0.9940168261528015,1.0459446907043457,0.8952398896217346,1.4517276287078857,0.7700676321983337,0.6221794486045837,0.560883641242981,0.583610475063324,0.5835148096084595,0.406886488199234,0.406886488199234,-0.1905953288078308,-0.23134523630142212,-0.1330556869506836,0.4364043176174164,-0.8108518123626709,0.49721094965934753,0.14699971675872803,0.7225831747055054,-0.36848539113998413,-0.37836652994155884
8,4,shared,uniform_raw,40,40,30,40,90.0,0.6069215536117554,0.6069214940071106,8.90493392944336e-05,0.0001392364501953125,5.086224064143607e-06,1.0,0.9419280886650085,0.5950862765312195,0.0,8.116949081420898,0.9520087838172913,1.2251803874969482,0.9721912145614624,1.1432788372039795,0.5472214818000793,2.8349404335021973,0.6048933267593384,2.416102409362793,0.9509226083755493,1.3056092262268066,0.7550029754638672,1.8817509412765503,0.6934956312179565,0.6929768323898315,0.5493993163108826,0.5493726134300232,0.5493630766868591,-0.0883462131023407,-0.0883462131023407,0.43377113342285156,0.406552791595459,-0.8486884236335754,0.08221601694822311,-0.4883701503276825,-0.05510552227497101,0.5655537843704224,0.9999992847442627,0.871830940246582,0.8646460175514221,0.6118460297584534,0.6118460893630981,0.005184352397918701,0.009749770164489746,1.5933926988509484e-05,1.0,0.9557883143424988,0.5306136012077332,0.0,6.658968448638916,0.9627442955970764,1.1847574710845947,0.9756832718849182,1.1322652101516724,0.5818601846694946,2.770758628845215,0.6425856947898865,2.399517774581909,0.9367123246192932,1.3887525796890259,0.772705614566803,1.840689778327942,0.6290618777275085,0.7676011919975281,0.6189026236534119,0.5294193029403687,0.5142451524734497,0.07004620134830475,0.07004620134830475,0.4812060594558716,0.48389145731925964,-0.8587311506271362,0.00044264644384384155,-0.7827154397964478,0.0569370836019516,0.4723614454269409,0.999998927116394,0.9126986861228943,0.8992407917976379
8,4,shared,zipf_reweight,40,40,30,40,30.0,0.6069215536117554,0.6069214940071106,8.90493392944336e-05,0.0001392364501953125,5.086224064143607e-06,1.0,0.9419280886650085,0.5950862765312195,0.0,8.116949081420898,0.9520087838172913,1.2251803874969482,0.9721912145614624,1.1432788372039795,0.5472214818000793,2.8349404335021973,0.6048933267593384,2.416102409362793,0.9509226083755493,1.3056092262268066,0.7550029754638672,1.8817509412765503,0.6934956312179565,0.6929768323898315,0.5493993163108826,0.5493726134300232,0.5493630766868591,-0.0883462131023407,-0.0883462131023407,0.43377113342285156,0.406552791595459,-0.8486884236335754,0.08221601694822311,-0.4883701503276825,-0.05510552227497101,0.5655537843704224,0.9999992847442627,0.871830940246582,0.8646460175514221,0.6118460297584534,0.6118460893630981,0.005184352397918701,0.009749770164489746,1.5933926988509484e-05,1.0,0.9557883143424988,0.5306136012077332,0.0,6.658968448638916,0.9627442955970764,1.1847574710845947,0.9756832718849182,1.1322652101516724,0.5818601846694946,2.770758628845215,0.6425856947898865,2.399517774581909,0.9367123246192932,1.3887525796890259,0.772705614566803,1.840689778327942,0.6290618777275085,0.7676011919975281,0.6189026236534119,0.5294193029403687,0.5142451524734497,0.07004620134830475,0.07004620134830475,0.4812060594558716,0.48389145731925964,-0.8587311506271362,0.00044264644384384155,-0.7827154397964478,0.0569370836019516,0.4723614454269409,0.999998927116394,0.9126986861228943,0.8992407917976379
8,4,split,zipf_raw,20,60,30,60,30.0,0.6643847823143005,0.606858491897583,7.152557373046875e-07,4.458427429199219e-05,7.510156137868762e-06,1.0,0.9786527156829834,0.6490996479988098,0.0,11.878352165222168,0.9953494668006897,1.030638575553894,0.983886182308197,1.0862534046173096,0.708967924118042,2.1722207069396973,0.7030108571052551,2.0858569145202637,0.9893896579742432,1.0756031274795532,0.864527702331543,1.5455294847488403,0.6931412220001221,0.6931545734405518,0.5493263602256775,0.5493339896202087,0.5493362545967102,0.44668087363243103,-0.6511086225509644,0.45742809772491455,0.4751946032047272,-0.6638326048851013,-0.33872348070144653,-0.31830471754074097,0.6287292242050171,0.6354678869247437,-0.9914818406105042,0.999899685382843,0.9999123811721802,0.6650152206420898,0.6087351441383362,8.046627044677734e-06,0.004697322845458984,0.0016005084617063403,1.0,0.992809534072876,0.551065981388092,1.4384483620233368e-05,6.097051620483398,0.997557520866394,1.017859697341919,0.9914538264274597,1.050688624382019,0.7565896511077881,2.0809431076049805,0.7590781450271606,1.978700876235962,0.9889076352119446,1.0786354541778564,0.9268110394477844,1.3479140996932983,0.6891745924949646,0.697135865688324,0.5546937584877014,0.5423105359077454,0.5603609085083008,0.5467213988304138,-0.6704536080360413,0.5770403146743774,0.5895103216171265,-0.7013651132583618,-0.43952080607414246,-0.33145034313201904,0.6840440630912781,0.5299662351608276,-0.997144341468811,0.999864935874939,0.9998897314071655
8,4,split,uniform_raw,20,30,30,30,90.0,0.6068480014801025,0.6068480014801025,3.933906555175781e-06,1.239776611328125e-05,3.973641753418633e-07,1.0,0.9907761812210083,0.6870959401130676,0.0,6.847431182861328,0.9783061742782593,1.1111475229263306,0.8952285051345825,1.3994226455688477,0.6666199564933777,2.3571741580963135,0.6620955467224121,2.2247824668884277,0.9921027421951294,1.0594842433929443,0.8674386739730835,1.545081615447998,0.6957851648330688,0.6905170679092407,0.547680675983429,0.5515782237052917,0.5486787557601929,0.5463482737541199,-0.6829530000686646,0.5395280718803406,0.5664930939674377,-0.6353234052658081,0.29332518577575684,-0.5032109022140503,0.17494985461235046,0.27429473400115967,-0.9939545392990112,0.9997283816337585,0.9998177289962769,0.6141709685325623,0.614171028137207,0.0014750361442565918,0.020508170127868652,0.0019532954320311546,1.0,0.9981579184532166,0.8645356893539429,0.0018988358788192272,1.8971824645996094,0.9910321831703186,1.0538933277130127,0.9638203382492065,1.1694645881652832,0.7229410409927368,2.2712082862854004,0.7334139347076416,2.0843610763549805,0.9828706979751587,1.1190645694732666,0.920587420463562,1.3811129331588745,0.6403066515922546,0.7489377856254578,0.5657176375389099,0.5096158981323242,0.6062771081924438,0.7093789577484131,-0.7429434061050415,0.7653785943984985,0.7306258082389832,-0.6837790608406067,0.04994282126426697,-0.36790382862091064,0.36715489625930786,0.2456205189228058,-0.9986300468444824,0.9997602701187134,0.999565839767456
8,4,split,zipf_reweight,20,30,30,30,30.0,0.6068480014801025,0.6068480014801025,3.933906555175781e-06,1.239776611328125e-05,3.973641753418633e-07,1.0,0.9907761812210083,0.6870959401130676,0.0,6.847431182861328,0.9783061742782593,1.1111475229263306,0.8952285051345825,1.3994226455688477,0.6666199564933777,2.3571741580963135,0.6620955467224121,2.2247824668884277,0.9921027421951294,1.0594842433929443,0.8674386739730835,1.545081615447998,0.6957851648330688,0.6905170679092407,0.547680675983429,0.5515782237052917,0.5486787557601929,0.5463482737541199,-0.6829530000686646,0.5395280718803406,0.5664930939674377,-0.6353234052658081,0.29332518577575684,-0.5032109022140503,0.17494985461235046,0.27429473400115967,-0.9939545392990112,0.9997283816337585,0.9998177289962769,0.6141709685325623,0.614171028137207,0.0014750361442565918,0.020508170127868652,0.0019532954320311546,1.0,0.9981579184532166,0.8645356893539429,0.0018988358788192272,1.8971824645996094,0.9910321831703186,1.0538933277130127,0.9638203382492065,1.1694645881652832,0.7229410409927368,2.2712082862854004,0.7334139347076416,2.0843610763549805,0.9828706979751587,1.1190645694732666,0.920587420463562,1.3811129331588745,0.6403066515922546,0.7489377856254578,0.5657176375389099,0.5096158981323242,0.6062771081924438,0.7093789577484131,-0.7429434061050415,0.7653785943984985,0.7306258082389832,-0.6837790608406067,0.04994282126426697,-0.36790382862091064,0.36715489625930786,0.2456205189228058,-0.9986300468444824,0.9997602701187134,0.999565839767456
16,0,shared,zipf_raw,10,120,100,120,100.0,0.6650558114051819,0.608688235282898,9.232759475708008e-05,0.004709005355834961,0.001320326584391296,1.0,0.8673762083053589,0.9857078790664673,3.6866226196289062,5.523342679225607e-06,0.9598959684371948,1.201141119003296,0.9332277178764343,1.2976019382476807,0.7651214003562927,2.2033095359802246,0.8114433288574219,1.9144903421401978,0.9871665835380554,1.0921539068222046,0.8666243553161621,1.7783054113388062,0.6936123967170715,0.6928666234016418,0.5082853436470032,0.574407696723938,0.5742694139480591,0.4833095371723175,0.4833095371723175,-0.13532871007919312,-0.1371120810508728,-0.043856531381607056,0.2719491124153137,-0.9127235412597656,0.2179778516292572,-0.23734891414642334,0.7859749794006348,-0.5147364139556885,-0.5759599804878235,0.6693145036697388,0.6176242828369141,0.0020124316215515137,0.016846656799316406,0.016409162431955338,1.0,0.8873980641365051,0.9876230359077454,8.1766996383667,0.003985022194683552,0.9625102281570435,1.1836802959442139,0.9248122572898865,1.317036747932434,0.6113142371177673,2.789268732070923,0.6678672432899475,2.3649001121520996,0.9873776435852051,1.0910593271255493,0.8479278683662415,1.7912030220031738,0.6383058428764343,0.7520133852958679,0.5570745468139648,0.5693268775939941,0.5714008212089539,0.5983025431632996,0.5983025431632996,-0.023262519389390945,-0.025907501578330994,-0.0920850932598114,0.2415868639945984,-0.8145421743392944,0.2751502990722656,-0.08680704981088638,0.8506813049316406,-0.6217713952064514,-0.6840064525604248
16,0,shared,uniform_raw,30,20,20,30,60.0,0.6069409251213074,0.6069408655166626,6.687641143798828e-05,0.00023853778839111328,0.0,1.0,0.9909681677818298,0.8802163600921631,0.0,4.6284003257751465,0.9863361716270447,1.0800440311431885,0.9867374300956726,1.0760114192962646,0.5605412125587463,2.8148152828216553,0.5471011996269226,2.561040163040161,0.8322911262512207,1.9040288925170898,0.8762331604957581,1.653890609741211,0.6949535608291626,0.6914745569229126,0.5539085268974304,0.5472223162651062,0.5471455454826355,-0.28523170948028564,-0.28523170948028564,0.2804018259048462,0.2775477170944214,-0.8097696304321289,0.04790877178311348,-0.35320305824279785,-0.33797308802604675,0.20706437528133392,0.9999990463256836,0.9642797708511353,0.9603630304336548,0.611034095287323,0.611034095287323,0.0036956071853637695,0.009044289588928223,0.0,1.0,0.9858718514442444,0.9063008427619934,0.0,4.452296733856201,0.9911032319068909,1.0561784505844116,0.9927570223808289,1.0475821495056152,0.6089751124382019,2.5820765495300293,0.6130144596099854,2.3747758865356445,0.8201444149017334,2.024571657180786,0.875544011592865,1.6326525211334229,0.6274839639663696,0.7662016153335571,0.6445214748382568,0.49670907855033875,0.520254373550415,-0.15626975893974304,-0.15626975893974304,0.3055179715156555,0.3234248459339142,-0.850715160369873,-0.08657531440258026,-0.8145409226417542,-0.3122735619544983,0.33497363328933716,0.9999940991401672,0.970600962638855,0.9660744071006775
16,0,shared,zipf_reweight,30,20,20,30,20.0,0.6069409251213074,0.6069408655166626,6.687641143798828e-05,0.00023853778839111328,0.0,1.0,0.9909681677818298,0.8802163600921631,0.0,4.6284003257751465,0.9863361716270447,1.0800440311431885,0.9867374300956726,1.0760114192962646,0.5605412125587463,2.8148152828216553,0.5471011996269226,2.561040163040161,0.8322911262512207,1.9040288925170898,0.8762331604957581,1.653890609741211,0.6949535608291626,0.6914745569229126,0.5539085268974304,0.5472223162651062,0.5471455454826355,-0.28523170948028564,-0.28523170948028564,0.2804018259048462,0.2775477170944214,-0.8097696304321289,0.04790877178311348,-0.35320305824279785,-0.33797308802604675,0.20706437528133392,0.9999990463256836,0.9642797708511353,0.9603630304336548,0.611034095287323,0.611034095287323,0.0036956071853637695,0.009044289588928223,0.0,1.0,0.9858718514442444,0.9063008427619934,0.0,4.452296733856201,0.9911032319068909,1.0561784505844116,0.9927570223808289,1.0475821495056152,0.6089751124382019,2.5820765495300293,0.6130144596099854,2.3747758865356445,0.8201444149017334,2.024571657180786,0.875544011592865,1.6326525211334229,0.6274839639663696,0.7662016153335571,0.6445214748382568,0.49670907855033875,0.520254373550415,-0.15626975893974304,-0.15626975893974304,0.3055179715156555,0.3234248459339142,-0.850715160369873,-0.08657531440258026,-0.8145409226417542,-0.3122735619544983,0.33497363328933716,0.9999940991401672,0.970600962638855,0.9660744071006775
16,0,split,zipf_raw,10,30,20,30,20.0,0.6643885970115662,0.6068537831306458,8.881092071533203e-06,2.5391578674316406e-05,7.947285496356926e-08,1.0,0.9912468194961548,0.8145399689674377,0.0,6.912495136260986,0.9894910454750061,1.0614529848098755,0.9618536829948425,1.1764410734176636,0.6803892850875854,2.3816707134246826,0.657444417476654,2.399054527282715,0.9444096088409424,1.2882764339447021,0.9016844630241394,1.5012006759643555,0.6949337124824524,0.6913784146308899,0.5468132495880127,0.5533888936042786,0.5477545857429504,0.5291749238967896,-0.7316229343414307,0.5339449644088745,0.511185348033905,-0.7082962989807129,0.16514822840690613,-0.5678257942199707,0.1710464507341385,0.24984170496463776,-0.9945709705352783,0.9997536540031433,0.9997667074203491,0.6679104566574097,0.6126443147659302,0.0023963451385498047,0.016138792037963867,5.16571844855207e-06,1.0,0.9956425428390503,0.716320276260376,4.3710065256163944e-07,3.639356851577759,0.9917073249816895,1.050849437713623,0.9691707491874695,1.148305058479309,0.7019021511077881,2.3807129859924316,0.6897504329681396,2.358273506164551,0.9161317348480225,1.4210634231567383,0.9287781715393066,1.4104549884796143,0.6265041828155518,0.7645828723907471,0.6240564584732056,0.4849220812320709,0.5631558895111084,0.652585506439209,-0.7890788316726685,0.6361096501350403,0.6392425894737244,-0.7402598261833191,0.0742148607969284,-0.5521321892738342,0.24033360183238983,0.1124853789806366,-0.9969334602355957,0.9995561242103577,0.9996674060821533
16,0,split,uniform_raw,10,30,20,30,60.0,0.6068506240844727,0.6068505644798279,5.304813385009766e-06,1.9669532775878906e-05,0.0,1.0,0.9641973972320557,0.5801693797111511,0.0,10.925442695617676,0.9820038080215454,1.095588207244873,0.9163713455200195,1.3340152502059937,0.6040458679199219,2.5035951137542725,0.6023710370063782,2.353034257888794,0.9729982614517212,1.202363133430481,0.8734719157218933,1.6037359237670898,0.6934090256690979,0.6928959488868713,0.5498301982879639,0.5489041805267334,0.5492136478424072,0.2882576882839203,-0.6467887163162231,0.3221362829208374,0.267426460981369,-0.6582742929458618,0.5477777123451233,-0.718707799911499,0.008489370346069336,0.2821781039237976,-0.9788175821304321,0.9998318552970886,0.9996221661567688,0.6130986213684082,0.6130986213684082,0.0035459399223327637,0.01612555980682373,0.0,1.0,0.9785751104354858,0.31649214029312134,0.0,7.442647933959961,0.9739506840705872,1.1297979354858398,0.9180055856704712,1.3288525342941284,0.6054044365882874,2.5440938472747803,0.61375492811203,2.363950729370117,0.9587844610214233,1.3018872737884521,0.8644383549690247,1.6343333721160889,0.7809550166130066,0.6124312281608582,0.5751508474349976,0.4407428503036499,0.6562131643295288,0.3340599536895752,-0.6983038187026978,0.4484471082687378,0.35594967007637024,-0.6943987607955933,0.2539066672325134,-0.7100640535354614,0.2843233048915863,0.2544635832309723,-0.9748345613479614,0.9987596273422241,0.9998562335968018
16,0,split,zipf_reweight,10,30,20,30,20.0,0.6068506240844727,0.6068505644798279,5.304813385009766e-06,1.9669532775878906e-05,0.0,1.0,0.9641973972320557,0.5801693797111511,0.0,10.925442695617676,0.9820038080215454,1.095588207244873,0.9163713455200195,1.3340152502059937,0.6040458679199219,2.5035951137542725,0.6023710370063782,2.353034257888794,0.9729982614517212,1.202363133430481,0.8734719157218933,1.6037359237670898,0.6934090256690979,0.6928959488868713,0.5498301982879639,0.5489041805267334,0.5492136478424072,0.2882576882839203,-0.6467887163162231,0.3221362829208374,0.267426460981369,-0.6582742929458618,0.5477777123451233,-0.718707799911499,0.008489370346069336,0.2821781039237976,-0.9788175821304321,0.9998318552970886,0.9996221661567688,0.6130986213684082,0.6130986213684082,0.0035459399223327637,0.01612555980682373,0.0,1.0,0.9785751104354858,0.31649214029312134,0.0,7.442647933959961,0.9739506840705872,1.1297979354858398,0.9180055856704712,1.3288525342941284,0.6054044365882874,2.5440938472747803,0.61375492811203,2.363950729370117,0.9587844610214233,1.3018872737884521,0.8644383549690247,1.6343333721160889,0.7809550166130066,0.6124312281608582,0.5751508474349976,0.4407428503036499,0.6562131643295288,0.3340599536895752,-0.6983038187026978,0.4484471082687378,0.35594967007637024,-0.6943987607955933,0.2539066672325134,-0.7100640535354614,0.2843233048915863,0.2544635832309723,-0.9748345613479614,0.9987596273422241,0.9998562335968018
16,1,shared,zipf_raw,10,140,100,140,100.0,0.6646043658256531,0.6074565649032593,3.1054019927978516e-05,0.0011712312698364258,0.000833938829600811,1.0,0.9115713238716125,0.9670446515083313,3.8012406826019287,0.0003474454570095986,0.950120210647583,1.2357360124588013,0.9113672375679016,1.3673464059829712,0.7973088026046753,2.015554428100586,0.8429785370826721,1.7675256729125977,0.9824280142784119,1.1252578496932983,0.9076204895973206,1.5737282037734985,0.690822184085846,0.6955342888832092,0.5525056719779968,0.5492284297943115,0.5491921305656433,0.4437348544597626,0.4437348544597626,-0.20863159000873566,-0.19386279582977295,-0.3117539882659912,0.3127419352531433,-0.9257638454437256,0.1670421063899994,-0.18397167325019836,0.769278883934021,-0.6208319664001465,-0.6263748407363892,0.6686464548110962,0.6156501770019531,0.0019974708557128906,0.018558025360107422,0.008137425407767296,1.0,0.942834734916687,0.9839326739311218,4.9671406745910645,0.0015072288224473596,0.967988133430481,1.161486268043518,0.9379429817199707,1.2715461254119873,0.6927099823951721,2.4494845867156982,0.7543900609016418,2.08622145652771,0.9826939702033997,1.1238040924072266,0.9015113115310669,1.5657347440719604,0.7542061805725098,0.6360831260681152,0.6631181836128235,0.5134788155555725,0.5113645792007446,0.5253942012786865,0.5253942012786865,-0.09423121064901352,-0.07998541742563248,-0.33482202887535095,0.22235393524169922,-0.8598527908325195,0.24149559438228607,-0.0780569463968277,0.8381643295288086,-0.7283096313476562,-0.7228767275810242
16,1,shared,uniform_raw,40,30,20,40,60.0,0.6071025133132935,0.6071025133132935,0.00016695261001586914,0.0006440877914428711,0.0,1.0,0.9921616911888123,0.9262046217918396,0.0,4.220466136932373,0.9900006651878357,1.061588168144226,0.9894758462905884,1.0634808540344238,0.5975733399391174,2.5734293460845947,0.5793302655220032,2.5542991161346436,0.5600858330726624,3.770845890045166,0.899504542350769,1.531136393547058,0.6969056725502014,0.6897225975990295,0.5629821419715881,0.5427709221839905,0.543131411075592,-0.21386446058750153,-0.21386446058750153,0.37188655138015747,0.3469235301017761,-0.8698694109916687,-0.2811548709869385,-0.6523204445838928,-0.3166135549545288,0.2585213780403137,0.9999710321426392,0.96059650182724,0.9645678997039795,0.6105206608772278,0.6105206608772278,0.0064727067947387695,0.00363004207611084,0.0,1.0,0.9894965887069702,0.9699909687042236,0.0,4.929195880889893,0.9946975708007812,1.0363391637802124,0.9948018193244934,1.0355368852615356,0.625815212726593,2.457977771759033,0.6127969026565552,2.4382855892181396,0.5521698594093323,3.9076974391937256,0.9022602438926697,1.5111922025680542,0.6187254190444946,0.7805143594741821,0.5385761857032776,0.5911808609962463,0.5236063599586487,-0.11169794201850891,-0.11169794201850891,0.3572535514831543,0.329717755317688,-0.8933417797088623,-0.3440238833427429,-0.8742755651473999,-0.2861562967300415,0.22815585136413574,0.9999673366546631,0.976007878780365,0.9775792360305786
16,1,shared,zipf_reweight,40,30,20,40,20.0,0.6071025133132935,0.6071025133132935,0.00016695261001586914,0.0006440877914428711,0.0,1.0,0.9921616911888123,0.9262046217918396,0.0,4.220466136932373,0.9900006651878357,1.061588168144226,0.9894758462905884,1.0634808540344238,0.5975733399391174,2.5734293460845947,0.5793302655220032,2.5542991161346436,0.5600858330726624,3.770845890045166,0.899504542350769,1.531136393547058,0.6969056725502014,0.6897225975990295,0.5629821419715881,0.5427709221839905,0.543131411075592,-0.21386446058750153,-0.21386446058750153,0.37188655138015747,0.3469235301017761,-0.8698694109916687,-0.2811548709869385,-0.6523204445838928,-0.3166135549545288,0.2585213780403137,0.9999710321426392,0.96059650182724,0.9645678997039795,0.6105206608772278,0.6105206608772278,0.0064727067947387695,0.00363004207611084,0.0,1.0,0.9894965887069702,0.9699909687042236,0.0,4.929195880889893,0.9946975708007812,1.0363391637802124,0.9948018193244934,1.0355368852615356,0.625815212726593,2.457977771759033,0.6127969026565552,2.4382855892181396,0.5521698594093323,3.9076974391937256,0.9022602438926697,1.5111922025680542,0.6187254190444946,0.7805143594741821,0.5385761857032776,0.5911808609962463,0.5236063599586487,-0.11169794201850891,-0.11169794201850891,0.3572535514831543,0.329717755317688,-0.8933417797088623,-0.3440238833427429,-0.8742755651473999,-0.2861562967300415,0.22815585136413574,0.9999673366546631,0.976007878780365,0.9775792360305786
16,1,split,zipf_raw,10,40,30,40,30.0,0.6643919944763184,0.6068549156188965,1.329183578491211e-05,2.3603439331054688e-05,0.0,1.0,0.9902151823043823,0.17674408853054047,0.0,10.889083862304688,0.9966903924942017,1.0229967832565308,0.9833053350448608,1.0891445875167847,0.7908812165260315,1.9663052558898926,0.7698339223861694,2.003535032272339,0.9719423055648804,1.181325912475586,0.8995679616928101,1.4744758605957031,0.6927360892295837,0.6935848593711853,0.5505415201187134,0.5490700006484985,0.5483423471450806,0.5144949555397034,-0.7813829183578491,0.5229097604751587,0.5401147603988647,-0.7741590142250061,0.12860643863677979,-0.4242669343948364,0.34480586647987366,0.39199933409690857,-0.9949421882629395,0.9998080730438232,0.9998465180397034,0.6675161719322205,0.6154565811157227,0.0003987550735473633,0.02806413173675537,0.00011757237371057272,1.0,0.9971394538879395,0.154460608959198,6.6756979322235566e-06,4.152228832244873,0.9984492659568787,1.0121999979019165,0.9920127391815186,1.0482686758041382,0.8362654447555542,1.8357758522033691,0.822356641292572,1.8603850603103638,0.966884970664978,1.2109096050262451,0.9591245651245117,1.2548476457595825,0.7119613885879517,0.6751304864883423,0.6424139738082886,0.5198683738708496,0.5279087424278259,0.7713755965232849,-0.8908290863037109,0.7405580282211304,0.7432616949081421,-0.8893718123435974,0.05802014470100403,-0.32186245918273926,0.25215721130371094,0.2423839569091797,-0.9989596605300903,0.999747633934021,0.999657928943634
16,1,split,uniform_raw,10,40,20,40,60.0,0.6068596839904785,0.6068596839904785,9.417533874511719e-06,4.4465065002441406e-05,0.0,1.0,0.9802144765853882,0.788879930973053,0.0,12.245986938476562,0.9950413703918457,1.032296061515808,0.9767675399780273,1.117215871810913,0.7169873714447021,2.168696165084839,0.7092410922050476,2.064358711242676,0.9787245988845825,1.1542038917541504,0.9187427163124084,1.4214420318603516,0.6918662786483765,0.6944469213485718,0.5482767820358276,0.5491846799850464,0.5505236387252808,0.5358493328094482,-0.7981740236282349,0.4746381640434265,0.43627864122390747,-0.778383731842041,0.16122841835021973,-0.5652132034301758,0.41234585642814636,0.29412439465522766,-0.9925962686538696,0.9995675683021545,0.9989199638366699,0.6143671274185181,0.6143671274185181,0.000782310962677002,0.02403879165649414,0.0,1.0,0.9896457195281982,0.8812660574913025,0.0,7.540465831756592,0.9956951141357422,1.028744101524353,0.981081485748291,1.0989727973937988,0.7289036512374878,2.157226324081421,0.7228091955184937,2.053148031234741,0.9744381308555603,1.1825617551803589,0.9431012272834778,1.3297233581542969,0.6544259190559387,0.7334330677986145,0.5119452476501465,0.7122864723205566,0.459744930267334,0.6582849621772766,-0.8427162170410156,0.5794740319252014,0.5367162227630615,-0.8358503580093384,0.14413848519325256,-0.4905046224594116,0.3691667914390564,0.2534995377063751,-0.9967118501663208,0.999407172203064,0.9988490343093872
16,1,split,zipf_reweight,10,40,20,40,20.0,0.6068596839904785,0.6068596839904785,9.417533874511719e-06,4.4465065002441406e-05,0.0,1.0,0.9802144765853882,0.788879930973053,0.0,12.245986938476562,0.9950413703918457,1.032296061515808,0.9767675399780273,1.117215871810913,0.7169873714447021,2.168696165084839,0.7092410922050476,2.064358711242676,0.9787245988845825,1.1542038917541504,0.9187427163124084,1.4214420318603516,0.6918662786483765,0.6944469213485718,0.5482767820358276,0.5491846799850464,0.5505236387252808,0.5358493328094482,-0.7981740236282349,0.4746381640434265,0.43627864122390747,-0.778383731842041,0.16122841835021973,-0.5652132034301758,0.41234585642814636,0.29412439465522766,-0.9925962686538696,0.9995675683021545,0.9989199638366699,0.6143671274185181,0.6143671274185181,0.000782310962677002,0.02403879165649414,0.0,1.0,0.9896457195281982,0.8812660574913025,0.0,7.540465831756592,0.9956951141357422,1.028744101524353,0.981081485748291,1.0989727973937988,0.7289036512374878,2.157226324081421,0.7228091955184937,2.053148031234741,0.9744381308555603,1.1825617551803589,0.9431012272834778,1.3297233581542969,0.6544259190559387,0.7334330677986145,0.5119452476501465,0.7122864723205566,0.459744930267334,0.6582849621772766,-0.8427162170410156,0.5794740319252014,0.5367162227630615,-0.8358503580093384,0.14413848519325256,-0.4905046224594116,0.3691667914390564,0.2534995377063751,-0.9967118501663208,0.999407172203064,0.9988490343093872
16,2,shared,zipf_raw,10,110,90,110,90.0,0.6648457646369934,0.6080010533332825,0.00012087821960449219,0.002907395362854004,0.0007929899147711694,1.0,0.713104784488678,0.9688168168067932,4.921899318695068,2.0423898604349233e-05,0.9127869606018066,1.3794902563095093,0.8530409932136536,1.5541236400604248,0.805431067943573,1.984466314315796,0.8480638265609741,1.747937560081482,0.9837098717689514,1.1101127862930298,0.867570161819458,1.7823195457458496,0.6829159259796143,0.703620195388794,0.5890976190567017,0.5322054624557495,0.5321658849716187,0.6640163064002991,0.6640163064002991,0.06144087016582489,0.0127745121717453,0.12302123755216599,0.460611492395401,-0.8142110109329224,0.22638045251369476,-0.2689974904060364,0.7621265053749084,-0.3611506521701813,-0.33793434500694275,0.668805718421936,0.6180253624916077,0.001048743724822998,0.02019047737121582,0.015687165781855583,1.0,0.8138763904571533,0.9701669812202454,8.694991111755371,0.023433255031704903,0.9512132406234741,1.2316423654556274,0.9061222672462463,1.3809764385223389,0.6900334358215332,2.487591505050659,0.7237601280212402,2.225550651550293,0.9841458797454834,1.107970952987671,0.8507867455482483,1.8400672674179077,0.719394862651825,0.6689969897270203,0.5424046516418457,0.5783267021179199,0.5810035467147827,0.7464010715484619,0.7464010715484619,0.14215505123138428,0.08659906685352325,-0.02783486247062683,0.3873482942581177,-0.6422345638275146,0.24965538084506989,-0.052151158452034,0.823350191116333,-0.5412920117378235,-0.5484961271286011
16,2,shared,uniform_raw,20,30,20,30,60.0,0.607033908367157,0.6070338487625122,0.00013643503189086914,0.0004557371139526367,0.0,1.0,0.9378518462181091,0.03941997513175011,0.0,1.5529597997665405,0.944797933101654,1.2728145122528076,0.940750241279602,1.290967583656311,0.5100167989730835,3.1919050216674805,0.4546560049057007,2.931370735168457,0.9512532949447632,1.3056764602661133,0.7469902038574219,2.1852080821990967,0.7011566758155823,0.6854105591773987,0.5610122680664062,0.543795108795166,0.5437946319580078,0.22693081200122833,0.22693081200122833,0.256788969039917,0.24147367477416992,-0.12520579993724823,0.4187394976615906,-0.5284836888313293,-0.10549913346767426,0.4447392523288727,1.0,0.9533125758171082,0.9555500149726868,0.6235964298248291,0.6235964298248291,0.02513188123703003,0.022336959838867188,0.0,1.0,0.9499523639678955,0.007792218588292599,0.0,5.310405254364014,0.9252349138259888,1.3562984466552734,0.9031069874763489,1.4519057273864746,0.5513231158256531,3.0995168685913086,0.5624141693115234,2.8394336700439453,0.9361271858215332,1.399598240852356,0.7269995808601379,2.2794837951660156,0.936046302318573,0.5005118250846863,0.41803911328315735,0.6408793926239014,0.6225054264068604,0.4143356680870056,0.4143356680870056,0.31970149278640747,0.3012901246547699,-0.27329567074775696,0.3881218731403351,-0.4800480306148529,-0.013703018426895142,0.4950721561908722,0.9999997019767761,0.9183701276779175,0.9188988208770752
16,2,shared,zipf_reweight,20,30,20,30,20.0,0.607033908367157,0.6070338487625122,0.00013643503189086914,0.0004557371139526367,0.0,1.0,0.9378518462181091,0.03941997513175011,0.0,1.5529597997665405,0.944797933101654,1.2728145122528076,0.940750241279602,1.290967583656311,0.5100167989730835,3.1919050216674805,0.4546560049057007,2.931370735168457,0.9512532949447632,1.3056764602661133,0.7469902038574219,2.1852080821990967,0.7011566758155823,0.6854105591773987,0.5610122680664062,0.543795108795166,0.5437946319580078,0.22693081200122833,0.22693081200122833,0.256788969039917,0.24147367477416992,-0.12520579993724823,0.4187394976615906,-0.5284836888313293,-0.10549913346767426,0.4447392523288727,1.0,0.9533125758171082,0.9555500149726868,0.6235964298248291,0.6235964298248291,0.02513188123703003,0.022336959838867188,0.0,1.0,0.9499523639678955,0.007792218588292599,0.0,5.310405254364014,0.9252349138259888,1.3562984466552734,0.9031069874763489,1.4519057273864746,0.5513231158256531,3.0995168685913086,0.5624141693115234,2.8394336700439453,0.9361271858215332,1.399598240852356,0.7269995808601379,2.2794837951660156,0.936046302318573,0.5005118250846863,0.41803911328315735,0.6408793926239014,0.6225054264068604,0.4143356680870056,0.4143356680870056,0.31970149278640747,0.3012901246547699,-0.27329567074775696,0.3881218731403351,-0.4800480306148529,-0.013703018426895142,0.4950721561908722,0.9999997019767761,0.9183701276779175,0.9188988208770752
16,2,split,zipf_raw,10,40,20,40,20.0,0.6643838286399841,0.6068543195724487,1.3709068298339844e-06,3.731250762939453e-05,0.0,1.0,0.9935073256492615,0.4776625335216522,0.0,6.981056213378906,0.9944116473197937,1.035631537437439,0.9676454663276672,1.1540579795837402,0.7302680611610413,2.2426235675811768,0.7205735445022583,2.216049909591675,0.9954856634140015,1.0400984287261963,0.9106231927871704,1.4201931953430176,0.6934294104576111,0.6928676962852478,0.5492669939994812,0.5493661761283875,0.5493413805961609,0.5297897458076477,-0.7074083685874939,0.5404444336891174,0.44664502143859863,-0.7278718948364258,0.35355138778686523,-0.5495405197143555,0.031706228852272034,0.16700397431850433,-0.9963335394859314,0.9998469352722168,0.9996110200881958,0.6657971143722534,0.6103556752204895,0.0003707408905029297,0.011213183403015137,2.702071469684597e-06,1.0,0.9976184368133545,0.42887669801712036,1.1920928244535389e-07,3.95473313331604,0.9958817362785339,1.0276145935058594,0.9809373617172241,1.0994468927383423,0.7699632048606873,2.144590377807617,0.7635622620582581,2.115262985229492,0.9944277405738831,1.0485002994537354,0.9442980885505676,1.2987037897109985,0.7207491397857666,0.6662867069244385,0.648110568523407,0.5238593816757202,0.49277231097221375,0.6844666004180908,-0.7415269017219543,0.6667177081108093,0.6049011945724487,-0.8072516918182373,0.23466463387012482,-0.5349395871162415,0.1688765287399292,0.049640052020549774,-0.9989624619483948,0.9998701810836792,0.9996182918548584
16,2,split,uniform_raw,10,20,20,20,60.0,0.6068451404571533,0.6068450808525085,2.562999725341797e-06,5.0067901611328125e-06,0.0,1.0,0.9990077614784241,0.18022187054157257,0.0,2.5118815898895264,0.9891238212585449,1.062544584274292,0.934472382068634,1.2745441198349,0.6934882402420044,2.3067121505737305,0.6752766370773315,2.2805404663085938,0.9943663477897644,1.049249529838562,0.8669393062591553,1.5808520317077637,0.6923639178276062,0.6939355731010437,0.5484522581100464,0.5497759580612183,0.549697756767273,0.3451610803604126,-0.4646640419960022,0.4773462414741516,0.4978903532028198,-0.44890207052230835,0.4483279883861542,-0.5771939754486084,0.26921212673187256,0.37655240297317505,-0.9990152716636658,0.9983344078063965,0.9984359741210938,0.6080235838890076,0.6080235838890076,0.0016524791717529297,0.0017303228378295898,3.1391673473990522e-06,1.0,0.9965225458145142,0.2601686418056488,1.1483757589303423e-05,1.8293638229370117,0.9864328503608704,1.0758754014968872,0.92510986328125,1.3069307804107666,0.7145434021949768,2.3048408031463623,0.7034910917282104,2.2521262168884277,0.9804905652999878,1.1531469821929932,0.8810222148895264,1.5699763298034668,0.637582540512085,0.7520167827606201,0.5374286770820618,0.5297397971153259,0.5833502411842346,0.46642881631851196,-0.4760114550590515,0.6279913783073425,0.6540831327438354,-0.5573816299438477,0.42796772718429565,-0.5023679137229919,0.42235979437828064,0.3664643168449402,-0.999496340751648,0.9975424408912659,0.9975994825363159
16,2,split,zipf_reweight,10,20,20,20,20.0,0.6068451404571533,0.6068450808525085,2.562999725341797e-06,5.0067901611328125e-06,0.0,1.0,0.9990077614784241,0.18022187054157257,0.0,2.5118815898895264,0.9891238212585449,1.062544584274292,0.934472382068634,1.2745441198349,0.6934882402420044,2.3067121505737305,0.6752766370773315,2.2805404663085938,0.9943663477897644,1.049249529838562,0.8669393062591553,1.5808520317077637,0.6923639178276062,0.6939355731010437,0.5484522581100464,0.5497759580612183,0.549697756767273,0.3451610803604126,-0.4646640419960022,0.4773462414741516,0.4978903532028198,-0.44890207052230835,0.4483279883861542,-0.5771939754486084,0.26921212673187256,0.37655240297317505,-0.9990152716636658,0.9983344078063965,0.9984359741210938,0.6080235838890076,0.6080235838890076,0.0016524791717529297,0.0017303228378295898,3.1391673473990522e-06,1.0,0.9965225458145142,0.2601686418056488,1.1483757589303423e-05,1.8293638229370117,0.9864328503608704,1.0758754014968872,0.92510986328125,1.3069307804107666,0.7145434021949768,2.3048408031463623,0.7034910917282104,2.2521262168884277,0.9804905652999878,1.1531469821929932,0.8810222148895264,1.5699763298034668,0.637582540512085,0.7520167827606201,0.5374286770820618,0.5297397971153259,0.5833502411842346,0.46642881631851196,-0.4760114550590515,0.6279913783073425,0.6540831327438354,-0.5573816299438477,0.42796772718429565,-0.5023679137229919,0.42235979437828064,0.3664643168449402,-0.999496340751648,0.9975424408912659,0.9975994825363159
16,3,shared,zipf_raw,10,50,50,50,50.0,0.6647846698760986,0.6075071096420288,0.00027626752853393555,0.0016525983810424805,0.0001938995555974543,1.0,0.9737376570701599,0.9540355205535889,0.0015463345916941762,1.4108967781066895,0.9549854397773743,1.2208309173583984,0.9077735543251038,1.3732872009277344,0.55184406042099,3.1413626670837402,0.6059661507606506,2.801351308822632,0.9697434306144714,1.1857904195785522,0.8091804385185242,2.0251665115356445,0.6757556796073914,0.7110912203788757,0.5466553568840027,0.5544854998588562,0.5495474338531494,0.02014830708503723,0.02014830708503723,0.45900338888168335,0.40841343998908997,-0.5862563252449036,-0.4242236018180847,-0.7019610404968262,-0.1300254613161087,0.12115196883678436,0.9558286666870117,0.9699757099151611,0.9668205976486206,0.6832555532455444,0.6173028945922852,0.023084700107574463,0.003997206687927246,9.094428241951391e-05,1.0,0.9586765766143799,0.9740915894508362,0.0012019259156659245,1.0136610269546509,0.9853628277778625,1.0871840715408325,0.9742314219474792,1.1314220428466797,0.5756221413612366,3.0245604515075684,0.674426257610321,2.56817626953125,0.9715737104415894,1.1817312240600586,0.8459879755973816,1.864182949066162,0.5084133744239807,0.9240503907203674,0.5625096559524536,0.5119515061378479,0.5795894265174866,0.2393871247768402,0.2393871247768402,0.50201016664505,0.44727417826652527,-0.5921446681022644,-0.6334668397903442,-0.71076500415802,-0.15124335885047913,0.34067800641059875,0.999607503414154,0.9693542718887329,0.9675226211547852
16,3,shared,uniform_raw,40,30,20,40,60.0,0.6075769066810608,0.607576847076416,0.0016097426414489746,0.0003014802932739258,0.0,1.0,0.965022087097168,0.903376042842865,0.0,5.783041477203369,0.9941217303276062,1.04154634475708,0.9932084083557129,1.0460134744644165,0.6146155595779419,2.8096137046813965,0.6224644184112549,2.424126625061035,0.9180135130882263,1.5135444402694702,0.779706597328186,2.08520245552063,0.7479590773582458,0.6415547728538513,0.5365630388259888,0.555822491645813,0.5559850931167603,0.042181938886642456,0.042181938886642456,0.579184889793396,0.5583741068840027,-0.5499539375305176,-0.0436251163482666,-0.13254618644714355,-0.27056145668029785,0.178092360496521,0.9999994039535522,0.9944463968276978,0.9942679405212402,0.6163865923881531,0.6163865327835083,0.017930150032043457,0.007906436920166016,0.0,1.0,0.9417751431465149,0.9361090064048767,0.0,10.944844245910645,0.9964849352836609,1.0261098146438599,0.9967504143714905,1.0242623090744019,0.6445963382720947,2.7114715576171875,0.6801305413246155,2.279665470123291,0.9106725454330444,1.5614945888519287,0.7766527533531189,1.9859118461608887,0.8964515924453735,0.5257030725479126,0.6391517519950867,0.5324689745903015,0.4881574511528015,0.1605914682149887,0.1605914682149887,0.5912551283836365,0.5632578730583191,-0.6689749956130981,-0.017581716179847717,-0.3340165615081787,-0.24195608496665955,0.16226013004779816,1.0,0.9972771406173706,0.9969031810760498
16,3,shared,zipf_reweight,40,30,20,40,20.0,0.6075769066810608,0.607576847076416,0.0016097426414489746,0.0003014802932739258,0.0,1.0,0.965022087097168,0.903376042842865,0.0,5.783041477203369,0.9941217303276062,1.04154634475708,0.9932084083557129,1.0460134744644165,0.6146155595779419,2.8096137046813965,0.6224644184112549,2.424126625061035,0.9180135130882263,1.5135444402694702,0.779706597328186,2.08520245552063,0.7479590773582458,0.6415547728538513,0.5365630388259888,0.555822491645813,0.5559850931167603,0.042181938886642456,0.042181938886642456,0.579184889793396,0.5583741068840027,-0.5499539375305176,-0.0436251163482666,-0.13254618644714355,-0.27056145668029785,0.178092360496521,0.9999994039535522,0.9944463968276978,0.9942679405212402,0.6163865923881531,0.6163865327835083,0.017930150032043457,0.007906436920166016,0.0,1.0,0.9417751431465149,0.9361090064048767,0.0,10.944844245910645,0.9964849352836609,1.0261098146438599,0.9967504143714905,1.0242623090744019,0.6445963382720947,2.7114715576171875,0.6801305413246155,2.279665470123291,0.9106725454330444,1.5614945888519287,0.7766527533531189,1.9859118461608887,0.8964515924453735,0.5257030725479126,0.6391517519950867,0.5324689745903015,0.4881574511528015,0.1605914682149887,0.1605914682149887,0.5912551283836365,0.5632578730583191,-0.6689749956130981,-0.017581716179847717,-0.3340165615081787,-0.24195608496665955,0.16226013004779816,1.0,0.9972771406173706,0.9969031810760498
16,3,split,zipf_raw,10,40,20,40,20.0,0.6643856167793274,0.6068539619445801,4.291534423828125e-06,3.0875205993652344e-05,1.3510370990843512e-06,1.0,0.9482459425926208,0.9094990491867065,0.0,12.59424114227295,0.9873345494270325,1.071312427520752,0.9665977954864502,1.1582425832748413,0.7084804177284241,2.2612414360046387,0.7123211622238159,2.1404902935028076,0.9663026332855225,1.1892204284667969,0.8548577427864075,1.6840630769729614,0.6931300163269043,0.6931729316711426,0.5493354797363281,0.5493084788322449,0.549322783946991,0.5714611411094666,-0.8626055717468262,0.570899486541748,0.5719124674797058,-0.8458764553070068,-0.19793756306171417,-0.3769656717777252,0.4157123863697052,0.4458986222743988,-0.968506932258606,0.9996418952941895,0.9998971819877625,0.6662130355834961,0.6119179725646973,0.00021338462829589844,0.016631722450256348,1.6689281210346962e-06,1.0,0.9901065826416016,0.9200122952461243,3.973642748178463e-08,4.872559070587158,0.9948329925537109,1.0337746143341064,0.9904444813728333,1.0558277368545532,0.7631567716598511,2.103928804397583,0.7675713300704956,2.0052199363708496,0.9613692760467529,1.2150548696517944,0.9341625571250916,1.3870409727096558,0.7140181064605713,0.6727030277252197,0.6091110706329346,0.49547162652015686,0.5682859420776367,0.7230136394500732,-0.8904131054878235,0.7060168385505676,0.7124443650245667,-0.8752040863037109,-0.37007319927215576,-0.3644229769706726,0.49746862053871155,0.3140844404697418,-0.9920746684074402,0.9995545148849487,0.9998730421066284
16,3,split,uniform_raw,10,30,20,30,60.0,0.6069833040237427,0.6069833040237427,0.00016689300537109375,0.0002465248107910156,0.0,1.0,0.9862799048423767,0.9189245104789734,0.0,5.171984672546387,0.985517144203186,1.079524040222168,0.9275078773498535,1.2975636720657349,0.6824736595153809,2.521973133087158,0.697294294834137,2.2670421600341797,0.9828256368637085,1.1176692247390747,0.8418676853179932,1.6672725677490234,0.710932731628418,0.6756954193115234,0.5567905306816101,0.5346147418022156,0.5568830370903015,0.623878002166748,-0.43491852283477783,0.5307110548019409,0.5751267671585083,-0.4230788052082062,0.2293810099363327,-0.4520287811756134,0.5302808880805969,0.11191298812627792,-0.9947434663772583,0.9999010562896729,0.9995208978652954,0.608311653137207,0.608311653137207,6.812810897827148e-05,0.004806160926818848,1.1920928244535389e-07,1.0,0.9672474265098572,0.9449463486671448,0.0003899195871781558,3.880394697189331,0.9839191436767578,1.0868210792541504,0.938504695892334,1.2605310678482056,0.7159656882286072,2.417245626449585,0.753123939037323,2.1197404861450195,0.9775676131248474,1.153045654296875,0.8203793168067932,1.733763575553894,0.7048901915550232,0.6815404295921326,0.503756582736969,0.6115227937698364,0.5398485064506531,0.7171158790588379,-0.4674200415611267,0.6644665002822876,0.6897860169410706,-0.5334130525588989,-0.10785594582557678,-0.4447616934776306,0.781424343585968,0.02815738506615162,-0.9890635013580322,0.9996035099029541,0.9998149871826172
16,3,split,zipf_reweight,10,30,20,30,20.0,0.6069833040237427,0.6069833040237427,0.00016689300537109375,0.0002465248107910156,0.0,1.0,0.9862799048423767,0.9189245104789734,0.0,5.171984672546387,0.985517144203186,1.079524040222168,0.9275078773498535,1.2975636720657349,0.6824736595153809,2.521973133087158,0.697294294834137,2.2670421600341797,0.9828256368637085,1.1176692247390747,0.8418676853179932,1.6672725677490234,0.710932731628418,0.6756954193115234,0.5567905306816101,0.5346147418022156,0.5568830370903015,0.623878002166748,-0.43491852283477783,0.5307110548019409,0.5751267671585083,-0.4230788052082062,0.2293810099363327,-0.4520287811756134,0.5302808880805969,0.11191298812627792,-0.9947434663772583,0.9999010562896729,0.9995208978652954,0.608311653137207,0.608311653137207,6.812810897827148e-05,0.004806160926818848,1.1920928244535389e-07,1.0,0.9672474265098572,0.9449463486671448,0.0003899195871781558,3.880394697189331,0.9839191436767578,1.0868210792541504,0.938504695892334,1.2605310678482056,0.7159656882286072,2.417245626449585,0.753123939037323,2.1197404861450195,0.9775676131248474,1.153045654296875,0.8203793168067932,1.733763575553894,0.7048901915550232,0.6815404295921326,0.503756582736969,0.6115227937698364,0.5398485064506531,0.7171158790588379,-0.4674200415611267,0.6644665002822876,0.6897860169410706,-0.5334130525588989,-0.10785594582557678,-0.4447616934776306,0.781424343585968,0.02815738506615162,-0.9890635013580322,0.9996035099029541,0.9998149871826172
16,4,shared,zipf_raw,40,130,90,130,90.0,0.6809065341949463,0.6247760057449341,0.01582467555999756,0.037812232971191406,0.0008661655592732131,1.0,0.8131391406059265,0.9919707179069519,5.4511871337890625,1.4503661077469587e-05,0.9417878985404968,1.2670317888259888,0.8948982954025269,1.4227142333984375,0.7993277311325073,2.0038299560546875,0.8579386472702026,1.6757407188415527,0.992130696773529,1.0627186298370361,0.9018227458000183,1.592900037765503,0.8870795965194702,0.5308641195297241,0.3826378285884857,0.6615563631057739,0.6617418527603149,0.33406656980514526,0.33406656980514526,-0.43864354491233826,-0.4110110402107239,-0.1396978497505188,0.13323944807052612,-0.9401205778121948,0.18303894996643066,-0.09336641430854797,0.7969602346420288,-0.47839128971099854,-0.49736446142196655,0.6716331839561462,0.6182000637054443,0.00520247220993042,0.022832274436950684,0.008089295588433743,1.0,0.788069486618042,0.9921256303787231,8.244812965393066,0.0033194134011864662,0.9432306289672852,1.25773286819458,0.8829523921012878,1.4531207084655762,0.68076092004776,2.5087337493896484,0.7710807919502258,1.9990121126174927,0.9921627044677734,1.0625438690185547,0.8790038824081421,1.6782374382019043,0.767002284526825,0.6296970248222351,0.6926526427268982,0.5004073977470398,0.5012408494949341,0.42815908789634705,0.42815908789634705,-0.35274553298950195,-0.32118162512779236,-0.13674288988113403,0.09738075733184814,-0.8646197319030762,0.2033456712961197,0.023883309215307236,0.8443323373794556,-0.4831356406211853,-0.5059150457382202
16,4,shared,uniform_raw,90,50,20,90,60.0,0.607954204082489,0.607954204082489,0.0022800564765930176,0.0006653070449829102,0.0,1.0,0.9848354458808899,0.6750258207321167,0.0,3.639488935470581,0.9844979047775269,1.0872573852539062,0.985339879989624,1.0825845003128052,0.6077919006347656,2.7775814533233643,0.6246221661567688,2.516693115234375,0.9433860182762146,1.3746860027313232,0.7665731906890869,2.0066328048706055,0.7458890080451965,0.6449654698371887,0.5625776648521423,0.5429486632347107,0.5433902144432068,-0.004469117149710655,-0.004469117149710655,0.5817234516143799,0.5601119995117188,-0.6822916269302368,-0.11713625490665436,-0.28087228536605835,-0.2678436040878296,0.24993926286697388,0.9999998211860657,0.9650151133537292,0.9602687358856201,0.6134073734283447,0.6134073138237,0.01548004150390625,0.0012426376342773438,0.0,1.0,0.9881609678268433,0.8568485975265503,0.0,4.882508754730225,0.9919681549072266,1.0504264831542969,0.9946788549423218,1.0362584590911865,0.6660612225532532,2.572730779647827,0.6896026730537415,2.3167226314544678,0.9433327913284302,1.3750258684158325,0.7814766764640808,1.8797861337661743,0.8823809623718262,0.5348734855651855,0.5816245675086975,0.5325170159339905,0.5356407761573792,0.07228514552116394,0.07228514552116394,0.6062053442001343,0.5823537707328796,-0.7800613045692444,-0.2648553252220154,-0.570740282535553,-0.14180167019367218,0.2454395294189453,1.0,0.9640432596206665,0.9614761471748352
16,4,shared,zipf_reweight,90,50,20,90,20.0,0.607954204082489,0.607954204082489,0.0022800564765930176,0.0006653070449829102,0.0,1.0,0.9848354458808899,0.6750258207321167,0.0,3.639488935470581,0.9844979047775269,1.0872573852539062,0.985339879989624,1.0825845003128052,0.6077919006347656,2.7775814533233643,0.6246221661567688,2.516693115234375,0.9433860182762146,1.3746860027313232,0.7665731906890869,2.0066328048706055,0.7458890080451965,0.6449654698371887,0.5625776648521423,0.5429486632347107,0.5433902144432068,-0.004469117149710655,-0.004469117149710655,0.5817234516143799,0.5601119995117188,-0.6822916269302368,-0.11713625490665436,-0.28087228536605835,-0.2678436040878296,0.24993926286697388,0.9999998211860657,0.9650151133537292,0.9602687358856201,0.6134073734283447,0.6134073138237,0.01548004150390625,0.0012426376342773438,0.0,1.0,0.9881609678268433,0.8568485975265503,0.0,4.882508754730225,0.9919681549072266,1.0504264831542969,0.9946788549423218,1.0362584590911865,0.6660612225532532,2.572730779647827,0.6896026730537415,2.3167226314544678,0.9433327913284302,1.3750258684158325,0.7814766764640808,1.8797861337661743,0.8823809623718262,0.5348734855651855,0.5816245675086975,0.5325170159339905,0.5356407761573792,0.07228514552116394,0.07228514552116394,0.6062053442001343,0.5823537707328796,-0.7800613045692444,-0.2648553252220154,-0.570740282535553,-0.14180167019367218,0.2454395294189453,1.0,0.9640432596206665,0.9614761471748352
16,4,split,zipf_raw,10,50,30,50,30.0,0.6644814014434814,0.6069011688232422,0.00012439489364624023,2.944469451904297e-05,1.1920926823449918e-07,1.0,0.9729992151260376,0.4383302927017212,0.0,14.11053466796875,0.9970150589942932,1.0209145545959473,0.9859676957130432,1.0768752098083496,0.8159688115119934,1.8579344749450684,0.8141115307807922,1.80327570438385,0.9886584877967834,1.0870029926300049,0.8506594896316528,1.6045371294021606,0.7089423537254333,0.6776008009910583,0.5495462417602539,0.5492153167724609,0.5492011904716492,0.6276412606239319,-0.863911509513855,0.6353862285614014,0.616383969783783,-0.8732804656028748,-0.2481459677219391,-0.21170753240585327,0.6182630062103271,0.43906211853027344,-0.9870870113372803,0.9999410510063171,0.9998027086257935,0.6658350825309753,0.6107431054115295,0.0002339482307434082,0.01237785816192627,0.00031191250309348106,1.0,0.9898678064346313,0.7413606643676758,8.344647426383744e-07,6.938703536987305,0.9979879856109619,1.014984369277954,0.9911720156669617,1.0521516799926758,0.8539862036705017,1.7328647375106812,0.8563094139099121,1.6749958992004395,0.9876501560211182,1.0939068794250488,0.9231712222099304,1.3800102472305298,0.6719396710395813,0.7148225903511047,0.5858466029167175,0.47909197211265564,0.6020146608352661,0.7657893896102905,-0.9022584557533264,0.7558321952819824,0.7511789202690125,-0.9210586547851562,-0.20816101133823395,-0.17526403069496155,0.523770809173584,0.36800286173820496,-0.9954519271850586,0.9999104142189026,0.999850869178772
16,4,split,uniform_raw,20,30,20,30,60.0,0.6068514585494995,0.6068514585494995,9.894371032714844e-06,1.633167266845703e-05,0.0,1.0,0.983777642250061,0.9137343764305115,0.0,4.195044994354248,0.9936621785163879,1.0423762798309326,0.9739181399345398,1.1288412809371948,0.6550367474555969,2.526186943054199,0.645280122756958,2.405888557434082,0.99505215883255,1.043070673942566,0.913505494594574,1.4558061361312866,0.6911853551864624,0.6951287984848022,0.5488349795341492,0.5488497614860535,0.5502583384513855,0.4898636043071747,-0.37169429659843445,0.4497145116329193,0.49935099482536316,-0.39252108335494995,0.39053887128829956,-0.6543808579444885,0.35901618003845215,0.2612372934818268,-0.9915245771408081,0.9998843669891357,0.9999663233757019,0.6077258586883545,0.6077257990837097,1.7344951629638672e-05,0.0029206275939941406,4.3710062413993e-07,1.0,0.9838778972625732,0.6755856275558472,3.178913914325676e-07,2.5281713008880615,0.9921678900718689,1.0506483316421509,0.9697695970535278,1.1459589004516602,0.6713621020317078,2.514493703842163,0.6761254072189331,2.3621156215667725,0.9921476244926453,1.0654288530349731,0.9042326807975769,1.507327914237976,0.6873719096183777,0.6989571452140808,0.556036114692688,0.5933889746665955,0.5028749108314514,0.5420023798942566,-0.3842836618423462,0.5811498165130615,0.5672900676727295,-0.45586657524108887,0.22261671721935272,-0.6062915325164795,0.4970763027667999,0.2737034559249878,-0.9904569983482361,0.9997156858444214,0.9999212026596069
16,4,split,zipf_reweight,20,30,20,30,20.0,0.6068514585494995,0.6068514585494995,9.894371032714844e-06,1.633167266845703e-05,0.0,1.0,0.983777642250061,0.9137343764305115,0.0,4.195044994354248,0.9936621785163879,1.0423762798309326,0.9739181399345398,1.1288412809371948,0.6550367474555969,2.526186943054199,0.645280122756958,2.405888557434082,0.99505215883255,1.043070673942566,0.913505494594574,1.4558061361312866,0.6911853551864624,0.6951287984848022,0.5488349795341492,0.5488497614860535,0.5502583384513855,0.4898636043071747,-0.37169429659843445,0.4497145116329193,0.49935099482536316,-0.39252108335494995,0.39053887128829956,-0.6543808579444885,0.35901618003845215,0.2612372934818268,-0.9915245771408081,0.9998843669891357,0.9999663233757019,0.6077258586883545,0.6077257990837097,1.7344951629638672e-05,0.0029206275939941406,4.3710062413993e-07,1.0,0.9838778972625732,0.6755856275558472,3.178913914325676e-07,2.5281713008880615,0.9921678900718689,1.0506483316421509,0.9697695970535278,1.1459589004516602,0.6713621020317078,2.514493703842163,0.6761254072189331,2.3621156215667725,0.9921476244926453,1.0654288530349731,0.9042326807975769,1.507327914237976,0.6873719096183777,0.6989571452140808,0.556036114692688,0.5933889746665955,0.5028749108314514,0.5420023798942566,-0.3842836618423462,0.5811498165130615,0.5672900676727295,-0.45586657524108887,0.22261671721935272,-0.6062915325164795,0.4970763027667999,0.2737034559249878,-0.9904569983482361,0.9997156858444214,0.9999212026596069
