variant,layer,metric,step0_mean,step10_mean,step300_mean,delta_0_10_mean,delta_0_10_std,delta_0_300_mean,delta_0_300_std
freeze_experts_all,3,common_margin,0.0649567196766535,0.1624675293763478,1.9759552478790283,0.09751080969969432,0.11391922972117653,1.9109985282023747,0.6256902553155618
freeze_experts_all,3,raw_max_load,0.27465788523356116,0.8252404530843099,0.8288025856018066,0.5505825678507487,0.21258651003835835,0.5541447003682455,0.09462720650309536
freeze_experts_all,3,dominance_ratio,0.2773568954296349,3.8178747488646523,2.7238632767814877,3.5405178534350177,2.455286020509006,2.4465063813518526,1.4175616060717973
freeze_experts_all,3,centered_max_load,0.16380167007446286,0.19081894556681311,0.5573279062906901,0.02701727549235024,0.04710351503091935,0.39352623621622723,0.019828739359483212
freeze_experts_all,3,delta_max_load,0.11085621515909823,0.6344215075174967,0.27147467931111646,0.5235652923583985,0.19833494367317284,0.16061846415201828,0.08729865036091002
freeze_experts_all,4,common_margin,0.1587225794792175,0.19382572174072257,1.0509362419446309,0.0351031422615051,0.08278417322078646,0.8922136624654134,1.1125142912078405
freeze_experts_all,4,raw_max_load,0.2659002939860025,0.9608912467956543,0.6021580696105957,0.6949909528096517,0.04124001604104849,0.3362577756245932,0.16521303594788486
freeze_experts_all,4,dominance_ratio,0.6686168335710576,5.677347836372291,1.015501610031342,5.008731002801233,0.48820079650335196,0.34688477646028454,0.9502780685162361
freeze_experts_all,4,centered_max_load,0.15896987915039057,0.19721508026123044,0.3921038309733073,0.03824520111083987,0.007476797770880927,0.23313395182291666,0.03193252154829407
freeze_experts_all,4,delta_max_load,0.10693041483561198,0.7636761665344238,0.21005423863728837,0.6567457516988119,0.03641542693380584,0.1031238238016764,0.13649572164575252
freeze_experts_all,5,common_margin,0.14822087188561758,0.3401201963424682,1.476051131884257,0.19189932445685065,0.16649162241270257,1.3278302599986394,0.5657336792859807
freeze_experts_all,5,raw_max_load,0.25818681716918945,0.9765019416809082,0.877149740854899,0.7183151245117188,0.04060468813799104,0.6189629236857096,0.10685972271945761
freeze_experts_all,5,dominance_ratio,0.6184157520517529,10.46997600371373,3.2296222669888066,9.851560251661978,6.516774632777707,2.6112065149370536,1.5335185724224214
freeze_experts_all,5,centered_max_load,0.15379587809244785,0.27649545669555664,0.4139715830485026,0.1226995786031088,0.044465438071337224,0.2601757049560547,0.14455401411546737
freeze_experts_all,5,delta_max_load,0.1043909390767415,0.7000064849853516,0.4631781578063965,0.59561554590861,0.08504706870273546,0.35878721872965497,0.23520413080362115
freeze_gate_all,3,common_margin,0.0649567196766535,0.519165575504303,0.22902844349543253,0.4542088558276494,0.05604496442272697,0.16407172381877902,0.10423066080715698
freeze_gate_all,3,raw_max_load,0.27465788523356116,0.9883979161580404,0.4948565165201823,0.7137400309244791,0.009052398853469739,0.2201986312866211,0.11943758696660138
freeze_gate_all,3,dominance_ratio,0.2773568954296349,13.688051474292065,1.3001707752676097,13.410694578862428,1.8491058870964052,1.022813879837975,0.753376168201458
freeze_gate_all,3,centered_max_load,0.16380167007446286,0.1935706138610839,0.3172340393066406,0.029768943786621066,0.014600314891181227,0.15343236923217776,0.029931124650222664
freeze_gate_all,3,delta_max_load,0.11085621515909823,0.7948273022969564,0.17762247721354163,0.683971087137858,0.009993737165749505,0.06676626205444339,0.09134051184730786
freeze_gate_all,4,common_margin,0.1587225794792175,0.0604151884714762,0.37807074189186096,-0.09830739100774129,0.03940486918008985,0.21934816241264343,0.18373678346476094
freeze_gate_all,4,raw_max_load,0.2659002939860025,0.73928435643514,0.5982308387756348,0.4733840624491375,0.12569474354552726,0.33233054478963225,0.14062245886788705
freeze_gate_all,4,dominance_ratio,0.6686168335710576,2.0790554953801816,1.7048511767806769,1.4104386618091243,1.5844630361480025,1.0362343432096193,0.626373729267263
freeze_gate_all,4,centered_max_load,0.15896987915039057,0.2123940785725911,0.2756846745808919,0.05342419942220054,0.005593727476145694,0.11671479543050135,0.025572000803710724
freeze_gate_all,4,delta_max_load,0.10693041483561198,0.5268902778625488,0.32254616419474286,0.41995986302693683,0.12443850468239259,0.21561574935913086,0.11944230742500801
freeze_gate_all,5,common_margin,0.14822087188561758,0.683609127998352,0.1318688044945399,0.5353882561127344,0.2231412538111543,-0.0163520673910777,0.06054924453325909
freeze_gate_all,5,raw_max_load,0.25818681716918945,0.9895853996276855,0.45321353276570636,0.7313985824584961,0.040777901569232965,0.19502671559651694,0.055443439704549555
freeze_gate_all,5,dominance_ratio,0.6184157520517529,25.61123461044625,0.7914002656594828,24.992818858394497,8.838571577978795,0.17298451360773007,0.3083701267516506
freeze_gate_all,5,centered_max_load,0.15379587809244785,0.2665085792541504,0.2655080159505208,0.1127127011617025,0.06149873459319882,0.11171213785807294,0.03510598066430562
freeze_gate_all,5,delta_max_load,0.1043909390767415,0.7230768203735352,0.18770551681518552,0.6186858812967936,0.10170814753252473,0.083314577738444,0.02272779481148243
freeze_gate_and_experts,3,common_margin,0.0649567196766535,0.379799485206604,0.045204281806945766,0.31484276552995044,0.10198236868993087,-0.019752437869707734,0.03942582929779174
freeze_gate_and_experts,3,raw_max_load,0.27465788523356116,0.9813009897867838,0.33880265553792316,0.7066431045532227,0.00805074190491022,0.06414477030436198,0.022963960066344644
freeze_gate_and_experts,3,dominance_ratio,0.2773568954296349,9.035953158388361,0.23513420585878775,8.758596262958726,2.7655538472419594,-0.04222268957084712,0.21630766236492957
freeze_gate_and_experts,3,centered_max_load,0.16380167007446286,0.19200023015340165,0.36688439051310223,0.0281985600789388,0.029848514488470642,0.2030827204386393,0.13018210820959553
freeze_gate_and_experts,3,delta_max_load,0.11085621515909823,0.7893007596333822,-0.028081734975179035,0.6784445444742838,0.024556862130260725,-0.1389379501342773,0.1247129325927612
freeze_gate_and_experts,4,common_margin,0.1587225794792175,0.04483084877332047,0.14092716823021567,-0.11389173070589705,0.0448472047819848,-0.01779541124900183,0.1603815133054573
freeze_gate_and_experts,4,raw_max_load,0.2659002939860025,0.7226753234863281,0.46086804072062176,0.4567750295003256,0.03097873058414363,0.19496774673461922,0.15523433528724967
freeze_gate_and_experts,4,dominance_ratio,0.6686168335710576,1.3483973715320028,0.8432440402199374,0.6797805379609453,0.19093698104681656,0.17462720664887968,0.817891374721772
freeze_gate_and_experts,4,centered_max_load,0.15896987915039057,0.19473918279012037,0.30078315734863276,0.03576930363972983,0.016504009403174227,0.1418132781982422,0.02199333099412153
freeze_gate_and_experts,4,delta_max_load,0.10693041483561198,0.5279361406962076,0.16008488337198887,0.4210057258605957,0.014572508142272659,0.05315446853637689,0.1372379768826696
freeze_gate_and_experts,5,common_margin,0.14822087188561758,0.43545154730478924,0.32753333449363703,0.28723067541917163,0.22029647909509012,0.1793124626080195,0.17430637527025444
freeze_gate_and_experts,5,raw_max_load,0.25818681716918945,0.9695477485656738,0.7005071640014648,0.7113609313964844,0.055316940936821136,0.4423203468322754,0.13658945655036103
freeze_gate_and_experts,5,dominance_ratio,0.6184157520517529,14.520466556868348,2.298595188126478,13.902050804816591,7.15391567645167,1.6801794360747253,1.3342764803648637
freeze_gate_and_experts,5,centered_max_load,0.15379587809244785,0.2506163914998372,0.2631220817565918,0.09682051340738933,0.061807473459081635,0.10932620366414388,0.036495837648514454
freeze_gate_and_experts,5,delta_max_load,0.1043909390767415,0.7189313570658366,0.43738508224487305,0.6145404179890951,0.11609715100156603,0.33299414316813153,0.15181041902091116
freeze_prefix_before_layer3,3,common_margin,0.0649567196766535,0.2299833595752716,1.6626522541046143,0.16502663989861807,0.2533593042860739,1.5976955344279606,1.4523665440328806
freeze_prefix_before_layer3,3,raw_max_load,0.27465788523356116,0.5061947504679362,0.6671682993570963,0.231536865234375,0.18285145061449334,0.39251041412353516,0.152286154986307
freeze_prefix_before_layer3,3,dominance_ratio,0.2773568954296349,0.9967569798196859,1.6434009817926214,0.7194000843900512,1.0795434949042493,1.3660440863629866,1.3161556533999208
freeze_prefix_before_layer3,3,centered_max_load,0.16380167007446286,0.209452470143636,0.3539568583170573,0.04565080006917314,0.02890493451986094,0.1901551882425944,0.0995541674717367
freeze_prefix_before_layer3,3,delta_max_load,0.11085621515909823,0.2967422803243001,0.31321144104003906,0.18588606516520187,0.15503577255870685,0.20235522588094082,0.0896216575059404
freeze_prefix_before_layer3,4,common_margin,0.1587225794792175,0.3920931567748387,4.045291264851888,0.2333705772956212,0.35102296018038315,3.8865686853726706,1.3441540211345964
freeze_prefix_before_layer3,4,raw_max_load,0.2659002939860025,0.5980156262715658,0.968089739481608,0.33211533228556317,0.20696470307989392,0.7021894454956055,0.08048483587868142
freeze_prefix_before_layer3,4,dominance_ratio,0.6686168335710576,1.9275879033905239,14.339213152960184,1.258971069819466,1.6734154072798484,13.670596319389125,9.059956783535903
freeze_prefix_before_layer3,4,centered_max_load,0.15896987915039057,0.25917069117228186,0.521268367767334,0.10020081202189131,0.06538647373611346,0.3622984886169434,0.2684094668662858
freeze_prefix_before_layer3,4,delta_max_load,0.10693041483561198,0.33884493509928376,0.4468213717142741,0.23191452026367185,0.14427481162562697,0.3398909568786621,0.33590033154577004
freeze_prefix_before_layer3,5,common_margin,0.14822087188561758,0.6745986342430115,1.6260228355725606,0.5263777623573939,0.22529333042073021,1.477801963686943,0.9937534123730994
freeze_prefix_before_layer3,5,raw_max_load,0.25818681716918945,0.8256125450134277,0.9422780672709147,0.5674257278442383,0.014411293102207004,0.6840912501017252,0.03966931284184879
freeze_prefix_before_layer3,5,dominance_ratio,0.6184157520517529,2.995087381720447,42.13247015861056,2.376671629668694,0.636829301151848,41.514054406558806,31.96976440497957
freeze_prefix_before_layer3,5,centered_max_load,0.15379587809244785,0.3998297055562337,0.36960363388061523,0.24603382746378585,0.07323920217398465,0.21580775578816735,0.06719452750328049
freeze_prefix_before_layer3,5,delta_max_load,0.1043909390767415,0.42578283945719403,0.5726744333902994,0.32139190038045246,0.08146208998026225,0.4682834943135579,0.06698699700220713
freeze_prefix_before_layer4,3,common_margin,0.0649567196766535,0.0649567196766535,0.0649567196766535,0.0,0.0,0.0,0.0
freeze_prefix_before_layer4,3,raw_max_load,0.27465788523356116,0.27465788523356116,0.27465788523356116,0.0,0.0,0.0,0.0
freeze_prefix_before_layer4,3,dominance_ratio,0.2773568954296349,0.2773568954296349,0.2773568954296349,0.0,0.0,0.0,0.0
freeze_prefix_before_layer4,3,centered_max_load,0.16380167007446286,0.16380167007446286,0.16380167007446286,0.0,0.0,0.0,0.0
freeze_prefix_before_layer4,3,delta_max_load,0.11085621515909823,0.11085621515909823,0.11085621515909823,0.0,0.0,0.0,0.0
freeze_prefix_before_layer4,4,common_margin,0.1587225794792175,0.38574589292208356,3.4017868439356485,0.227023313442866,0.16730638218847282,3.243064264456431,2.1549977192238217
freeze_prefix_before_layer4,4,raw_max_load,0.2659002939860025,0.4762279192606608,0.7921635309855143,0.2103276252746582,0.1419294509482859,0.5262632369995118,0.15225337592877558
freeze_prefix_before_layer4,4,dominance_ratio,0.6686168335710576,1.6135321757640047,3.4168554655987613,0.9449153421929469,0.6855849894633835,2.7482386320277037,2.0355312295948313
freeze_prefix_before_layer4,4,centered_max_load,0.15896987915039057,0.1773592631022135,0.39731868108113605,0.018389383951822935,0.027382574848309325,0.23834880193074545,0.03685372283965877
freeze_prefix_before_layer4,4,delta_max_load,0.10693041483561198,0.2988686561584472,0.39484484990437824,0.1919382413228353,0.12238918971432607,0.2879144350687663,0.12128845064282906
freeze_prefix_before_layer4,5,common_margin,0.14822087188561758,0.3396504620711009,3.6146181424458823,0.1914295901854833,0.12844336211462776,3.4663972705602646,1.2215818995498955
freeze_prefix_before_layer4,5,raw_max_load,0.25818681716918945,0.6357000668843588,0.9983113606770834,0.37751324971516925,0.0471721002805773,0.7401245435078939,0.038789385705694276
freeze_prefix_before_layer4,5,dominance_ratio,0.6184157520517529,1.3475948732121277,9.456596483178167,0.7291791211603749,0.4612473689596736,8.838180731126416,2.9938002659044245
freeze_prefix_before_layer4,5,centered_max_load,0.15379587809244785,0.2821801503499349,0.671489397684733,0.12838427225748703,0.05403518149416697,0.5176935195922853,0.16754098067155962
freeze_prefix_before_layer4,5,delta_max_load,0.1043909390767415,0.35351991653442383,0.3268219629923503,0.24912897745768228,0.010379408801143344,0.22243102391560876,0.14637784564322365
freeze_prefix_before_layer5,3,common_margin,0.0649567196766535,0.0649567196766535,0.0649567196766535,0.0,0.0,0.0,0.0
freeze_prefix_before_layer5,3,raw_max_load,0.27465788523356116,0.27465788523356116,0.27465788523356116,0.0,0.0,0.0,0.0
freeze_prefix_before_layer5,3,dominance_ratio,0.2773568954296349,0.2773568954296349,0.2773568954296349,0.0,0.0,0.0,0.0
freeze_prefix_before_layer5,3,centered_max_load,0.16380167007446286,0.16380167007446286,0.16380167007446286,0.0,0.0,0.0,0.0
freeze_prefix_before_layer5,3,delta_max_load,0.11085621515909823,0.11085621515909823,0.11085621515909823,0.0,0.0,0.0,0.0
freeze_prefix_before_layer5,4,common_margin,0.1587225794792175,0.1587225794792175,0.1587225794792175,0.0,0.0,0.0,0.0
freeze_prefix_before_layer5,4,raw_max_load,0.2659002939860025,0.2659002939860025,0.2659002939860025,0.0,0.0,0.0,0.0
freeze_prefix_before_layer5,4,dominance_ratio,0.6686168335710576,0.6686168335710576,0.6686168335710576,0.0,0.0,0.0,0.0
freeze_prefix_before_layer5,4,centered_max_load,0.15896987915039057,0.15896987915039057,0.15896987915039057,0.0,0.0,0.0,0.0
freeze_prefix_before_layer5,4,delta_max_load,0.10693041483561198,0.10693041483561198,0.10693041483561198,0.0,0.0,0.0,0.0
freeze_prefix_before_layer5,5,common_margin,0.14822087188561758,0.17606522142887115,1.8162461519241333,0.02784434954325356,0.023491252580984234,1.6680252800385158,0.8697402661440878
freeze_prefix_before_layer5,5,raw_max_load,0.25818681716918945,0.3242225646972656,0.7810873985290527,0.06603574752807617,0.053184557792133595,0.5229005813598633,0.17481969964130992
freeze_prefix_before_layer5,5,dominance_ratio,0.6184157520517529,0.7047204894612094,3.1282819096208065,0.08630473740945656,0.10755853868841182,2.509866157569054,1.605100523963565
freeze_prefix_before_layer5,5,centered_max_load,0.15379587809244785,0.15341361363728837,0.3013388315836589,-0.000382264455159496,0.01653395388010143,0.14754295349121097,0.043161392935384325
freeze_prefix_before_layer5,5,delta_max_load,0.1043909390767415,0.17080895105997718,0.47974856694539386,0.06641801198323567,0.06490243438890902,0.37535762786865234,0.13750212816318752
normal,3,common_margin,0.0649567196766535,0.687457929054896,0.0873358845710754,0.6225012093782425,0.21573053496971356,0.02237916489442189,0.029887775348858607
normal,3,raw_max_load,0.27465788523356116,0.9889828364054362,0.43253358205159503,0.7143249511718751,0.009487543248525175,0.15787569681803387,0.09875072089351349
normal,3,dominance_ratio,0.2773568954296349,17.848845879913608,0.5038444456112997,17.57148898448397,5.454194477646724,0.2264875501816649,0.14977364032002427
normal,3,centered_max_load,0.16380167007446286,0.2041759490966797,0.3160425821940104,0.040374279022216804,0.017043458069621098,0.15224091211954752,0.08663262366669444
normal,3,delta_max_load,0.11085621515909823,0.7848068873087565,0.11649099985758464,0.6739506721496582,0.009368982525646776,0.005634784698486402,0.13891183163760837
normal,4,common_margin,0.1587225794792175,0.9560761054356893,0.1915518442789713,0.7973535259564718,0.21760085796468276,0.03282926479975379,0.15314651715168207
normal,4,raw_max_load,0.2659002939860025,0.9911704063415527,0.46526527404785156,0.7252701123555502,0.0460395628106896,0.199364980061849,0.07553674470802646
normal,4,dominance_ratio,0.6686168335710576,30.57758433281698,1.1752984453985638,29.90896749924592,4.161807627307592,0.5066816118275063,0.7076962863832493
normal,4,centered_max_load,0.15896987915039057,0.28181584676106763,0.29856077829996747,0.12284596761067708,0.02730758202838785,0.1395908991495768,0.09133298853161734
normal,4,delta_max_load,0.10693041483561198,0.709354559580485,0.16670449574788412,0.602424144744873,0.052887901596693265,0.05977408091227213,0.1510864556209785
normal,5,common_margin,0.14822087188561758,1.4241766532262166,0.07925615708033236,1.275955781340599,0.33323446437799176,-0.0689647148052852,0.024096324873384083
normal,5,raw_max_load,0.25818681716918945,0.9915798505147299,0.37855132420857746,0.7333930333455404,0.03995309438006123,0.12036450703938802,0.08162879457815989
normal,5,dominance_ratio,0.6184157520517529,47.20979923921439,0.3356100086706584,46.59138348716263,11.641936932616046,-0.2828057433810945,0.18064219693003242
normal,5,centered_max_load,0.15379587809244785,0.3913385073343913,0.3039023081461588,0.23754262924194344,0.11239970573938218,0.15010643005371097,0.06112344301714051
normal,5,delta_max_load,0.1043909390767415,0.6002413431803385,0.0746490160624186,0.495850404103597,0.15028126218382948,-0.029741923014322897,0.12650072382921063
