layer,a_centered_adjacent_cosine,a_centered_between_cosine,a_centered_sequence_centroid_accuracy,a_centered_sequence_gap,a_centered_within_cosine,a_raw_adjacent_cosine,a_raw_between_cosine,a_raw_sequence_centroid_accuracy,a_raw_sequence_gap,a_raw_within_cosine,attention_common_centered_sequence_accuracy,attention_common_centered_sequence_gap,attention_energy_common,attention_energy_middle,attention_energy_tail,attention_middle_centered_sequence_accuracy,attention_middle_centered_sequence_gap,attention_tail_centered_sequence_accuracy,attention_tail_centered_sequence_gap,h_centered_adjacent_cosine,h_centered_between_cosine,h_centered_sequence_centroid_accuracy,h_centered_sequence_gap,h_centered_within_cosine,h_optimal_energy_top1,h_optimal_energy_top10,h_optimal_energy_top5,h_raw_adjacent_cosine,h_raw_between_cosine,h_raw_sequence_centroid_accuracy,h_raw_sequence_gap,h_raw_within_cosine,h_recovery_a_top1,h_recovery_a_top10,h_recovery_a_top5,h_recovery_x_top1,h_recovery_x_top10,h_recovery_x_top5,ha_overlap_top1,ha_overlap_top10,ha_overlap_top5,hx_overlap_top1,hx_overlap_top10,hx_overlap_top5,x_centered_adjacent_cosine,x_centered_between_cosine,x_centered_sequence_centroid_accuracy,x_centered_sequence_gap,x_centered_within_cosine,x_raw_adjacent_cosine,x_raw_between_cosine,x_raw_sequence_centroid_accuracy,x_raw_sequence_gap,x_raw_within_cosine,x_to_a_norm_ratio
0,0.136248379945755,-0.0027766528073698282,0.32568359375,0.025072271237149835,0.022295618429780006,0.3554736375808716,0.25993862748146057,0.35009765625,0.017060399055480957,0.27699902653694153,0.2265625,0.03995334077626467,0.21739549072660008,0.3421930026689367,0.44041165711124214,0.33837890625,0.01855256233830005,0.57275390625,0.016783364582806826,0.1362772285938263,-0.0025625356938689947,0.3271484375,0.024958314141258597,0.022395778447389603,0.23920748304264394,0.7244262889471902,0.5481769987104542,0.35117825865745544,0.2547794580459595,0.3603515625,0.017015457153320312,0.2717949151992798,0.9746764907166124,0.9788602214255613,0.9779124026834243,0.04922705838043787,0.1499467723232607,0.10176007666963775,0.9670488834381104,0.8065564632415771,0.9390265941619873,0.01813673786818981,0.11256146430969238,0.058196790516376495,0.028350912034511566,-0.005942788906395435,0.24951171875,0.016153848730027676,0.01021105982363224,0.06892703473567963,0.04419954866170883,0.26513671875,0.013864502310752869,0.0580640509724617,0.1537693738937378
1,0.4585459530353546,0.003638962749391794,0.685546875,0.06042050337418914,0.06405946612358093,0.5257921814918518,0.12452391535043716,0.685546875,0.05214359611272812,0.17666751146316528,0.310546875,0.1287458948791027,0.04524163986460864,0.14225939375394386,0.8124989767695736,0.52978515625,0.07565329782664776,0.75,0.05277625983580947,0.14259673655033112,0.0014766606036573648,0.42431640625,0.02025416470132768,0.021730825304985046,0.21029119030703083,0.6932496808543762,0.5179904015715269,0.3662472069263458,0.26074090600013733,0.42919921875,0.01686742901802063,0.27760833501815796,0.21506003287820216,0.23338002279147838,0.22113526815884926,0.9086609018345653,0.923369268088133,0.9201421016558672,0.09383401274681091,0.15593327581882477,0.12167822569608688,0.8530091643333435,0.7438086271286011,0.8562585115432739,0.0828552320599556,0.0014238638104870915,0.33154296875,0.013905255938880146,0.015329119749367237,0.3211528956890106,0.25766074657440186,0.3349609375,0.0125998854637146,0.27026063203811646,3.065863847732544
2,0.4304659068584442,0.0020648736972361803,0.74609375,0.062069478211924434,0.06413435190916061,0.48476526141166687,0.09518618881702423,0.75244140625,0.05360366404056549,0.14878985285758972,0.28271484375,0.08695925585925579,0.12061580235017834,0.1520422611813681,0.7273418603662424,0.55810546875,0.07249805610626936,0.8310546875,0.05761792277917266,0.16780678927898407,-0.0005108466721139848,0.498046875,0.026667916623409837,0.026157069951295853,0.2773129876667609,0.725288318564492,0.5638650189984675,0.42569008469581604,0.3105083405971527,0.48583984375,0.012158721685409546,0.32266706228256226,0.4727812398838463,0.3688854892925718,0.37334680231141915,0.7766081223746052,0.8777132341892862,0.857078266711943,0.18695911765098572,0.2060777246952057,0.1826120913028717,0.82855623960495,0.7511500120162964,0.8409618735313416,0.11739807575941086,-0.0006478109280578792,0.3818359375,0.021579203836154193,0.020931392908096313,0.4144364893436432,0.33636897802352905,0.38037109375,0.008364170789718628,0.3447331488132477,3.1901252269744873
3,0.4080977737903595,0.0028439611196517944,0.833984375,0.11744406819343567,0.12028802931308746,0.496853232383728,0.14934346079826355,0.89306640625,0.10438314080238342,0.253726601600647,0.435546875,0.18939046561717987,0.08765615834851333,0.14865478253979467,0.7636890851305669,0.79150390625,0.20915898540988564,0.90087890625,0.08795212348923087,0.6517574787139893,0.565938413143158,0.47265625,0.01364290714263916,0.5795813202857971,0.9998374217873391,0.9999331500772771,0.9998977765755672,0.4710620939731598,0.3454665541648865,0.517578125,0.023740798234939575,0.36920735239982605,0.3328448697683678,0.5200492224204648,0.4670784936303199,0.9999958024614366,0.9999895071582167,0.9999920051710554,0.16134339570999146,0.16657690703868866,0.13072223961353302,0.8245280981063843,0.7507829666137695,0.8504647016525269,0.6677372455596924,0.6080303192138672,0.3759765625,0.007437467575073242,0.6154677867889404,0.4365471303462982,0.3420368731021881,0.3583984375,0.01392701268196106,0.35596388578414917,70.70223236083984
4,0.3243787884712219,0.0015096822753548622,0.7724609375,0.06242557521909475,0.06393525749444962,0.3887011408805847,0.09473101049661636,0.77294921875,0.054097242653369904,0.14882825314998627,0.36669921875,0.14059099182486534,0.044672867950534524,0.1089450680441045,0.8463820382710452,0.58984375,0.10095616383478045,0.791015625,0.0526754813909065,0.6196304559707642,0.5114844441413879,0.46484375,0.018740713596343994,0.5302251577377319,0.9997987849328799,0.9999175348085573,0.99987315354189,0.5290577411651611,0.3899860978126526,0.4814453125,0.02292788028717041,0.412913978099823,0.38213672421129413,0.5655878763571891,0.505125287015273,0.9999953010375309,0.9999858048206829,0.9999899029806402,0.10390086472034454,0.12688125669956207,0.09406813979148865,0.8491811752319336,0.7465513944625854,0.857363760471344,0.6008793115615845,0.5195295810699463,0.43798828125,0.014282286167144775,0.5338118672370911,0.48808470368385315,0.3803430497646332,0.42724609375,0.01848164200782776,0.39882469177246094,62.727779388427734
5,0.4854236841201782,0.0013636198127642274,0.8037109375,0.06476385926362127,0.0661274790763855,0.5388923287391663,0.105677530169487,0.79541015625,0.061043545603752136,0.16672107577323914,0.4375,0.148245457559824,0.05678583524253467,0.19759284447409992,0.7456213445858264,0.6806640625,0.08072523819282651,0.85595703125,0.05404109330265783,0.5559478402137756,0.3954877257347107,0.4755859375,0.019692182540893555,0.41517990827560425,0.9996733819158156,0.9998734317433188,0.9997995502727915,0.5399350523948669,0.37267500162124634,0.5185546875,0.022640734910964966,0.3953157365322113,0.377728044558582,0.6494227916892722,0.5779459293197552,0.9999931994838408,0.9999778027568976,0.9999836008248785,0.1636103391647339,0.3100718855857849,0.2490064948797226,0.8296200037002563,0.7477304339408875,0.8340086340904236,0.5674353837966919,0.46226030588150024,0.43017578125,0.012164950370788574,0.4744252562522888,0.5301932096481323,0.41243860125541687,0.4423828125,0.017367392778396606,0.4298059940338135,49.513248443603516
6,0.4897157549858093,0.0101248100399971,0.828125,0.08444472402334213,0.09456953406333923,0.5871686935424805,0.1942838430404663,0.8291015625,0.06776419281959534,0.26204803586006165,0.4033203125,0.15327555686235428,0.06804421966892445,0.09957579177882149,0.8323799803178874,0.78369140625,0.13259124383330345,0.85791015625,0.07269905996508896,0.5366525650024414,0.3496997058391571,0.5048828125,0.026806801557540894,0.376506507396698,0.9996128166299559,0.9998515296844586,0.9997637881300584,0.5529016852378845,0.374358594417572,0.53662109375,0.02500629425048828,0.3993648886680603,0.5014735681527522,0.6980907624542465,0.6320541688436283,0.9999922933676723,0.9999801876767349,0.9999849893469395,0.13639779388904572,0.12301719188690186,0.09511387348175049,0.8252079486846924,0.7792757153511047,0.8934587240219116,0.5315564870834351,0.369987815618515,0.439453125,0.021273761987686157,0.39126157760620117,0.5252360701560974,0.36639881134033203,0.466796875,0.020034968852996826,0.38643378019332886,47.731101989746094
7,0.5297919511795044,0.005433541256934404,0.8876953125,0.08031298546120524,0.08574652671813965,0.573111891746521,0.09597986191511154,0.888671875,0.07088520377874374,0.16686506569385529,0.443359375,0.14715880155563354,0.040376367446982045,0.11219849856544167,0.8474252007783205,0.76611328125,0.12689534574747086,0.9150390625,0.07070176932029426,0.5341611504554749,0.3130636215209961,0.5380859375,0.031242936849594116,0.3443065583705902,0.9995506261515767,0.9998248932899709,0.99972453212988,0.5720917582511902,0.37272822856903076,0.5732421875,0.02510356903076172,0.3978317975997925,0.3777362588299715,0.5812463296209547,0.5039700623141293,0.9999901896157082,0.9999751805316089,0.9999806829101706,0.10435208678245544,0.13625693321228027,0.09796718508005142,0.8725045919418335,0.7631796002388,0.8803125619888306,0.5099618434906006,0.3313971161842346,0.4638671875,0.024824053049087524,0.35622116923332214,0.5355257391929626,0.3692784309387207,0.49609375,0.019819200038909912,0.3890976309776306,45.27653121948242
8,0.4718974530696869,0.008117320016026497,0.77978515625,0.07431756518781185,0.08243488520383835,0.5368584394454956,0.13207629323005676,0.85595703125,0.0613691508769989,0.19344544410705566,0.3623046875,0.12013835832476616,0.10133019188054102,0.13347957214036554,0.7651903196657278,0.740234375,0.12734756246209145,0.88916015625,0.06415828270837665,0.5232319831848145,0.2886611819267273,0.5458984375,0.03174981474876404,0.32041099667549133,0.9995060173653972,0.9998088358302338,0.9996987837492631,0.5855635404586792,0.3822748363018036,0.58544921875,0.02767220139503479,0.4099470376968384,0.6731558518533954,0.7241261055387914,0.7030942967731802,0.9999894802734087,0.9999759621933377,0.9999822701660084,0.15953229367733002,0.11997689306735992,0.10071548074483871,0.844114363193512,0.7732574939727783,0.8860036134719849,0.5147740244865417,0.3008611500263214,0.5009765625,0.025118201971054077,0.3259793519973755,0.5421861410140991,0.3463122844696045,0.53125,0.02311617136001587,0.36942845582962036,41.96676254272461
9,0.3803529143333435,0.0004939961363561451,0.83740234375,0.07439195335609838,0.07488594949245453,0.47476738691329956,0.15198971331119537,0.87451171875,0.06075774133205414,0.2127474546432495,0.3564453125,0.1047716811299324,0.10517469948014346,0.1906441219527547,0.7041812547080485,0.7060546875,0.08546212315559387,0.92138671875,0.06760561326518655,0.4925675690174103,0.24616581201553345,0.6044921875,0.03959345817565918,0.2857592701911926,0.9993982457196764,0.9997812167559864,0.9996470363902772,0.5974668860435486,0.40096670389175415,0.638671875,0.028434664011001587,0.42940136790275574,0.7394612522499037,0.7862840066572844,0.7695878887020097,0.9999848366231501,0.9999520177634657,0.9999558263223516,0.22105193138122559,0.20379339158535004,0.24520279467105865,0.7917590737342834,0.7543273568153381,0.7931263446807861,0.503954291343689,0.270913690328598,0.51904296875,0.03170347213745117,0.3026171624660492,0.5622339844703674,0.3606244623661041,0.5458984375,0.024999290704727173,0.3856237530708313,34.67333221435547
10,0.580194354057312,0.002512534847483039,0.8779296875,0.1115426963660866,0.11405523121356964,0.7007327675819397,0.2839200496673584,0.90478515625,0.07842016220092773,0.36234021186828613,0.498046875,0.2310531884431839,0.0853067396104649,0.12175159612545705,0.7929417208780378,0.84521484375,0.1910971449688077,0.9365234375,0.08894391148351133,0.5033085346221924,0.20721367001533508,0.63525390625,0.04802638292312622,0.2552400529384613,0.9992674582095606,0.9997232753828794,0.9995606557258492,0.659942626953125,0.4535622000694275,0.66650390625,0.033740460872650146,0.48730266094207764,0.5566280003534217,0.6609365968481233,0.6255023427925315,0.9999835150248988,0.9999577011573707,0.9999668387434416,0.15725435316562653,0.14681878685951233,0.1150418221950531,0.8588424324989319,0.770174503326416,0.8803697824478149,0.4698650538921356,0.2266547977924347,0.5625,0.03535407781600952,0.2620088756084442,0.585031270980835,0.3921114504337311,0.591796875,0.028840631246566772,0.42095208168029785,31.31632423400879
11,0.36496585607528687,0.00528599601238966,0.75537109375,0.052073278464376926,0.057359274476766586,0.47108203172683716,0.1746239960193634,0.80419921875,0.04163922369480133,0.21626321971416473,0.34912109375,0.07628090679645538,0.10363410008190732,0.3041269111455906,0.5922390644444538,0.5673828125,0.029062020359560847,0.84326171875,0.059477234026417136,0.4266912639141083,0.1254189908504486,0.61376953125,0.04463748633861542,0.17005647718906403,0.9986675534216198,0.9995628271250425,0.999245486906949,0.6303707957267761,0.4349191188812256,0.67138671875,0.027566969394683838,0.4624860882759094,0.6877620303100553,0.7545020567184205,0.7178485909433763,0.9999609092311339,0.9998565606876632,0.9998793720216191,0.30006664991378784,0.429476261138916,0.4454599618911743,0.8449990749359131,0.730717658996582,0.7470055222511292,0.47092804312705994,0.173786461353302,0.5673828125,0.04358646273612976,0.21737292408943176,0.643657386302948,0.4407270550727844,0.64208984375,0.029746711254119873,0.4704737663269043,20.94464874267578
12,0.609546959400177,0.009561091661453247,0.77197265625,0.09734884649515152,0.10690993815660477,0.7090747952461243,0.2521299421787262,0.849609375,0.0731445848941803,0.3252745270729065,0.3935546875,0.14827528595924377,0.10107915587835355,0.09090457359562834,0.808016217607543,0.7744140625,0.1696433548349887,0.859375,0.08473494800273329,0.42934539914131165,0.11298033595085144,0.5986328125,0.0474170446395874,0.16039738059043884,0.9985230064719244,0.9994918803651367,0.9991459115617877,0.6563431620597839,0.46649813652038574,0.67138671875,0.028753161430358887,0.49525129795074463,0.602179618021591,0.6586633269535698,0.6426432401001172,0.9999806221188018,0.9999524088867128,0.9999624787619201,0.108790822327137,0.10274551808834076,0.07511705160140991,0.9404550790786743,0.8168068528175354,0.9398451447486877,0.41511213779449463,0.1227966696023941,0.55126953125,0.03929640352725983,0.16209307312965393,0.6107780337333679,0.4187133312225342,0.62158203125,0.027105271816253662,0.44581860303878784,28.817840576171875
13,0.6441321969032288,0.012449294328689575,0.7529296875,0.10538548976182938,0.11783478409051895,0.7385128140449524,0.27294427156448364,0.82958984375,0.06822016835212708,0.3411644399166107,0.36474609375,0.17274869978427887,0.10230015137913202,0.10485006850053107,0.7928499234097577,0.69970703125,0.1506716008298099,0.84765625,0.09255987987853587,0.436895489692688,0.09956726431846619,0.60693359375,0.049698591232299805,0.149265855550766,0.9983426180638582,0.9993993895779253,0.999015604565366,0.669826090335846,0.47401857376098633,0.6669921875,0.02710634469985962,0.501124918460846,0.6347406197002295,0.6992173635678832,0.6757662752014887,0.9999739134892437,0.999935963722742,0.9999506913118495,0.12004516273736954,0.12074664980173111,0.08597037196159363,0.9322202801704407,0.808873176574707,0.9139432311058044,0.4199294447898865,0.11003033071756363,0.5576171875,0.04443395882844925,0.15446428954601288,0.621464192867279,0.4244062006473541,0.630859375,0.0269964337348938,0.4514026343822479,24.999332427978516
14,0.5397065877914429,0.010493566282093525,0.734375,0.06416357588022947,0.074657142162323,0.6217405200004578,0.1798345148563385,0.8095703125,0.05246230959892273,0.23229682445526123,0.3515625,0.09755205363035202,0.09701978798716476,0.0662490638433826,0.8367311840705348,0.7412109375,0.09989420068450272,0.83642578125,0.058119796216487885,0.4419686794281006,0.0925590842962265,0.587890625,0.04958413541316986,0.14214321970939636,0.9982171499430421,0.9993396139650551,0.9989312612705495,0.688001275062561,0.4899895489215851,0.6650390625,0.027370840311050415,0.5173603892326355,0.7375683053462845,0.7928205748132597,0.7711660024004741,0.9999534765485316,0.9999254840952079,0.9999409503648822,0.13775968551635742,0.10783032327890396,0.08532515913248062,0.8644461035728455,0.7894901037216187,0.8970009684562683,0.42114296555519104,0.09669625759124756,0.5712890625,0.0430908203125,0.13978707790374756,0.6484621167182922,0.4552932381629944,0.6337890625,0.024578839540481567,0.47987207770347595,22.759981155395508
15,0.6256787776947021,0.0024756097700446844,0.7978515625,0.08813701779581606,0.09061262756586075,0.7129033207893372,0.23112043738365173,0.8232421875,0.0709516704082489,0.30207210779190063,0.49462890625,0.19189193472266197,0.09558071644009344,0.15831907718835697,0.7461001281801987,0.7724609375,0.12356752203777432,0.85009765625,0.06748718360904604,0.4621351957321167,0.07655228674411774,0.63525390625,0.05581773817539215,0.1323700249195099,0.9977420139004548,0.9991212868192112,0.9986223470156708,0.699999988079071,0.48142486810684204,0.7021484375,0.032358527183532715,0.5137833952903748,0.46934200850137514,0.5777569894765685,0.5462894095871823,0.9999415503822007,0.999863197822839,0.9998875633964006,0.20220111310482025,0.1902482658624649,0.16924040019512177,0.853505551815033,0.7636279463768005,0.8632497191429138,0.4222138226032257,0.09230263531208038,0.576171875,0.043876856565475464,0.13617949187755585,0.6573916077613831,0.45859813690185547,0.64453125,0.026951313018798828,0.4855494499206543,19.147192001342773
16,0.6520507335662842,0.010462883859872818,0.767578125,0.10938834771513939,0.11985123157501221,0.7803381085395813,0.37354904413223267,0.828125,0.0670350193977356,0.44058406352996826,0.44873046875,0.2033352367579937,0.15099162073129715,0.14793999447499045,0.7010684905827644,0.80029296875,0.12270839954726398,0.84521484375,0.0883407830260694,0.4700402021408081,0.05819089338183403,0.65380859375,0.06099528446793556,0.11918617784976959,0.9971191118899181,0.9988432690311112,0.9982263120843947,0.708832323551178,0.4782083034515381,0.720703125,0.037658751010894775,0.5158670544624329,0.49262160043753644,0.624075394245951,0.5762824857163354,0.9999179212791928,0.9998278105266787,0.9998533759899277,0.23976096510887146,0.2110133171081543,0.1941094547510147,0.8284620046615601,0.7606896162033081,0.8604499101638794,0.44154223799705505,0.07253505289554596,0.62744140625,0.04973869025707245,0.12227374315261841,0.6547934412956238,0.4231296479701996,0.6826171875,0.03612333536148071,0.4592529833316803,15.719714164733887
17,0.7406034469604492,0.000987461069598794,0.81591796875,0.10688215657137334,0.10786961764097214,0.8296411037445068,0.3481188714504242,0.82958984375,0.06619459390640259,0.4143134653568268,0.48779296875,0.21529245004057884,0.12156628294872421,0.1768818774212572,0.7015519072413169,0.7626953125,0.12286503985524178,0.88916015625,0.08377142017707229,0.4427917003631592,0.03202185034751892,0.68212890625,0.055489398539066315,0.08751124888658524,0.9945615642955471,0.9980482103471245,0.9967840622485494,0.6641766428947449,0.4195424020290375,0.73779296875,0.032182782888412476,0.45172518491744995,0.527445342916432,0.6539976606888322,0.609169853803427,0.9998493151005283,0.999680533259193,0.9997235487093479,0.24888071417808533,0.19998319447040558,0.18313543498516083,0.76627117395401,0.7882691621780396,0.8716745972633362,0.3741185665130615,0.039034318178892136,0.6337890625,0.0440804623067379,0.08311478048563004,0.5751748085021973,0.35140979290008545,0.6787109375,0.029087603092193604,0.38049739599227905,11.816356658935547
18,0.7012746930122375,0.012346955016255379,0.90234375,0.1461265068501234,0.15847346186637878,0.8144036531448364,0.3894910216331482,0.90087890625,0.08569049835205078,0.475181519985199,0.60498046875,0.3173602297902107,0.1150821730592718,0.15249215173807082,0.7324255662362729,0.89404296875,0.17092700861394405,0.919921875,0.10872675757855177,0.45210179686546326,0.023754913359880447,0.73193359375,0.0622810535132885,0.08603596687316895,0.9921492980952669,0.9969920318261917,0.9952408714878606,0.6842536926269531,0.43566006422042847,0.77294921875,0.038188636302948,0.47384870052337646,0.40349972029952913,0.559410981960709,0.5084045640622507,0.9998280020419663,0.9996332376898619,0.9996850066091728,0.21694408357143402,0.19246351718902588,0.18448904156684875,0.8664242029190063,0.7800043821334839,0.8827050924301147,0.4016515910625458,0.026932936161756516,0.671875,0.047537121921777725,0.07447005808353424,0.621982753276825,0.3841978907585144,0.71484375,0.032234787940979004,0.4164326786994934,11.007719993591309
19,0.6141149997711182,0.0035745794884860516,0.80322265625,0.08211851911619306,0.08569309860467911,0.7016490697860718,0.23722442984580994,0.81640625,0.056844502687454224,0.29406893253326416,0.53759765625,0.22845422104001045,0.0633279279324528,0.13773072549946688,0.798941460718458,0.7314453125,0.09060187870636582,0.83251953125,0.0672471250873059,0.4369875192642212,0.014387892559170723,0.73583984375,0.06010051630437374,0.07448840886354446,0.9884855615430604,0.995361588726458,0.99281385117227,0.6721235513687134,0.42646974325180054,0.76416015625,0.03317186236381531,0.45964160561561584,0.24689640438256463,0.504986436964409,0.4158545987946214,0.9997721729163693,0.9993959149993029,0.9995319075883184,0.12692011892795563,0.17719750106334686,0.1364215463399887,0.8599884510040283,0.7619993090629578,0.8717565536499023,0.4006672501564026,0.016367563977837563,0.7197265625,0.054929619655013084,0.07129718363285065,0.6364662051200867,0.4042656421661377,0.74951171875,0.031391680240631104,0.4356573224067688,9.541618347167969
20,0.5109761357307434,0.007012535817921162,0.81298828125,0.10165624599903822,0.10866878181695938,0.6672071814537048,0.32094746828079224,0.84814453125,0.06596106290817261,0.38690853118896484,0.5419921875,0.24808679148554802,0.08026378764711956,0.16367274674402982,0.7560635153517339,0.72705078125,0.11814623977988958,0.8544921875,0.08063973975367844,0.4128607213497162,0.009446918964385986,0.75146484375,0.06367655098438263,0.07312346994876862,0.9819810928791867,0.9927261364135684,0.9888276650239284,0.6604372262954712,0.42508789896965027,0.7802734375,0.03707045316696167,0.46215835213661194,0.21559664003449255,0.6176307577801422,0.48150086373233186,0.9996312232979625,0.9991394579260462,0.9992686668114824,0.13672730326652527,0.177069753408432,0.15238913893699646,0.8771863579750061,0.7616153955459595,0.8746144771575928,0.3919205963611603,0.010272578336298466,0.7216796875,0.05402927007526159,0.06430184841156006,0.6225897669792175,0.3852159082889557,0.7490234375,0.03429752588272095,0.41951343417167664,8.036980628967285
21,0.48910731077194214,-0.00240061292424798,0.83984375,0.1068660975433886,0.10446548461914062,0.6628345251083374,0.3633687496185303,0.87255859375,0.060243695974349976,0.42361244559288025,0.56005859375,0.26753857731819153,0.04725653810052787,0.12152360490382656,0.8312199574603667,0.783203125,0.1473969416692853,0.86474609375,0.08850128995254636,0.38696080446243286,0.0031027570366859436,0.759765625,0.06725434213876724,0.07035709917545319,0.9733039997164987,0.9889872516029565,0.9831728883638277,0.6661226749420166,0.46223247051239014,0.79833984375,0.034700989723205566,0.4969334602355957,0.27379298703192767,0.5133990023331233,0.41711460325592276,0.9997546439939581,0.9992376585024126,0.999430481827561,0.11158335953950882,0.1560252606868744,0.1230044886469841,0.9393129944801331,0.7762734293937683,0.9053007364273071,0.37772443890571594,0.004378473851829767,0.73876953125,0.06099888077005744,0.06537735462188721,0.6447198987007141,0.43593451380729675,0.76513671875,0.03346344828605652,0.46939796209335327,8.738570213317871
22,0.503305196762085,0.0014252621913328767,0.83349609375,0.12050489743705839,0.12193015962839127,0.6602817177772522,0.3190334439277649,0.8720703125,0.0791061520576477,0.3981395959854126,0.57568359375,0.2595381997525692,0.07592168943360697,0.10287056976973506,0.8212079140111271,0.80419921875,0.16330957133322954,0.8876953125,0.09906772442627698,0.38120535016059875,0.007268987130373716,0.7431640625,0.06664162175729871,0.07391060888767242,0.9649485032398204,0.9856907436589426,0.9781331438798836,0.6959343552589417,0.5125767588615417,0.80859375,0.03450685739517212,0.5470836162567139,0.35215496431174154,0.5821744361518838,0.49136026220906925,0.9996833025721067,0.9991646694575336,0.9993495207437358,0.14339400827884674,0.13798052072525024,0.11360332369804382,0.945347785949707,0.7878307104110718,0.9237233400344849,0.3663954734802246,0.007075901608914137,0.73876953125,0.058035549242049456,0.06511145085096359,0.6729982495307922,0.48687413334846497,0.77880859375,0.032357603311538696,0.5192317366600037,9.306894302368164
23,0.46162161231040955,0.0010750681394711137,0.79150390625,0.07529798743780702,0.07637305557727814,0.612098753452301,0.2764509320259094,0.8203125,0.05261659622192383,0.32906752824783325,0.4736328125,0.17456435970962048,0.0766923064905636,0.14336193921674792,0.7799457270944413,0.6708984375,0.07363864174112678,0.85009765625,0.06581978173926473,0.3749436140060425,0.0062755621038377285,0.72119140625,0.06605777377262712,0.07233333587646484,0.9514552877418121,0.9799299451467637,0.969625385504577,0.7185747027397156,0.5547635555267334,0.79638671875,0.026143670082092285,0.5809072256088257,0.28025500622349553,0.5963098951899812,0.46349669673992216,0.9996009298725417,0.99899810863875,0.9991811343709877,0.1660662740468979,0.19825181365013123,0.1705663800239563,0.9421816468238831,0.7818893790245056,0.9215540289878845,0.3606051802635193,0.0067261336371302605,0.728515625,0.06392349768429995,0.0706496313214302,0.7086543440818787,0.5499832034111023,0.791015625,0.025670766830444336,0.5756539702415466,9.35834789276123
24,0.5184662938117981,0.009315676055848598,0.83642578125,0.14103854540735483,0.15035422146320343,0.7845391035079956,0.562669575214386,0.91845703125,0.06382614374160767,0.6264957189559937,0.58154296875,0.30110204219818115,0.1137460352643816,0.13682974093739325,0.749424298663628,0.857421875,0.16179160214960575,0.9091796875,0.11161508900113404,0.384609192609787,0.0029236578848212957,0.73779296875,0.08237558067776263,0.08529923856258392,0.9367611557388206,0.9738458884543251,0.9603618687582005,0.7599231600761414,0.614431619644165,0.8076171875,0.032287776470184326,0.6467193961143494,0.3026423166871743,0.4796810688850413,0.40790689776896477,0.9992791070103433,0.9984584459329832,0.9987111778358876,0.17432619631290436,0.17803342640399933,0.14563287794589996,0.9417328238487244,0.782012939453125,0.9073967337608337,0.3620525598526001,0.0025579214561730623,0.7177734375,0.0724744766484946,0.07503239810466766,0.7266932129859924,0.575365424156189,0.779296875,0.03143954277038574,0.6068049669265747,6.6090474128723145
25,0.5515793561935425,-0.0037878535222262144,0.86767578125,0.16541466931812465,0.16162681579589844,0.7787713408470154,0.5199444890022278,0.9169921875,0.07471984624862671,0.5946643352508545,0.65771484375,0.3412388116121292,0.12673516881917568,0.1704216862127779,0.7028431733907609,0.85986328125,0.18830461334437132,0.89013671875,0.12975271977484226,0.39369407296180725,0.004964983556419611,0.75048828125,0.09073820104822516,0.09570318460464478,0.9193387680856765,0.9668359692610922,0.9499564340888863,0.7995692491531372,0.6753250956535339,0.8203125,0.029477417469024658,0.7048025131225586,0.310686321055467,0.4913251408880852,0.427824893249038,0.9988292849479316,0.9975370134233953,0.9978041812007762,0.21183718740940094,0.22503899037837982,0.20619317889213562,0.9528913497924805,0.7779038548469543,0.8936101198196411,0.37047478556632996,0.005847884342074394,0.73046875,0.08026433922350407,0.08611222356557846,0.7783409953117371,0.6539123058319092,0.79638671875,0.027825593948364258,0.6817378997802734,6.595316410064697
26,0.37202873826026917,0.006288520991802216,0.75,0.11527139693498611,0.12155991792678833,0.5236123204231262,0.24381592869758606,0.83447265625,0.08245337009429932,0.3262692987918854,0.4501953125,0.19213717430830002,0.16319397179679865,0.07985333231130448,0.7569527042164151,0.8017578125,0.22042382415384054,0.83349609375,0.09560941602103412,0.41468748450279236,0.004549121484160423,0.796875,0.10339886881411076,0.10794799029827118,0.9143134117386842,0.9670004788494098,0.9488612254474477,0.8389042615890503,0.7326489090919495,0.84912109375,0.025378286838531494,0.758027195930481,0.4131619412709062,0.4850340895147094,0.450761902487894,0.9977079126885879,0.9946049257750406,0.9957913553114739,0.14601761102676392,0.09471157193183899,0.0791628509759903,0.908844530582428,0.7525186538696289,0.8755722045898438,0.3821997046470642,0.0032720775343477726,0.78857421875,0.08216300001367927,0.08543507754802704,0.8147681951522827,0.7038466930389404,0.8095703125,0.023386836051940918,0.7272335290908813,6.017329216003418
27,0.507222056388855,0.006893362384289503,0.853515625,0.15777498902752995,0.16466835141181946,0.6702380776405334,0.36191073060035706,0.88134765625,0.0960225760936737,0.45793330669403076,0.72998046875,0.3935665637254715,0.08423729612582194,0.12714935322674548,0.7886133094390851,0.8515625,0.1839684471487999,0.85400390625,0.11906130751594901,0.4391838312149048,0.0065214321948587894,0.83203125,0.12129339715465903,0.12781482934951782,0.8933390563868784,0.9588674153556453,0.9365841566264029,0.8559280037879944,0.7501403093338013,0.85791015625,0.028908848762512207,0.7790491580963135,0.13678290502151044,0.24817688136036026,0.2110790180102409,0.9985663454093185,0.9967186594649176,0.9973052904074746,0.19120877981185913,0.18807876110076904,0.16064698994159698,0.965933620929718,0.7833114266395569,0.9105340242385864,0.41127848625183105,0.00650839414447546,0.8173828125,0.1083857724443078,0.11489416658878326,0.8498755097389221,0.750859260559082,0.84130859375,0.02585923671722412,0.7767184972763062,8.976213455200195
