layer,D_coarse,D_coarse_ci_low,D_coarse_ci_high,D_fine,D_fine_ci_low,D_fine_ci_high,R,R_ci_low,R_ci_high
0,0.01542543713003397,2.3794411065262964e+26,2.3794411065262964e+26,9605423078565440.0,9.22641525182378e+61,9.22641525182378e+61,40.972841608433555,81.94568321686711,81.94568321686711
1,0.535843014717102,0.3513495402761227,0.7931144814459581,0.4555179476737976,0.21695056978133162,0.32949287409181016,-0.16240611712008687,-1.1717266466379817,-0.17701472045225547
2,0.5044248104095459,0.33580555778623983,0.7142154541113859,0.4891358017921448,0.24195742568544937,0.355954528463498,-0.030778626650028198,-0.9434760771497551,-0.044716385163688074
3,0.3578334152698517,0.22716810494721842,0.49258391689206266,0.37784624099731445,0.17103752629127605,0.2523947852037557,0.054419785387659375,-0.942132664337942,0.0029253099416405998
4,0.3101543188095093,0.21126076902195837,0.38816122137967224,0.29814714193344116,0.12055084463810674,0.18567811234103615,-0.03948284670693749,-1.053996579986676,-0.2547619177902105
5,0.30701950192451477,0.2122385120862351,0.3804601910752848,0.31646841764450073,0.1310353802738736,0.20227196289576108,0.030312180578241154,-0.9443623325248447,-0.15453232724228216
6,0.3404408395290375,0.23325233460732755,0.4273795444132589,0.3720686733722687,0.164350688482252,0.2539411392088197,0.08883707845755547,-0.815410595175106,-0.02752229763091138
7,0.4027184247970581,0.2765004696958723,0.5252804417424857,0.422025203704834,0.1907427117958379,0.3069268991357967,0.04682741670202976,-0.8620432532295085,-0.023697771757791933
8,0.41765686869621277,0.2596957126234718,0.6051960966115674,0.41616472601890564,0.18416521184289067,0.308717870910976,-0.0035790492344548804,-1.0365329662593323,0.004110592985157472
9,0.3819666802883148,0.23628561694786573,0.5416838948545006,0.38405007123947144,0.16449299972514173,0.27402449493186304,0.0054395575138087935,-1.0261889891098153,-0.01552255424862159
10,0.3493432402610779,0.21844999762019696,0.4790180269904378,0.34542110562324524,0.14339762785150803,0.23527965336926615,-0.01129066661766739,-1.0442265043066778,-0.09310936953626298
11,0.31392282247543335,0.19256045177092984,0.4281439945477624,0.30751439929008484,0.1219605368857829,0.19973242567539504,-0.020625254292711524,-1.0818164940186725,-0.14198761103181357
12,0.30136820673942566,0.1908697543868004,0.390119312349155,0.30894169211387634,0.12418643900148235,0.19808200995101796,0.02481976507353774,-0.988854359391702,-0.122801384472352
13,0.29904454946517944,0.18584550325320262,0.3927619230568104,0.30199623107910156,0.11974229554892299,0.19217319122911428,0.009821980267596295,-1.0199258490678864,-0.13053047701740775
14,0.2914573848247528,0.17345158645834538,0.3958472437163163,0.2884528338909149,0.11130298961150191,0.18137287721129206,-0.010362217189591544,-1.0886447317955397,-0.13408300696541278
15,0.29094696044921875,0.17535855595677016,0.3918109638539025,0.29319673776626587,0.11474448487440218,0.1839911959760325,0.007702859580413316,-1.0403898321960667,-0.12333377772588443
16,0.2879571318626404,0.17534377076264762,0.38599347192813793,0.2898467183113098,0.11307474515511735,0.18101291649565127,0.006540604339668322,-1.0407243745843013,-0.13498784689592724
17,0.28176531195640564,0.17552479021723424,0.36393629727831023,0.29070839285850525,0.11453549625672364,0.18094339866972572,0.031246181010415562,-0.992753661000592,-0.1354659076806261
18,0.27731409668922424,0.1730272746042151,0.3631879229280805,0.2800738513469696,0.1086904584496508,0.17243194812287407,0.009902536354720387,-1.03084646661702,-0.17427361783087647
19,0.27426591515541077,0.1696075301096911,0.36308972384360166,0.27462804317474365,0.1056888805577475,0.16806349594161601,0.0013194828122151218,-1.061997542848215,-0.1926875219308631
20,0.2730921506881714,0.1660411819987038,0.36692038445683167,0.2740596830844879,0.10534996764116646,0.16853347832133422,0.0035366176079837308,-1.079295350689504,-0.17637797168822006
21,0.2586534917354584,0.15122405716186194,0.3573521284499877,0.25622689723968506,0.09355933683630681,0.15413960962304252,-0.009425926930728083,-1.162221679629489,-0.1738354691431305
22,0.24432988464832306,0.1383896928056258,0.34379981379616276,0.2519916892051697,0.09085180054149715,0.1520147296814334,0.030876809176719578,-1.1331046920978989,-0.11624259443955665
23,0.23389361798763275,0.1315293517727121,0.32619711619845077,0.2575167119503021,0.09341752912864078,0.15833916241660184,0.09621823077528802,-1.0632623790044837,-0.036229740555152656
24,0.24275313317775726,0.1421919560138944,0.3207430978938132,0.2907808721065521,0.11091871354248445,0.1896059197820521,0.18052495259336113,-0.8681848725832164,0.060110225100165116
25,0.5193993449211121,0.38544940710247644,0.6601757245046551,0.5148125290870667,0.24612635434042182,0.40128498762894665,-0.008870224803726455,-0.8494987512185664,-0.11058695869782591
26,0.5278313755989075,0.39129879415345986,0.6757448723153874,0.5350175499916077,0.25878768881906555,0.42383814783476575,0.013522681778023586,-0.8102072739132045,-0.07233373259730425
27,0.5963210463523865,0.4444870158162891,0.7938801024789881,0.616324782371521,0.31031130045359,0.5082481123413246,0.03299487828668566,-0.793259582848717,-0.01152696022601371
28,0.7096361517906189,0.5317603293735028,0.9249441183231816,0.9375705718994141,0.5302235084460534,0.8236486158938385,0.27853965528916425,-0.4540959815096923,0.34734036138280117
29,0.7160894274711609,0.5312555788355858,0.913075364347728,1.007982850074768,0.5718973278297641,0.9042400810189131,0.3419013768076723,-0.37386495351604165,0.42921583222780607
30,0.8252544403076172,0.6007560762789281,1.1171498106037507,1.2980353832244873,0.7871821363674205,1.170364821957545,0.452915405416237,-0.23082946283040306,0.5692736318651634
31,0.9616926908493042,0.7144734944646817,1.2586354431446063,1.5117205381393433,0.9295279683369456,1.4068731316755005,0.45230875893385125,-0.21528831366982715,0.5838930958025506
32,0.9716603755950928,0.7286342886715457,1.2540626806331578,1.5767539739608765,0.9834070381224155,1.4596331418678936,0.48411723031063536,-0.15356197689772189,0.6174473263502878
33,0.9702141880989075,0.7238535690110112,1.2458613861203094,1.6117643117904663,1.0166891420366122,1.476473559268151,0.5075678442153079,-0.12677700302423567,0.6366057246389303
34,0.9135064482688904,0.681049394490898,1.1536756340065064,1.5935419797897339,1.008491454698056,1.4520014581989698,0.5564240432496079,-0.05866550619964839,0.6815764249262257
35,0.8712850213050842,0.6524380230642524,1.0749761721792348,1.5895655155181885,1.0141822258933533,1.4425737986959541,0.6012468393046229,0.0022826624120031447,0.7185881008293958
36,0.8225222229957581,0.6191412684441225,1.002693734388382,1.513008952140808,0.9586711351897447,1.3671066653087587,0.6094801294713099,0.008879217073030299,0.7246531614351511
