layer,band,rank,split_half_overlap,random_expectation,normalized_excess,stability_pass,reconstruction_relative_error,trace_relative_error,orthogonality_relative_error
1,F1,256,0.8248137792234359,0.0625,0.8131346978383316,True,5.594177926589937e-15,0.0,5.706531755920112e-15
1,F2,256,0.5783211077932833,0.0625,0.5502091816461688,True,5.594177926589937e-15,0.0,5.706531755920112e-15
1,F3,256,0.4686269131537178,0.0625,0.433202040697299,True,5.594177926589937e-15,0.0,5.706531755920112e-15
1,F4,256,0.45754713951415893,0.0625,0.4213836154817695,True,5.594177926589937e-15,0.0,5.706531755920112e-15
1,F5,256,0.5071473165863041,0.0625,0.474290471025391,True,5.594177926589937e-15,0.0,5.706531755920112e-15
1,F6,256,0.5588188717184697,0.0625,0.529406796499701,True,5.594177926589937e-15,0.0,5.706531755920112e-15
1,F7,256,0.5728176526587723,0.0625,0.5443388295026904,True,5.594177926589937e-15,0.0,5.706531755920112e-15
1,F8,256,0.5726198395150759,0.0625,0.5441278288160809,True,5.594177926589937e-15,0.0,5.706531755920112e-15
1,F9,256,0.5687986567864235,0.0625,0.5400519005721851,True,5.594177926589937e-15,0.0,5.706531755920112e-15
1,F10,256,0.5710416734622996,0.0625,0.5424444516931196,True,5.594177926589937e-15,0.0,5.706531755920112e-15
1,F11,256,0.5837119476637701,0.0625,0.5559594108413548,True,5.594177926589937e-15,0.0,5.706531755920112e-15
1,F12,256,0.6153381834707989,0.0625,0.5896940623688522,True,5.594177926589937e-15,0.0,5.706531755920112e-15
1,F13,256,0.6670522056168202,0.0625,0.6448556859912749,True,5.594177926589937e-15,0.0,5.706531755920112e-15
1,F14,256,0.7464028919943854,0.0625,0.7294964181273443,True,5.594177926589937e-15,0.0,5.706531755920112e-15
1,F15,256,0.8533380161258268,0.0625,0.8435605505342153,True,5.594177926589937e-15,0.0,5.706531755920112e-15
1,F16,256,0.9575103662065753,0.0625,0.9546777239536802,True,5.594177926589937e-15,0.0,5.706531755920112e-15
1,H,256,0.8248137792234359,0.0625,0.8131346978383316,True,5.594177926589937e-15,0.0,5.706531755920112e-15
1,M,1792,0.9311148622606028,0.4375,0.8775375329077383,True,5.594177926589937e-15,0.0,5.706531755920112e-15
1,T,2048,0.9613552342316878,0.5,0.9227104684633756,True,5.594177926589937e-15,0.0,5.706531755920112e-15
2,F1,256,0.8639411708199087,0.0625,0.8548705822079027,True,3.840593884737271e-15,1.9644012241153844e-16,5.745359307182977e-15
2,F2,256,0.6853221510673555,0.0625,0.6643436278051792,True,3.840593884737271e-15,1.9644012241153844e-16,5.745359307182977e-15
2,F3,256,0.5765924729748533,0.0625,0.5483653045065101,True,3.840593884737271e-15,1.9644012241153844e-16,5.745359307182977e-15
2,F4,256,0.4972245825091194,0.0625,0.46370622134306066,True,3.840593884737271e-15,1.9644012241153844e-16,5.745359307182977e-15
2,F5,256,0.4474461358150733,0.0625,0.4106092115360782,True,3.840593884737271e-15,1.9644012241153844e-16,5.745359307182977e-15
2,F6,256,0.41950826563817695,0.0625,0.3808088166807221,True,3.840593884737271e-15,1.9644012241153844e-16,5.745359307182977e-15
2,F7,256,0.41202049929011275,0.0625,0.3728218659094536,True,3.840593884737271e-15,1.9644012241153844e-16,5.745359307182977e-15
2,F8,256,0.412547505488504,0.0625,0.3733840058544043,True,3.840593884737271e-15,1.9644012241153844e-16,5.745359307182977e-15
2,F9,256,0.42412806307758355,0.0625,0.3857366006160891,True,3.840593884737271e-15,1.9644012241153844e-16,5.745359307182977e-15
2,F10,256,0.4506050189586606,0.0625,0.413978686889238,True,3.840593884737271e-15,1.9644012241153844e-16,5.745359307182977e-15
2,F11,256,0.48779977671776364,0.0625,0.45365309516561453,True,3.840593884737271e-15,1.9644012241153844e-16,5.745359307182977e-15
2,F12,256,0.5361693691583093,0.0625,0.5052473271021966,True,3.840593884737271e-15,1.9644012241153844e-16,5.745359307182977e-15
2,F13,256,0.6028322760459592,0.0625,0.5763544277823566,True,3.840593884737271e-15,1.9644012241153844e-16,5.745359307182977e-15
2,F14,256,0.6911266448898518,0.0625,0.6705350878825086,True,3.840593884737271e-15,1.9644012241153844e-16,5.745359307182977e-15
2,F15,256,0.8120647424054165,0.0625,0.7995357252324442,True,3.840593884737271e-15,1.9644012241153844e-16,5.745359307182977e-15
2,F16,256,0.9419948943730603,0.0625,0.9381278873312643,True,3.840593884737271e-15,1.9644012241153844e-16,5.745359307182977e-15
2,H,256,0.8639411708199087,0.0625,0.8548705822079027,True,3.840593884737271e-15,1.9644012241153844e-16,5.745359307182977e-15
2,M,1792,0.9097889356446037,0.4375,0.8396247744792955,True,3.840593884737271e-15,1.9644012241153844e-16,5.745359307182977e-15
2,T,2048,0.937622111506458,0.5,0.875244223012916,True,3.840593884737271e-15,1.9644012241153844e-16,5.745359307182977e-15
3,F1,256,0.8182515307326849,0.0625,0.8061349661148639,True,3.923112876108833e-15,0.0,5.798359915150712e-15
3,F2,256,0.6036404163281066,0.0625,0.5772164440833137,True,3.923112876108833e-15,0.0,5.798359915150712e-15
3,F3,256,0.4899771999679997,0.0625,0.45597567996586635,True,3.923112876108833e-15,0.0,5.798359915150712e-15
3,F4,256,0.42551935698527055,0.0625,0.38722064745095525,True,3.923112876108833e-15,0.0,5.798359915150712e-15
3,F5,256,0.3904584954485144,0.0625,0.349822395145082,True,3.923112876108833e-15,0.0,5.798359915150712e-15
3,F6,256,0.36892678414803437,0.0625,0.32685523642457,True,3.923112876108833e-15,0.0,5.798359915150712e-15
3,F7,256,0.36137801526312435,0.0625,0.318803216280666,True,3.923112876108833e-15,0.0,5.798359915150712e-15
3,F8,256,0.3633720165294809,0.0625,0.32093015096477967,True,3.923112876108833e-15,0.0,5.798359915150712e-15
3,F9,256,0.3765280666428298,0.0625,0.3349632710856851,True,3.923112876108833e-15,0.0,5.798359915150712e-15
3,F10,256,0.4009236162596688,0.0625,0.3609851906769801,True,3.923112876108833e-15,0.0,5.798359915150712e-15
3,F11,256,0.43668868576299125,0.0625,0.39913459814719066,True,3.923112876108833e-15,0.0,5.798359915150712e-15
3,F12,256,0.4881867630464185,0.0625,0.4540658805828464,True,3.923112876108833e-15,0.0,5.798359915150712e-15
3,F13,256,0.5638214817831138,0.0625,0.534742913901988,True,3.923112876108833e-15,0.0,5.798359915150712e-15
3,F14,256,0.6679900892903468,0.0625,0.6458560952430366,True,3.923112876108833e-15,0.0,5.798359915150712e-15
3,F15,256,0.8015786376168554,0.0625,0.7883505467913124,True,3.923112876108833e-15,0.0,5.798359915150712e-15
3,F16,256,0.9398382762152985,0.0625,0.9358274946296518,True,3.923112876108833e-15,0.0,5.798359915150712e-15
3,H,256,0.8182515307326849,0.0625,0.8061349661148639,True,3.923112876108833e-15,0.0,5.798359915150712e-15
3,M,1792,0.8920485628307991,0.4375,0.8080863339214207,True,3.923112876108833e-15,0.0,5.798359915150712e-15
3,T,2048,0.9273827526363725,0.5,0.854765505272745,True,3.923112876108833e-15,0.0,5.798359915150712e-15
4,F1,256,0.7884193952536878,0.0625,0.7743140216039336,True,4.0423719897440374e-15,0.0,5.702330397651859e-15
4,F2,256,0.5849337100803931,0.0625,0.5572626240857527,True,4.0423719897440374e-15,0.0,5.702330397651859e-15
4,F3,256,0.4922250792430509,0.0625,0.45837341785925434,True,4.0423719897440374e-15,0.0,5.702330397651859e-15
4,F4,256,0.44100894923359035,0.0625,0.40374287918249635,True,4.0423719897440374e-15,0.0,5.702330397651859e-15
4,F5,256,0.4064091167836214,0.0625,0.3668363912358628,True,4.0423719897440374e-15,0.0,5.702330397651859e-15
4,F6,256,0.3891799036678941,0.0625,0.3484585639124204,True,4.0423719897440374e-15,0.0,5.702330397651859e-15
4,F7,256,0.3763152295508015,0.0625,0.33473624485418824,True,4.0423719897440374e-15,0.0,5.702330397651859e-15
4,F8,256,0.3726431494224287,0.0625,0.330819359383924,True,4.0423719897440374e-15,0.0,5.702330397651859e-15
4,F9,256,0.38002450242384933,0.0625,0.33869280258543927,True,4.0423719897440374e-15,0.0,5.702330397651859e-15
4,F10,256,0.3984357019732996,0.0625,0.3583314154381862,True,4.0423719897440374e-15,0.0,5.702330397651859e-15
4,F11,256,0.4311674640289842,0.0625,0.3932452949642498,True,4.0423719897440374e-15,0.0,5.702330397651859e-15
4,F12,256,0.48065727551128534,0.0625,0.4460344272120377,True,4.0423719897440374e-15,0.0,5.702330397651859e-15
4,F13,256,0.5560434568565398,0.0625,0.5264463539803091,True,4.0423719897440374e-15,0.0,5.702330397651859e-15
4,F14,256,0.6670688260853461,0.0625,0.6448734144910359,True,4.0423719897440374e-15,0.0,5.702330397651859e-15
4,F15,256,0.8062464746460453,0.0625,0.7933295729557817,True,4.0423719897440374e-15,0.0,5.702330397651859e-15
4,F16,256,0.9423579027470403,0.0625,0.9385150962635097,True,4.0423719897440374e-15,0.0,5.702330397651859e-15
4,H,256,0.7884193952536878,0.0625,0.7743140216039336,True,4.0423719897440374e-15,0.0,5.702330397651859e-15
4,M,1792,0.8903976548397118,0.4375,0.8051513863817098,True,4.0423719897440374e-15,0.0,5.702330397651859e-15
4,T,2048,0.9296080837730107,0.5,0.8592161675460215,True,4.0423719897440374e-15,0.0,5.702330397651859e-15
5,F1,256,0.7418851790355723,0.0625,0.7246775243046104,True,3.855030175493998e-15,1.6278936032418443e-16,5.845618421976317e-15
5,F2,256,0.5276409339824204,0.0625,0.49615032958124844,True,3.855030175493998e-15,1.6278936032418443e-16,5.845618421976317e-15
5,F3,256,0.42758424275686135,0.0625,0.3894231922739854,True,3.855030175493998e-15,1.6278936032418443e-16,5.845618421976317e-15
5,F4,256,0.37319347276342163,0.0625,0.33140637094764974,True,3.855030175493998e-15,1.6278936032418443e-16,5.845618421976317e-15
5,F5,256,0.3421597170018922,0.0625,0.2983036981353517,True,3.855030175493998e-15,1.6278936032418443e-16,5.845618421976317e-15
5,F6,256,0.33146221746257554,0.0625,0.2868930319600806,True,3.855030175493998e-15,1.6278936032418443e-16,5.845618421976317e-15
5,F7,256,0.3327610329473656,0.0625,0.28827843514385665,True,3.855030175493998e-15,1.6278936032418443e-16,5.845618421976317e-15
5,F8,256,0.3390663282432942,0.0625,0.2950040834595138,True,3.855030175493998e-15,1.6278936032418443e-16,5.845618421976317e-15
5,F9,256,0.35899813315665957,0.0625,0.31626467536710356,True,3.855030175493998e-15,1.6278936032418443e-16,5.845618421976317e-15
5,F10,256,0.38754453025745617,0.0625,0.34671416560795326,True,3.855030175493998e-15,1.6278936032418443e-16,5.845618421976317e-15
5,F11,256,0.4287103120592858,0.0625,0.39062433286323817,True,3.855030175493998e-15,1.6278936032418443e-16,5.845618421976317e-15
5,F12,256,0.4859427386400429,0.0625,0.4516722545493791,True,3.855030175493998e-15,1.6278936032418443e-16,5.845618421976317e-15
5,F13,256,0.5558157125677876,0.0625,0.5262034267389735,True,3.855030175493998e-15,1.6278936032418443e-16,5.845618421976317e-15
5,F14,256,0.6481809392136497,0.0625,0.6247263351612263,True,3.855030175493998e-15,1.6278936032418443e-16,5.845618421976317e-15
5,F15,256,0.7771102713379021,0.0625,0.7622509560937623,True,3.855030175493998e-15,1.6278936032418443e-16,5.845618421976317e-15
5,F16,256,0.92749833132475,0.0625,0.9226648867464,True,3.855030175493998e-15,1.6278936032418443e-16,5.845618421976317e-15
5,H,256,0.7418851790355723,0.0625,0.7246775243046104,True,3.855030175493998e-15,1.6278936032418443e-16,5.845618421976317e-15
5,M,1792,0.8763008498160375,0.4375,0.7800903996729556,True,3.855030175493998e-15,1.6278936032418443e-16,5.845618421976317e-15
5,T,2048,0.9220999901106637,0.5,0.8441999802213274,True,3.855030175493998e-15,1.6278936032418443e-16,5.845618421976317e-15
6,F1,256,0.8265106089895082,0.0625,0.8149446495888087,True,4.388568239162764e-15,0.0,5.782274904004389e-15
6,F2,256,0.6342575799762344,0.0625,0.60987475197465,True,4.388568239162764e-15,0.0,5.782274904004389e-15
6,F3,256,0.5310726049644603,0.0625,0.49981077862875767,True,4.388568239162764e-15,0.0,5.782274904004389e-15
6,F4,256,0.46391341161679667,0.0625,0.4281743057245831,True,4.388568239162764e-15,0.0,5.782274904004389e-15
6,F5,256,0.42639858910692785,0.0625,0.3881584950473897,True,4.388568239162764e-15,0.0,5.782274904004389e-15
6,F6,256,0.40786182160941425,0.0625,0.36838594305004185,True,4.388568239162764e-15,0.0,5.782274904004389e-15
6,F7,256,0.39942405690064636,0.0625,0.3593856606940228,True,4.388568239162764e-15,0.0,5.782274904004389e-15
6,F8,256,0.4028155719024551,0.0625,0.3630032766959521,True,4.388568239162764e-15,0.0,5.782274904004389e-15
6,F9,256,0.4196435570751551,0.0625,0.38095312754683214,True,4.388568239162764e-15,0.0,5.782274904004389e-15
6,F10,256,0.44755620363563187,0.0625,0.4107266172113407,True,4.388568239162764e-15,0.0,5.782274904004389e-15
6,F11,256,0.4891552235431029,0.0625,0.4550989051126431,True,4.388568239162764e-15,0.0,5.782274904004389e-15
6,F12,256,0.5505454998536554,0.0625,0.5205818665105658,True,4.388568239162764e-15,0.0,5.782274904004389e-15
6,F13,256,0.6340316252410275,0.0625,0.6096337335904294,True,4.388568239162764e-15,0.0,5.782274904004389e-15
6,F14,256,0.7432054915171997,0.0625,0.7260858576183463,True,4.388568239162764e-15,0.0,5.782274904004389e-15
6,F15,256,0.8649697869685552,0.0625,0.8559677727664589,True,4.388568239162764e-15,0.0,5.782274904004389e-15
6,F16,256,0.9633672135114686,0.0625,0.9609250277455665,True,4.388568239162764e-15,0.0,5.782274904004389e-15
6,H,256,0.8265106089895082,0.0625,0.8149446495888087,True,4.388568239162764e-15,0.0,5.782274904004389e-15
6,M,1792,0.9030749153766815,0.4375,0.8276887384474337,True,4.388568239162764e-15,0.0,5.782274904004389e-15
6,T,2048,0.9362487457707007,0.5,0.8724974915414014,True,4.388568239162764e-15,0.0,5.782274904004389e-15
7,F1,256,0.8138564819531309,0.0625,0.8014469140833396,True,4.908286766839401e-15,0.0,5.8843749513715906e-15
7,F2,256,0.6029466894276606,0.0625,0.576476468722838,True,4.908286766839401e-15,0.0,5.8843749513715906e-15
7,F3,256,0.49907228760473155,0.0625,0.4656771067783803,True,4.908286766839401e-15,0.0,5.8843749513715906e-15
7,F4,256,0.44121630392547045,0.0625,0.4039640575205018,True,4.908286766839401e-15,0.0,5.8843749513715906e-15
7,F5,256,0.4048384006585576,0.0625,0.3651609607024614,True,4.908286766839401e-15,0.0,5.8843749513715906e-15
7,F6,256,0.380080459070842,0.0625,0.33875248967556476,True,4.908286766839401e-15,0.0,5.8843749513715906e-15
7,F7,256,0.37009162827939945,0.0625,0.3280977368313594,True,4.908286766839401e-15,0.0,5.8843749513715906e-15
7,F8,256,0.372501004006576,0.0625,0.3306677376070144,True,4.908286766839401e-15,0.0,5.8843749513715906e-15
7,F9,256,0.385906329347508,0.0625,0.34496675130400856,True,4.908286766839401e-15,0.0,5.8843749513715906e-15
7,F10,256,0.4162956766415417,0.0625,0.37738205508431116,True,4.908286766839401e-15,0.0,5.8843749513715906e-15
7,F11,256,0.45818666106382916,0.0625,0.42206577180141774,True,4.908286766839401e-15,0.0,5.8843749513715906e-15
7,F12,256,0.5200852468083228,0.0625,0.48809092992887765,True,4.908286766839401e-15,0.0,5.8843749513715906e-15
7,F13,256,0.6080729989784605,0.0625,0.5819445322436911,True,4.908286766839401e-15,0.0,5.8843749513715906e-15
7,F14,256,0.7189600725708918,0.0625,0.7002240774089512,True,4.908286766839401e-15,0.0,5.8843749513715906e-15
7,F15,256,0.8440019840850497,0.0625,0.8336021163573863,True,4.908286766839401e-15,0.0,5.8843749513715906e-15
7,F16,256,0.9557210234844394,0.0625,0.9527690917167354,True,4.908286766839401e-15,0.0,5.8843749513715906e-15
7,H,256,0.8138564819531309,0.0625,0.8014469140833396,True,4.908286766839401e-15,0.0,5.8843749513715906e-15
7,M,1792,0.8933071156544086,0.4375,0.810323761163393,True,4.908286766839401e-15,0.0,5.8843749513715906e-15
7,T,2048,0.9291082581123614,0.5,0.8582165162247228,True,4.908286766839401e-15,0.0,5.8843749513715906e-15
8,F1,256,0.8142338948461145,0.0625,0.8018494878358555,True,3.966090245801637e-15,0.0,5.735359464088879e-15
8,F2,256,0.5989484451802327,0.0625,0.5722116748589149,True,3.966090245801637e-15,0.0,5.735359464088879e-15
8,F3,256,0.4895819942081174,0.0625,0.45555412715532523,True,3.966090245801637e-15,0.0,5.735359464088879e-15
8,F4,256,0.4286027285733125,0.0625,0.39050957714486667,True,3.966090245801637e-15,0.0,5.735359464088879e-15
8,F5,256,0.398438234232375,0.0625,0.35833411651453334,True,3.966090245801637e-15,0.0,5.735359464088879e-15
8,F6,256,0.38337486865734327,0.0625,0.3422665265678328,True,3.966090245801637e-15,0.0,5.735359464088879e-15
8,F7,256,0.38442144473583445,0.0625,0.34338287438489007,True,3.966090245801637e-15,0.0,5.735359464088879e-15
8,F8,256,0.3987842749827559,0.0625,0.358703226648273,True,3.966090245801637e-15,0.0,5.735359464088879e-15
8,F9,256,0.4237917998513009,0.0625,0.38537791984138764,True,3.966090245801637e-15,0.0,5.735359464088879e-15
8,F10,256,0.46148890774518403,0.0625,0.4255881682615296,True,3.966090245801637e-15,0.0,5.735359464088879e-15
8,F11,256,0.5165487797501077,0.0625,0.4843186984001149,True,3.966090245801637e-15,0.0,5.735359464088879e-15
8,F12,256,0.5806764616457959,0.0625,0.5527215590888489,True,3.966090245801637e-15,0.0,5.735359464088879e-15
8,F13,256,0.6673867524537962,0.0625,0.6452125359507159,True,3.966090245801637e-15,0.0,5.735359464088879e-15
8,F14,256,0.7822307409932335,0.0625,0.7677127903927824,True,3.966090245801637e-15,0.0,5.735359464088879e-15
8,F15,256,0.8931597955259803,0.0625,0.8860371152277123,True,3.966090245801637e-15,0.0,5.735359464088879e-15
8,F16,256,0.9716675338456933,0.0625,0.9697787027687395,True,3.966090245801637e-15,0.0,5.735359464088879e-15
8,H,256,0.8142338948461145,0.0625,0.8018494878358555,True,3.966090245801637e-15,0.0,5.735359464088879e-15
8,M,1792,0.9017528197718089,0.4375,0.8253383462609936,True,3.966090245801637e-15,0.0,5.735359464088879e-15
8,T,2048,0.9365193635058865,0.5,0.873038727011773,True,3.966090245801637e-15,0.0,5.735359464088879e-15
9,F1,256,0.7008780973491774,0.0625,0.6809366371724559,True,4.106234029751722e-15,0.0,5.921132223694027e-15
9,F2,256,0.4711587321849793,0.0625,0.4359026476639779,True,4.106234029751722e-15,0.0,5.921132223694027e-15
9,F3,256,0.38075386713867,0.0625,0.3394707916145813,True,4.106234029751722e-15,0.0,5.921132223694027e-15
9,F4,256,0.3346219172078452,0.0625,0.29026337835503485,True,4.106234029751722e-15,0.0,5.921132223694027e-15
9,F5,256,0.30769501276325906,0.0625,0.2615413469474763,True,4.106234029751722e-15,0.0,5.921132223694027e-15
9,F6,256,0.29987862315457686,0.0625,0.2532038646982153,True,4.106234029751722e-15,0.0,5.921132223694027e-15
9,F7,256,0.3019842614854915,0.0625,0.2554498789178576,True,4.106234029751722e-15,0.0,5.921132223694027e-15
9,F8,256,0.3149853740135183,0.0625,0.2693177322810862,True,4.106234029751722e-15,0.0,5.921132223694027e-15
9,F9,256,0.3391448838093425,0.0625,0.29508787606329867,True,4.106234029751722e-15,0.0,5.921132223694027e-15
9,F10,256,0.3773367527894774,0.0625,0.33582586964210925,True,4.106234029751722e-15,0.0,5.921132223694027e-15
9,F11,256,0.42844158972190494,0.0625,0.39033769570336524,True,4.106234029751722e-15,0.0,5.921132223694027e-15
9,F12,256,0.49663429465439723,0.0625,0.4630765809646904,True,4.106234029751722e-15,0.0,5.921132223694027e-15
9,F13,256,0.5879540961758639,0.0625,0.5604843692542548,True,4.106234029751722e-15,0.0,5.921132223694027e-15
9,F14,256,0.6950825717677619,0.0625,0.674754743218946,True,4.106234029751722e-15,0.0,5.921132223694027e-15
9,F15,256,0.8224435388107785,0.0625,0.8106064413981637,True,4.106234029751722e-15,0.0,5.921132223694027e-15
9,F16,256,0.9480772439182734,0.0625,0.9446157268461584,True,4.106234029751722e-15,0.0,5.921132223694027e-15
9,H,256,0.7008780973491774,0.0625,0.6809366371724559,True,4.106234029751722e-15,0.0,5.921132223694027e-15
9,M,1792,0.8651350554811377,0.4375,0.7602400986331337,True,4.106234029751722e-15,0.0,5.921132223694027e-15
9,T,2048,0.9173453572818144,0.5,0.8346907145636289,True,4.106234029751722e-15,0.0,5.921132223694027e-15
10,F1,256,0.7484207327848935,0.0625,0.7316487816372198,True,4.223685250596245e-15,0.0,5.754353447098796e-15
10,F2,256,0.5262063675981479,0.0625,0.4946201254380244,True,4.223685250596245e-15,0.0,5.754353447098796e-15
10,F3,256,0.42454134392357934,0.0625,0.3861774335184846,True,4.223685250596245e-15,0.0,5.754353447098796e-15
10,F4,256,0.3615233207367234,0.0625,0.3189582087858383,True,4.223685250596245e-15,0.0,5.754353447098796e-15
10,F5,256,0.3267879068368079,0.0625,0.28190710062592844,True,4.223685250596245e-15,0.0,5.754353447098796e-15
10,F6,256,0.31341856455787553,0.0625,0.2676464688617339,True,4.223685250596245e-15,0.0,5.754353447098796e-15
10,F7,256,0.31450341386035385,0.0625,0.26880364145104413,True,4.223685250596245e-15,0.0,5.754353447098796e-15
10,F8,256,0.3237679896263501,0.0625,0.2786858556014401,True,4.223685250596245e-15,0.0,5.754353447098796e-15
10,F9,256,0.34169537929603444,0.0625,0.29780840458243674,True,4.223685250596245e-15,0.0,5.754353447098796e-15
10,F10,256,0.369011842425273,0.0625,0.32694596525362457,True,4.223685250596245e-15,0.0,5.754353447098796e-15
10,F11,256,0.4066300167529385,0.0625,0.36707201786980104,True,4.223685250596245e-15,0.0,5.754353447098796e-15
10,F12,256,0.46549926349570325,0.0625,0.42986588106208345,True,4.223685250596245e-15,0.0,5.754353447098796e-15
10,F13,256,0.5457723217686946,0.0625,0.5154904765532743,True,4.223685250596245e-15,0.0,5.754353447098796e-15
10,F14,256,0.6595005258700397,0.0625,0.6368005609280424,True,4.223685250596245e-15,0.0,5.754353447098796e-15
10,F15,256,0.7988542855500136,0.0625,0.7854445712533479,True,4.223685250596245e-15,0.0,5.754353447098796e-15
10,F16,256,0.9395814474154404,0.0625,0.935553543909803,True,4.223685250596245e-15,0.0,5.754353447098796e-15
10,H,256,0.7484207327848935,0.0625,0.7316487816372198,True,4.223685250596245e-15,0.0,5.754353447098796e-15
10,M,1792,0.8748185029517044,0.4375,0.7774551163585856,True,4.223685250596245e-15,0.0,5.754353447098796e-15
10,T,2048,0.9206711884891672,0.5,0.8413423769783344,True,4.223685250596245e-15,0.0,5.754353447098796e-15
11,F1,256,0.6635311118179756,0.0625,0.6410998526058407,True,4.6328661326042915e-15,1.6860340956351463e-16,5.887543384444997e-15
11,F2,256,0.44509786278619823,0.0625,0.4081043869719448,True,4.6328661326042915e-15,1.6860340956351463e-16,5.887543384444997e-15
11,F3,256,0.35789792895353967,0.0625,0.315091124217109,True,4.6328661326042915e-15,1.6860340956351463e-16,5.887543384444997e-15
11,F4,256,0.31574768839113876,0.0625,0.27013086761721466,True,4.6328661326042915e-15,1.6860340956351463e-16,5.887543384444997e-15
11,F5,256,0.2967919944424604,0.0625,0.24991146073862444,False,4.6328661326042915e-15,1.6860340956351463e-16,5.887543384444997e-15
11,F6,256,0.28419716318942906,0.0625,0.23647697406872434,False,4.6328661326042915e-15,1.6860340956351463e-16,5.887543384444997e-15
11,F7,256,0.2829817354684207,0.0625,0.23518051783298208,False,4.6328661326042915e-15,1.6860340956351463e-16,5.887543384444997e-15
11,F8,256,0.2887862449153607,0.0625,0.24137199457638475,False,4.6328661326042915e-15,1.6860340956351463e-16,5.887543384444997e-15
11,F9,256,0.30558498692648606,0.0625,0.25929065272158514,True,4.6328661326042915e-15,1.6860340956351463e-16,5.887543384444997e-15
11,F10,256,0.33464476110789754,0.0625,0.2902877451817574,True,4.6328661326042915e-15,1.6860340956351463e-16,5.887543384444997e-15
11,F11,256,0.3768336191040591,0.0625,0.33528919371099636,True,4.6328661326042915e-15,1.6860340956351463e-16,5.887543384444997e-15
11,F12,256,0.4400446597854826,0.0625,0.4027143037711814,True,4.6328661326042915e-15,1.6860340956351463e-16,5.887543384444997e-15
11,F13,256,0.5315315047381055,0.0625,0.5003002717206458,True,4.6328661326042915e-15,1.6860340956351463e-16,5.887543384444997e-15
11,F14,256,0.65727005817415,0.0625,0.6344213953857599,True,4.6328661326042915e-15,1.6860340956351463e-16,5.887543384444997e-15
11,F15,256,0.8060504610964723,0.0625,0.7931204918362371,True,4.6328661326042915e-15,1.6860340956351463e-16,5.887543384444997e-15
11,F16,256,0.9436751645952948,0.0625,0.9399201755683144,True,4.6328661326042915e-15,1.6860340956351463e-16,5.887543384444997e-15
11,H,256,0.6635311118179756,0.0625,0.6410998526058407,True,4.6328661326042915e-15,1.6860340956351463e-16,5.887543384444997e-15
11,M,1792,0.8514413909564303,0.4375,0.735895806144765,True,4.6328661326042915e-15,1.6860340956351463e-16,5.887543384444997e-15
11,T,2048,0.908723567842318,0.5,0.817447135684636,True,4.6328661326042915e-15,1.6860340956351463e-16,5.887543384444997e-15
12,F1,256,0.6282260524721023,0.0625,0.6034411226369091,True,7.0852678447539034e-15,0.0,5.8457758877010724e-15
12,F2,256,0.4060267327065679,0.0625,0.3664285148870058,True,7.0852678447539034e-15,0.0,5.8457758877010724e-15
12,F3,256,0.3197275590883354,0.0625,0.27437606302755774,True,7.0852678447539034e-15,0.0,5.8457758877010724e-15
12,F4,256,0.28576288108838077,0.0625,0.2381470731609395,False,7.0852678447539034e-15,0.0,5.8457758877010724e-15
12,F5,256,0.27000102752632543,0.0625,0.2213344293614138,False,7.0852678447539034e-15,0.0,5.8457758877010724e-15
12,F6,256,0.2644690668326054,0.0625,0.21543367128811244,False,7.0852678447539034e-15,0.0,5.8457758877010724e-15
12,F7,256,0.270622844752078,0.0625,0.2219977010688832,False,7.0852678447539034e-15,0.0,5.8457758877010724e-15
12,F8,256,0.28361094059799236,0.0625,0.23585166997119184,False,7.0852678447539034e-15,0.0,5.8457758877010724e-15
12,F9,256,0.30580000533546825,0.0625,0.2595200056911661,True,7.0852678447539034e-15,0.0,5.8457758877010724e-15
12,F10,256,0.34268392332191744,0.0625,0.2988628515433786,True,7.0852678447539034e-15,0.0,5.8457758877010724e-15
12,F11,256,0.3941427680923411,0.0625,0.35375228596516384,True,7.0852678447539034e-15,0.0,5.8457758877010724e-15
12,F12,256,0.46937319977362035,0.0625,0.4339980797585284,True,7.0852678447539034e-15,0.0,5.8457758877010724e-15
12,F13,256,0.5739583775814892,0.0625,0.5455556027535884,True,7.0852678447539034e-15,0.0,5.8457758877010724e-15
12,F14,256,0.7003920139492477,0.0625,0.6804181482125309,True,7.0852678447539034e-15,0.0,5.8457758877010724e-15
12,F15,256,0.8356356829738619,0.0625,0.824678061838786,True,7.0852678447539034e-15,0.0,5.8457758877010724e-15
12,F16,256,0.9539587084361246,0.0625,0.950889288998533,True,7.0852678447539034e-15,0.0,5.8457758877010724e-15
12,H,256,0.6282260524721023,0.0625,0.6034411226369091,True,7.0852678447539034e-15,0.0,5.8457758877010724e-15
12,M,1792,0.8459674347874839,0.4375,0.7261643285110826,True,7.0852678447539034e-15,0.0,5.8457758877010724e-15
12,T,2048,0.9080725040163533,0.5,0.8161450080327066,True,7.0852678447539034e-15,0.0,5.8457758877010724e-15
13,F1,256,0.6970434185151938,0.0625,0.6768463130828734,True,5.013257864654453e-15,0.0,5.792438746038852e-15
13,F2,256,0.46551276459332624,0.0625,0.42988028223288133,True,5.013257864654453e-15,0.0,5.792438746038852e-15
13,F3,256,0.36041242041853494,0.0625,0.3177732484464373,True,5.013257864654453e-15,0.0,5.792438746038852e-15
13,F4,256,0.3095648821590762,0.0625,0.2635358743030146,True,5.013257864654453e-15,0.0,5.792438746038852e-15
13,F5,256,0.2875911806809587,0.0625,0.2400972593930226,False,5.013257864654453e-15,0.0,5.792438746038852e-15
13,F6,256,0.27746476604909026,0.0625,0.22929575045236295,False,5.013257864654453e-15,0.0,5.792438746038852e-15
13,F7,256,0.2827316841578913,0.0625,0.23491379643508406,False,5.013257864654453e-15,0.0,5.792438746038852e-15
13,F8,256,0.2926298183345904,0.0625,0.2454718062235631,False,5.013257864654453e-15,0.0,5.792438746038852e-15
13,F9,256,0.31790598417363736,0.0625,0.27243304978521315,True,5.013257864654453e-15,0.0,5.792438746038852e-15
13,F10,256,0.3532489560174591,0.0625,0.3101322197519564,True,5.013257864654453e-15,0.0,5.792438746038852e-15
13,F11,256,0.4007156448288527,0.0625,0.3607633544841095,True,5.013257864654453e-15,0.0,5.792438746038852e-15
13,F12,256,0.4642723552763521,0.0625,0.42855717896144224,True,5.013257864654453e-15,0.0,5.792438746038852e-15
13,F13,256,0.5471637896969526,0.0625,0.5169747090100827,True,5.013257864654453e-15,0.0,5.792438746038852e-15
13,F14,256,0.6475255933968195,0.0625,0.6240272996232741,True,5.013257864654453e-15,0.0,5.792438746038852e-15
13,F15,256,0.7806665566386948,0.0625,0.7660443270812745,True,5.013257864654453e-15,0.0,5.792438746038852e-15
13,F16,256,0.9306124346546305,0.0625,0.9259865969649392,True,5.013257864654453e-15,0.0,5.792438746038852e-15
13,H,256,0.6970434185151938,0.0625,0.6768463130828734,True,5.013257864654453e-15,0.0,5.792438746038852e-15
13,M,1792,0.8584974664947586,0.4375,0.7484399404351263,True,5.013257864654453e-15,0.0,5.792438746038852e-15
13,T,2048,0.9116326108383714,0.5,0.8232652216767429,True,5.013257864654453e-15,0.0,5.792438746038852e-15
14,F1,256,0.7078569916839741,0.0625,0.6883807911295724,True,4.576050557062471e-15,1.8995273247098655e-16,5.776891931083399e-15
14,F2,256,0.47649084711445056,0.0625,0.4415902369220806,True,4.576050557062471e-15,1.8995273247098655e-16,5.776891931083399e-15
14,F3,256,0.38475791714148055,0.0625,0.3437417782842459,True,4.576050557062471e-15,1.8995273247098655e-16,5.776891931083399e-15
14,F4,256,0.3459389281684658,0.0625,0.3023348567130302,True,4.576050557062471e-15,1.8995273247098655e-16,5.776891931083399e-15
14,F5,256,0.3241481887630306,0.0625,0.27909140134723265,True,4.576050557062471e-15,1.8995273247098655e-16,5.776891931083399e-15
14,F6,256,0.32032779020297475,0.0625,0.27501630954983974,True,4.576050557062471e-15,1.8995273247098655e-16,5.776891931083399e-15
14,F7,256,0.3256808560813982,0.0625,0.2807262464868247,True,4.576050557062471e-15,1.8995273247098655e-16,5.776891931083399e-15
14,F8,256,0.34098859873648873,0.0625,0.2970545053189213,True,4.576050557062471e-15,1.8995273247098655e-16,5.776891931083399e-15
14,F9,256,0.3676590332724745,0.0625,0.32550296882397284,True,4.576050557062471e-15,1.8995273247098655e-16,5.776891931083399e-15
14,F10,256,0.4073398835822527,0.0625,0.36782920915440287,True,4.576050557062471e-15,1.8995273247098655e-16,5.776891931083399e-15
14,F11,256,0.4665720353915422,0.0625,0.43101017108431167,True,4.576050557062471e-15,1.8995273247098655e-16,5.776891931083399e-15
14,F12,256,0.5424111315104494,0.0625,0.5119052069444794,True,4.576050557062471e-15,1.8995273247098655e-16,5.776891931083399e-15
14,F13,256,0.6342375186274821,0.0625,0.6098533532026476,True,4.576050557062471e-15,1.8995273247098655e-16,5.776891931083399e-15
14,F14,256,0.7378596622305311,0.0625,0.7203836397125666,True,4.576050557062471e-15,1.8995273247098655e-16,5.776891931083399e-15
14,F15,256,0.8542015872665226,0.0625,0.8444816930842908,True,4.576050557062471e-15,1.8995273247098655e-16,5.776891931083399e-15
14,F16,256,0.9585083178005592,0.0625,0.9557422056539299,True,4.576050557062471e-15,1.8995273247098655e-16,5.776891931083399e-15
14,H,256,0.7078569916839741,0.0625,0.6883807911295724,True,4.576050557062471e-15,1.8995273247098655e-16,5.776891931083399e-15
14,M,1792,0.8747327608540054,0.4375,0.7773026859626763,True,4.576050557062471e-15,1.8995273247098655e-16,5.776891931083399e-15
14,T,2048,0.9253248379269033,0.5,0.8506496758538067,True,4.576050557062471e-15,1.8995273247098655e-16,5.776891931083399e-15
15,F1,256,0.6795011519026813,0.0625,0.6581345620295268,True,4.583819176182018e-15,0.0,5.864635591974978e-15
15,F2,256,0.44760778702465087,0.0625,0.4107816394929609,True,4.583819176182018e-15,0.0,5.864635591974978e-15
15,F3,256,0.35146903382532735,0.0625,0.30823363608034915,True,4.583819176182018e-15,0.0,5.864635591974978e-15
15,F4,256,0.3119322556988148,0.0625,0.2660610727454024,True,4.583819176182018e-15,0.0,5.864635591974978e-15
15,F5,256,0.2967870317150489,0.0625,0.24990616716271882,False,4.583819176182018e-15,0.0,5.864635591974978e-15
15,F6,256,0.2972189010044145,0.0625,0.25036682773804214,True,4.583819176182018e-15,0.0,5.864635591974978e-15
15,F7,256,0.3043616929500359,0.0625,0.2579858058133716,True,4.583819176182018e-15,0.0,5.864635591974978e-15
15,F8,256,0.3205777044929571,0.0625,0.2752828847924876,True,4.583819176182018e-15,0.0,5.864635591974978e-15
15,F9,256,0.3454023006734245,0.0625,0.30176245405165275,True,4.583819176182018e-15,0.0,5.864635591974978e-15
15,F10,256,0.38353838423783515,0.0625,0.34244094318702417,True,4.583819176182018e-15,0.0,5.864635591974978e-15
15,F11,256,0.43530960318151163,0.0625,0.39766357672694574,True,4.583819176182018e-15,0.0,5.864635591974978e-15
15,F12,256,0.5063740441756964,0.0625,0.47346564712074285,True,4.583819176182018e-15,0.0,5.864635591974978e-15
15,F13,256,0.599979956252912,0.0625,0.5733119533364395,True,4.583819176182018e-15,0.0,5.864635591974978e-15
15,F14,256,0.709136895448772,0.0625,0.6897460218120235,True,4.583819176182018e-15,0.0,5.864635591974978e-15
15,F15,256,0.8362690130388999,0.0625,0.8253536139081599,True,4.583819176182018e-15,0.0,5.864635591974978e-15
15,F16,256,0.9542508550515372,0.0625,0.951200912054973,True,4.583819176182018e-15,0.0,5.864635591974978e-15
15,H,256,0.6795011519026813,0.0625,0.6581345620295268,True,4.583819176182018e-15,0.0,5.864635591974978e-15
15,M,1792,0.8642385557488748,0.4375,0.7586463213313329,True,4.583819176182018e-15,0.0,5.864635591974978e-15
15,T,2048,0.9188101633876222,0.5,0.8376203267752445,True,4.583819176182018e-15,0.0,5.864635591974978e-15
16,F1,256,0.7055572160303785,0.0625,0.6859276970990703,True,4.415385872340022e-15,0.0,5.856099150584868e-15
16,F2,256,0.4699707969812751,0.0625,0.43463551678002676,True,4.415385872340022e-15,0.0,5.856099150584868e-15
16,F3,256,0.3884223081144744,0.0625,0.3476504619887727,True,4.415385872340022e-15,0.0,5.856099150584868e-15
16,F4,256,0.3497867249656761,0.0625,0.30643917329672116,True,4.415385872340022e-15,0.0,5.856099150584868e-15
16,F5,256,0.3343577956012358,0.0625,0.2899816486413182,True,4.415385872340022e-15,0.0,5.856099150584868e-15
16,F6,256,0.3271899536297299,0.0625,0.28233595053837857,True,4.415385872340022e-15,0.0,5.856099150584868e-15
16,F7,256,0.3264819986803029,0.0625,0.2815807985923231,True,4.415385872340022e-15,0.0,5.856099150584868e-15
16,F8,256,0.33842406437705347,0.0625,0.29431900200219036,True,4.415385872340022e-15,0.0,5.856099150584868e-15
16,F9,256,0.35772706022779743,0.0625,0.3149088642429839,True,4.415385872340022e-15,0.0,5.856099150584868e-15
16,F10,256,0.38916440954103637,0.0625,0.3484420368437721,True,4.415385872340022e-15,0.0,5.856099150584868e-15
16,F11,256,0.43536661507988816,0.0625,0.3977243894185474,True,4.415385872340022e-15,0.0,5.856099150584868e-15
16,F12,256,0.5003661697481803,0.0625,0.4670572477313923,True,4.415385872340022e-15,0.0,5.856099150584868e-15
16,F13,256,0.5842498120881449,0.0625,0.5565331328940212,True,4.415385872340022e-15,0.0,5.856099150584868e-15
16,F14,256,0.6920365982248178,0.0625,0.671505704773139,True,4.415385872340022e-15,0.0,5.856099150584868e-15
16,F15,256,0.8227072764184193,0.0625,0.8108877615129806,True,4.415385872340022e-15,0.0,5.856099150584868e-15
16,F16,256,0.9482296357236649,0.0625,0.9447782781052426,True,4.415385872340022e-15,0.0,5.856099150584868e-15
16,H,256,0.7055572160303785,0.0625,0.6859276970990703,True,4.415385872340022e-15,0.0,5.856099150584868e-15
16,M,1792,0.8715614720859738,0.4375,0.7716648392639534,True,4.415385872340022e-15,0.0,5.856099150584868e-15
16,T,2048,0.9226976752481244,0.5,0.8453953504962488,True,4.415385872340022e-15,0.0,5.856099150584868e-15
17,F1,256,0.6682258485867831,0.0625,0.6461075718259021,True,4.498631131187274e-15,1.2704102949337198e-16,5.8883402156438e-15
17,F2,256,0.4354462414180693,0.0625,0.39780932417927395,True,4.498631131187274e-15,1.2704102949337198e-16,5.8883402156438e-15
17,F3,256,0.3409318312949981,0.0625,0.29699395338133133,True,4.498631131187274e-15,1.2704102949337198e-16,5.8883402156438e-15
17,F4,256,0.2969439873559673,0.0625,0.25007358651303174,True,4.498631131187274e-15,1.2704102949337198e-16,5.8883402156438e-15
17,F5,256,0.27853055660877407,0.0625,0.23043259371602567,False,4.498631131187274e-15,1.2704102949337198e-16,5.8883402156438e-15
17,F6,256,0.27318465098582856,0.0625,0.2247302943848838,False,4.498631131187274e-15,1.2704102949337198e-16,5.8883402156438e-15
17,F7,256,0.2755712530075307,0.0625,0.22727600320803276,False,4.498631131187274e-15,1.2704102949337198e-16,5.8883402156438e-15
17,F8,256,0.28686939688467605,0.0625,0.2393273566769878,False,4.498631131187274e-15,1.2704102949337198e-16,5.8883402156438e-15
17,F9,256,0.3096542640274323,0.0625,0.26363121496259445,True,4.498631131187274e-15,1.2704102949337198e-16,5.8883402156438e-15
17,F10,256,0.3425733719726776,0.0625,0.29874493010418945,True,4.498631131187274e-15,1.2704102949337198e-16,5.8883402156438e-15
17,F11,256,0.3894039150874732,0.0625,0.3486975094266381,True,4.498631131187274e-15,1.2704102949337198e-16,5.8883402156438e-15
17,F12,256,0.45528650495913875,0.0625,0.4189722719564147,True,4.498631131187274e-15,1.2704102949337198e-16,5.8883402156438e-15
17,F13,256,0.5476225726809691,0.0625,0.5174640775263671,True,4.498631131187274e-15,1.2704102949337198e-16,5.8883402156438e-15
17,F14,256,0.6707023196651662,0.0625,0.6487491409761773,True,4.498631131187274e-15,1.2704102949337198e-16,5.8883402156438e-15
17,F15,256,0.8181193302140425,0.0625,0.8059939522283119,True,4.498631131187274e-15,1.2704102949337198e-16,5.8883402156438e-15
17,F16,256,0.9499804328093775,0.0625,0.9466457949966693,True,4.498631131187274e-15,1.2704102949337198e-16,5.8883402156438e-15
17,H,256,0.6682258485867831,0.0625,0.6461075718259021,True,4.498631131187274e-15,1.2704102949337198e-16,5.8883402156438e-15
17,M,1792,0.8521652004209965,0.4375,0.737182578526216,True,4.498631131187274e-15,1.2704102949337198e-16,5.8883402156438e-15
17,T,2048,0.9094295607977754,0.5,0.8188591215955507,True,4.498631131187274e-15,1.2704102949337198e-16,5.8883402156438e-15
18,F1,256,0.6420892437323953,0.0625,0.6182285266478883,True,5.271767525248307e-15,1.1157257321192467e-16,5.871977916565616e-15
18,F2,256,0.40907953363994587,0.0625,0.3696848358826089,True,5.271767525248307e-15,1.1157257321192467e-16,5.871977916565616e-15
18,F3,256,0.32238296692192914,0.0625,0.27720849805005776,True,5.271767525248307e-15,1.1157257321192467e-16,5.871977916565616e-15
18,F4,256,0.2835563737765081,0.0625,0.23579346536160864,False,5.271767525248307e-15,1.1157257321192467e-16,5.871977916565616e-15
18,F5,256,0.26737899940171617,0.0625,0.21853759936183056,False,5.271767525248307e-15,1.1157257321192467e-16,5.871977916565616e-15
18,F6,256,0.26544374938376036,0.0625,0.21647333267601104,False,5.271767525248307e-15,1.1157257321192467e-16,5.871977916565616e-15
18,F7,256,0.27393183258798204,0.0625,0.2255272880938475,False,5.271767525248307e-15,1.1157257321192467e-16,5.871977916565616e-15
18,F8,256,0.2900303811196309,0.0625,0.24269907319427297,False,5.271767525248307e-15,1.1157257321192467e-16,5.871977916565616e-15
18,F9,256,0.3156546426615186,0.0625,0.27003161883895316,True,5.271767525248307e-15,1.1157257321192467e-16,5.871977916565616e-15
18,F10,256,0.3528008443575319,0.0625,0.3096542339813674,True,5.271767525248307e-15,1.1157257321192467e-16,5.871977916565616e-15
18,F11,256,0.40332541906990704,0.0625,0.3635471136745675,True,5.271767525248307e-15,1.1157257321192467e-16,5.871977916565616e-15
18,F12,256,0.47048936740913244,0.0625,0.43518865856974126,True,5.271767525248307e-15,1.1157257321192467e-16,5.871977916565616e-15
18,F13,256,0.560867279341259,0.0625,0.5315917646306763,True,5.271767525248307e-15,1.1157257321192467e-16,5.871977916565616e-15
18,F14,256,0.6711325230586228,0.0625,0.6492080245958644,True,5.271767525248307e-15,1.1157257321192467e-16,5.871977916565616e-15
18,F15,256,0.8016311089082916,0.0625,0.7884065161688444,True,5.271767525248307e-15,1.1157257321192467e-16,5.871977916565616e-15
18,F16,256,0.9392437055058307,0.0625,0.9351932858728861,True,5.271767525248307e-15,1.1157257321192467e-16,5.871977916565616e-15
18,H,256,0.6420892437323953,0.0625,0.6182285266478883,True,5.271767525248307e-15,1.1157257321192467e-16,5.871977916565616e-15
18,M,1792,0.8506981805575956,0.4375,0.7345745432135034,True,5.271767525248307e-15,1.1157257321192467e-16,5.871977916565616e-15
18,T,2048,0.9108662104894044,0.5,0.8217324209788088,True,5.271767525248307e-15,1.1157257321192467e-16,5.871977916565616e-15
19,F1,256,0.6399490100489748,0.0625,0.6159456107189064,True,4.424278014664805e-15,1.9220633803468523e-16,5.876353476753859e-15
19,F2,256,0.39982524326449015,0.0625,0.35981359281545616,True,4.424278014664805e-15,1.9220633803468523e-16,5.876353476753859e-15
19,F3,256,0.3158927657925776,0.0625,0.2702856168454161,True,4.424278014664805e-15,1.9220633803468523e-16,5.876353476753859e-15
19,F4,256,0.2808632672471585,0.0625,0.23292081839696904,False,4.424278014664805e-15,1.9220633803468523e-16,5.876353476753859e-15
19,F5,256,0.2657811858906295,0.0625,0.2168332649500048,False,4.424278014664805e-15,1.9220633803468523e-16,5.876353476753859e-15
19,F6,256,0.26232307306958313,0.0625,0.21314461127422202,False,4.424278014664805e-15,1.9220633803468523e-16,5.876353476753859e-15
19,F7,256,0.26664511768300836,0.0625,0.2177547921952089,False,4.424278014664805e-15,1.9220633803468523e-16,5.876353476753859e-15
19,F8,256,0.27998331321865955,0.0625,0.2319822007665702,False,4.424278014664805e-15,1.9220633803468523e-16,5.876353476753859e-15
19,F9,256,0.30374133036028517,0.0625,0.2573240857176375,True,4.424278014664805e-15,1.9220633803468523e-16,5.876353476753859e-15
19,F10,256,0.3374153743273741,0.0625,0.2932430659491991,True,4.424278014664805e-15,1.9220633803468523e-16,5.876353476753859e-15
19,F11,256,0.38738520715046165,0.0625,0.3465442209604924,True,4.424278014664805e-15,1.9220633803468523e-16,5.876353476753859e-15
19,F12,256,0.45452073786539104,0.0625,0.41815545372308377,True,4.424278014664805e-15,1.9220633803468523e-16,5.876353476753859e-15
19,F13,256,0.5519683874394031,0.0625,0.5220996132686967,True,4.424278014664805e-15,1.9220633803468523e-16,5.876353476753859e-15
19,F14,256,0.6780718509495642,0.0625,0.6566099743462018,True,4.424278014664805e-15,1.9220633803468523e-16,5.876353476753859e-15
19,F15,256,0.8240032869010256,0.0625,0.8122701726944274,True,4.424278014664805e-15,1.9220633803468523e-16,5.876353476753859e-15
19,F16,256,0.9509378741080949,0.0625,0.9476670657153012,True,4.424278014664805e-15,1.9220633803468523e-16,5.876353476753859e-15
19,H,256,0.6399490100489748,0.0625,0.6159456107189064,True,4.424278014664805e-15,1.9220633803468523e-16,5.876353476753859e-15
19,M,1792,0.8464399583109946,0.4375,0.7270043703306571,True,4.424278014664805e-15,1.9220633803468523e-16,5.876353476753859e-15
19,T,2048,0.9075509568688866,0.5,0.8151019137377733,True,4.424278014664805e-15,1.9220633803468523e-16,5.876353476753859e-15
20,F1,256,0.7147081419986911,0.0625,0.6956886847986039,True,3.968370808151369e-15,0.0,5.795370124175661e-15
20,F2,256,0.45741734026968284,0.0625,0.42124516295432834,True,3.968370808151369e-15,0.0,5.795370124175661e-15
20,F3,256,0.35699393779429095,0.0625,0.314126866980577,True,3.968370808151369e-15,0.0,5.795370124175661e-15
20,F4,256,0.30984063782735094,0.0625,0.2638300136825077,True,3.968370808151369e-15,0.0,5.795370124175661e-15
20,F5,256,0.2876163153765542,0.0625,0.24012406973499115,False,3.968370808151369e-15,0.0,5.795370124175661e-15
20,F6,256,0.28182697997717315,0.0625,0.23394877864231803,False,3.968370808151369e-15,0.0,5.795370124175661e-15
20,F7,256,0.2863044681548329,0.0625,0.23872476603182177,False,3.968370808151369e-15,0.0,5.795370124175661e-15
20,F8,256,0.3014236042613211,0.0625,0.25485184454540916,True,3.968370808151369e-15,0.0,5.795370124175661e-15
20,F9,256,0.3243559067342931,0.0625,0.279312967183246,True,3.968370808151369e-15,0.0,5.795370124175661e-15
20,F10,256,0.3597145552997827,0.0625,0.31702885898643485,True,3.968370808151369e-15,0.0,5.795370124175661e-15
20,F11,256,0.4088934699274111,0.0625,0.36948636792257183,True,3.968370808151369e-15,0.0,5.795370124175661e-15
20,F12,256,0.474296015075926,0.0625,0.4392490827476544,True,3.968370808151369e-15,0.0,5.795370124175661e-15
20,F13,256,0.5610327904567829,0.0625,0.5317683098205684,True,3.968370808151369e-15,0.0,5.795370124175661e-15
20,F14,256,0.674156190021699,0.0625,0.6524332693564789,True,3.968370808151369e-15,0.0,5.795370124175661e-15
20,F15,256,0.8136010150790671,0.0625,0.8011744160843383,True,3.968370808151369e-15,0.0,5.795370124175661e-15
20,F16,256,0.9473359750185772,0.0625,0.9438250400198157,True,3.968370808151369e-15,0.0,5.795370124175661e-15
20,H,256,0.7147081419986911,0.0625,0.6956886847986039,True,3.968370808151369e-15,0.0,5.795370124175661e-15
20,M,1792,0.863296274536098,0.4375,0.756971154730841,True,3.968370808151369e-15,0.0,5.795370124175661e-15
20,T,2048,0.9139239930943883,0.5,0.8278479861887766,True,3.968370808151369e-15,0.0,5.795370124175661e-15
21,F1,256,0.7141740732644031,0.0625,0.6951190114820299,True,4.465675090044719e-15,1.6848979196744307e-16,5.888282756916512e-15
21,F2,256,0.4652517453366579,0.0625,0.42960186169243514,True,4.465675090044719e-15,1.6848979196744307e-16,5.888282756916512e-15
21,F3,256,0.36942842739165715,0.0625,0.32739032255110095,True,4.465675090044719e-15,1.6848979196744307e-16,5.888282756916512e-15
21,F4,256,0.3261065055286495,0.0625,0.28118027256389283,True,4.465675090044719e-15,1.6848979196744307e-16,5.888282756916512e-15
21,F5,256,0.3050324130850802,0.0625,0.25870124062408556,True,4.465675090044719e-15,1.6848979196744307e-16,5.888282756916512e-15
21,F6,256,0.29717440006086443,0.0625,0.25031936006492206,True,4.465675090044719e-15,1.6848979196744307e-16,5.888282756916512e-15
21,F7,256,0.3000317177305073,0.0625,0.2533671655792078,True,4.465675090044719e-15,1.6848979196744307e-16,5.888282756916512e-15
21,F8,256,0.3094528237918827,0.0625,0.26341634537800823,True,4.465675090044719e-15,1.6848979196744307e-16,5.888282756916512e-15
21,F9,256,0.32926917783671017,0.0625,0.28455378969249084,True,4.465675090044719e-15,1.6848979196744307e-16,5.888282756916512e-15
21,F10,256,0.3640675132674066,0.0625,0.3216720141519004,True,4.465675090044719e-15,1.6848979196744307e-16,5.888282756916512e-15
21,F11,256,0.41221172845654025,0.0625,0.3730258436869763,True,4.465675090044719e-15,1.6848979196744307e-16,5.888282756916512e-15
21,F12,256,0.47910863039263907,0.0625,0.4443825390854817,True,4.465675090044719e-15,1.6848979196744307e-16,5.888282756916512e-15
21,F13,256,0.5697633417283036,0.0625,0.5410808978435238,True,4.465675090044719e-15,1.6848979196744307e-16,5.888282756916512e-15
21,F14,256,0.6872045614390425,0.0625,0.6663515322016453,True,4.465675090044719e-15,1.6848979196744307e-16,5.888282756916512e-15
21,F15,256,0.8213639862537726,0.0625,0.8094549186706907,True,4.465675090044719e-15,1.6848979196744307e-16,5.888282756916512e-15
21,F16,256,0.9465932608315134,0.0625,0.9430328115536143,True,4.465675090044719e-15,1.6848979196744307e-16,5.888282756916512e-15
21,H,256,0.7141740732644031,0.0625,0.6951190114820299,True,4.465675090044719e-15,1.6848979196744307e-16,5.888282756916512e-15
21,M,1792,0.8651828386164988,0.4375,0.7603250464293312,True,4.465675090044719e-15,1.6848979196744307e-16,5.888282756916512e-15
21,T,2048,0.9159346412663611,0.5,0.8318692825327223,True,4.465675090044719e-15,1.6848979196744307e-16,5.888282756916512e-15
22,F1,256,0.7126904397947509,0.0625,0.6935364691144009,True,4.841526537466769e-15,0.0,5.8958432331352395e-15
22,F2,256,0.4554501332994738,0.0625,0.41914680885277206,True,4.841526537466769e-15,0.0,5.8958432331352395e-15
22,F3,256,0.3586869978540269,0.0625,0.31593279771096205,True,4.841526537466769e-15,0.0,5.8958432331352395e-15
22,F4,256,0.31288333459464956,0.0625,0.2670755569009595,True,4.841526537466769e-15,0.0,5.8958432331352395e-15
22,F5,256,0.2937854971210031,0.0625,0.2467045302624033,False,4.841526537466769e-15,0.0,5.8958432331352395e-15
22,F6,256,0.289849192262531,0.0625,0.24250580508003303,False,4.841526537466769e-15,0.0,5.8958432331352395e-15
22,F7,256,0.2953074904839328,0.0625,0.2483279898495283,False,4.841526537466769e-15,0.0,5.8958432331352395e-15
22,F8,256,0.3097943042231873,0.0625,0.2637805911713998,True,4.841526537466769e-15,0.0,5.8958432331352395e-15
22,F9,256,0.330064364993067,0.0625,0.28540198932593813,True,4.841526537466769e-15,0.0,5.8958432331352395e-15
22,F10,256,0.36196304026520576,0.0625,0.3194272429495528,True,4.841526537466769e-15,0.0,5.8958432331352395e-15
22,F11,256,0.4113804291481598,0.0625,0.3721391244247038,True,4.841526537466769e-15,0.0,5.8958432331352395e-15
22,F12,256,0.47745853137791283,0.0625,0.4426224334697737,True,4.841526537466769e-15,0.0,5.8958432331352395e-15
22,F13,256,0.5688783286312395,0.0625,0.5401368838733221,True,4.841526537466769e-15,0.0,5.8958432331352395e-15
22,F14,256,0.6897713676720492,0.0625,0.6690894588501858,True,4.841526537466769e-15,0.0,5.8958432331352395e-15
22,F15,256,0.8281513477457807,0.0625,0.8166947709288327,True,4.841526537466769e-15,0.0,5.8958432331352395e-15
22,F16,256,0.9504794225894693,0.0625,0.9471780507621006,True,4.841526537466769e-15,0.0,5.8958432331352395e-15
22,H,256,0.7126904397947509,0.0625,0.6935364691144009,True,4.841526537466769e-15,0.0,5.8958432331352395e-15
22,M,1792,0.8642664519510598,0.4375,0.7586959145796618,True,4.841526537466769e-15,0.0,5.8958432331352395e-15
22,T,2048,0.9151653703896914,0.5,0.8303307407793827,True,4.841526537466769e-15,0.0,5.8958432331352395e-15
23,F1,256,0.7112380058304514,0.0625,0.6919872062191481,True,4.868713196300485e-15,1.3606679782442244e-16,5.8037118304573826e-15
23,F2,256,0.4948609112003969,0.0625,0.46118497194709,True,4.868713196300485e-15,1.3606679782442244e-16,5.8037118304573826e-15
23,F3,256,0.4109656159493118,0.0625,0.37169665701259924,True,4.868713196300485e-15,1.3606679782442244e-16,5.8037118304573826e-15
23,F4,256,0.3664749847270648,0.0625,0.32423998370886914,True,4.868713196300485e-15,1.3606679782442244e-16,5.8037118304573826e-15
23,F5,256,0.3374188847889137,0.0625,0.2932468104415079,True,4.868713196300485e-15,1.3606679782442244e-16,5.8037118304573826e-15
23,F6,256,0.32413964110470356,0.0625,0.27908228384501715,True,4.868713196300485e-15,1.3606679782442244e-16,5.8037118304573826e-15
23,F7,256,0.3211441887663994,0.0625,0.2758871346841593,True,4.868713196300485e-15,1.3606679782442244e-16,5.8037118304573826e-15
23,F8,256,0.3314922824358571,0.0625,0.2869251012649142,True,4.868713196300485e-15,1.3606679782442244e-16,5.8037118304573826e-15
23,F9,256,0.3490700373937414,0.0625,0.3056747065533241,True,4.868713196300485e-15,1.3606679782442244e-16,5.8037118304573826e-15
23,F10,256,0.3783848907561844,0.0625,0.3369438834732634,True,4.868713196300485e-15,1.3606679782442244e-16,5.8037118304573826e-15
23,F11,256,0.41933603263609454,0.0625,0.3806251014785008,True,4.868713196300485e-15,1.3606679782442244e-16,5.8037118304573826e-15
23,F12,256,0.4758759092720602,0.0625,0.4409343032235309,True,4.868713196300485e-15,1.3606679782442244e-16,5.8037118304573826e-15
23,F13,256,0.5560111525940145,0.0625,0.526411896100282,True,4.868713196300485e-15,1.3606679782442244e-16,5.8037118304573826e-15
23,F14,256,0.6615414161835078,0.0625,0.6389775105957417,True,4.868713196300485e-15,1.3606679782442244e-16,5.8037118304573826e-15
23,F15,256,0.7943995513378601,0.0625,0.7806928547603841,True,4.868713196300485e-15,1.3606679782442244e-16,5.8037118304573826e-15
23,F16,256,0.9375971513145787,0.0625,0.9334369614022172,True,4.868713196300485e-15,1.3606679782442244e-16,5.8037118304573826e-15
23,H,256,0.7112380058304514,0.0625,0.6919872062191481,True,4.868713196300485e-15,1.3606679782442244e-16,5.8037118304573826e-15
23,M,1792,0.8715245314429776,0.4375,0.771599167009738,True,4.868713196300485e-15,1.3606679782442244e-16,5.8037118304573826e-15
23,T,2048,0.9219887020782419,0.5,0.8439774041564838,True,4.868713196300485e-15,1.3606679782442244e-16,5.8037118304573826e-15
24,F1,256,0.682897077234652,0.0625,0.6617568823836287,True,4.410372883376999e-15,1.7030487484372943e-16,5.8599729795009176e-15
24,F2,256,0.4441850448503223,0.0625,0.40713071450701044,True,4.410372883376999e-15,1.7030487484372943e-16,5.8599729795009176e-15
24,F3,256,0.357968329791799,0.0625,0.3151662184445856,True,4.410372883376999e-15,1.7030487484372943e-16,5.8599729795009176e-15
24,F4,256,0.3238987124030369,0.0625,0.27882529322990607,True,4.410372883376999e-15,1.7030487484372943e-16,5.8599729795009176e-15
24,F5,256,0.3045640143344843,0.0625,0.2582016152901166,True,4.410372883376999e-15,1.7030487484372943e-16,5.8599729795009176e-15
24,F6,256,0.2937811463300689,0.0625,0.24669988941874016,False,4.410372883376999e-15,1.7030487484372943e-16,5.8599729795009176e-15
24,F7,256,0.2927192785496287,0.0625,0.2455672304529373,False,4.410372883376999e-15,1.7030487484372943e-16,5.8599729795009176e-15
24,F8,256,0.30326610241170204,0.0625,0.2568171759058155,True,4.410372883376999e-15,1.7030487484372943e-16,5.8599729795009176e-15
24,F9,256,0.32437204306380235,0.0625,0.27933017926805587,True,4.410372883376999e-15,1.7030487484372943e-16,5.8599729795009176e-15
24,F10,256,0.356188127529381,0.0625,0.3132673360313397,True,4.410372883376999e-15,1.7030487484372943e-16,5.8599729795009176e-15
24,F11,256,0.4029665598976545,0.0625,0.36316433055749814,True,4.410372883376999e-15,1.7030487484372943e-16,5.8599729795009176e-15
24,F12,256,0.46854187607762343,0.0625,0.4331113344827983,True,4.410372883376999e-15,1.7030487484372943e-16,5.8599729795009176e-15
24,F13,256,0.5628435801236644,0.0625,0.5336998187985754,True,4.410372883376999e-15,1.7030487484372943e-16,5.8599729795009176e-15
24,F14,256,0.6840928897340882,0.0625,0.6630324157163607,True,4.410372883376999e-15,1.7030487484372943e-16,5.8599729795009176e-15
24,F15,256,0.8247340828609018,0.0625,0.8130496883849619,True,4.410372883376999e-15,1.7030487484372943e-16,5.8599729795009176e-15
24,F16,256,0.9508232929668778,0.0625,0.9475448458313364,True,4.410372883376999e-15,1.7030487484372943e-16,5.8599729795009176e-15
24,H,256,0.682897077234652,0.0625,0.6617568823836287,True,4.410372883376999e-15,1.7030487484372943e-16,5.8599729795009176e-15
24,M,1792,0.8584013065291912,0.4375,0.7482689893852288,True,4.410372883376999e-15,1.7030487484372943e-16,5.8599729795009176e-15
24,T,2048,0.9136234944285735,0.5,0.827246988857147,True,4.410372883376999e-15,1.7030487484372943e-16,5.8599729795009176e-15
25,F1,256,0.6969832760001649,0.0625,0.6767821610668425,True,4.533553137661462e-15,0.0,5.791072674191782e-15
25,F2,256,0.46045007835883744,0.0625,0.42448008358275996,True,4.533553137661462e-15,0.0,5.791072674191782e-15
25,F3,256,0.35172144212797896,0.0625,0.3085028716031776,True,4.533553137661462e-15,0.0,5.791072674191782e-15
25,F4,256,0.29894893809899215,0.0625,0.25221220063892497,True,4.533553137661462e-15,0.0,5.791072674191782e-15
25,F5,256,0.26976663013906793,0.0625,0.22108440548167246,False,4.533553137661462e-15,0.0,5.791072674191782e-15
25,F6,256,0.25700475362790165,0.0625,0.20747173720309509,False,4.533553137661462e-15,0.0,5.791072674191782e-15
25,F7,256,0.2555848617652966,0.0625,0.20595718588298303,False,4.533553137661462e-15,0.0,5.791072674191782e-15
25,F8,256,0.26211070695729877,0.0625,0.21291808742111867,False,4.533553137661462e-15,0.0,5.791072674191782e-15
25,F9,256,0.2762752501352794,0.0625,0.2280269334776314,False,4.533553137661462e-15,0.0,5.791072674191782e-15
25,F10,256,0.3025547861491972,0.0625,0.2560584385591437,True,4.533553137661462e-15,0.0,5.791072674191782e-15
25,F11,256,0.33940564166154397,0.0625,0.2953660177723136,True,4.533553137661462e-15,0.0,5.791072674191782e-15
25,F12,256,0.3943198106044145,0.0625,0.3539411313113755,True,4.533553137661462e-15,0.0,5.791072674191782e-15
25,F13,256,0.4810090399958797,0.0625,0.4464096426622717,True,4.533553137661462e-15,0.0,5.791072674191782e-15
25,F14,256,0.600983749303547,0.0625,0.5743826659237835,True,4.533553137661462e-15,0.0,5.791072674191782e-15
25,F15,256,0.7619354957272246,0.0625,0.7460645287757063,True,4.533553137661462e-15,0.0,5.791072674191782e-15
25,F16,256,0.930720407531061,0.0625,0.9261017680331317,True,4.533553137661462e-15,0.0,5.791072674191782e-15
25,H,256,0.6969832760001649,0.0625,0.6767821610668425,True,4.533553137661462e-15,0.0,5.791072674191782e-15
25,M,1792,0.8455027461122991,0.4375,0.725338215310754,True,4.533553137661462e-15,0.0,5.791072674191782e-15
25,T,2048,0.9004569952569994,0.5,0.8009139905139988,True,4.533553137661462e-15,0.0,5.791072674191782e-15
26,F1,256,0.6901865459445902,0.0625,0.6695323156742296,True,3.8781527586166516e-15,0.0,5.912061719198365e-15
26,F2,256,0.44401248203979654,0.0625,0.4069466475091163,True,3.8781527586166516e-15,0.0,5.912061719198365e-15
26,F3,256,0.34409516841291726,0.0625,0.3003681796404451,True,3.8781527586166516e-15,0.0,5.912061719198365e-15
26,F4,256,0.2961389482777789,0.0625,0.2492148781629642,False,3.8781527586166516e-15,0.0,5.912061719198365e-15
26,F5,256,0.2698751138508274,0.0625,0.22120012144088258,False,3.8781527586166516e-15,0.0,5.912061719198365e-15
26,F6,256,0.25866497737746974,0.0625,0.20924264253596772,False,3.8781527586166516e-15,0.0,5.912061719198365e-15
26,F7,256,0.2582210280042935,0.0625,0.20876909653791303,False,3.8781527586166516e-15,0.0,5.912061719198365e-15
26,F8,256,0.26224888026796106,0.0625,0.21306547228582512,False,3.8781527586166516e-15,0.0,5.912061719198365e-15
26,F9,256,0.2809053304843362,0.0625,0.2329656858499586,False,3.8781527586166516e-15,0.0,5.912061719198365e-15
26,F10,256,0.3091873647479024,0.0625,0.26313318906442923,True,3.8781527586166516e-15,0.0,5.912061719198365e-15
26,F11,256,0.3528518647180966,0.0625,0.30970865569930306,True,3.8781527586166516e-15,0.0,5.912061719198365e-15
26,F12,256,0.4122275225420397,0.0625,0.37304269071150903,True,3.8781527586166516e-15,0.0,5.912061719198365e-15
26,F13,256,0.4938556890747844,0.0625,0.46011273501310335,True,3.8781527586166516e-15,0.0,5.912061719198365e-15
26,F14,256,0.6081411873917031,0.0625,0.5820172665511499,True,3.8781527586166516e-15,0.0,5.912061719198365e-15
26,F15,256,0.7587319507590129,0.0625,0.7426474141429471,True,3.8781527586166516e-15,0.0,5.912061719198365e-15
26,F16,256,0.9244769283832317,0.0625,0.9194420569421138,True,3.8781527586166516e-15,0.0,5.912061719198365e-15
26,H,256,0.6901865459445902,0.0625,0.6695323156742296,True,3.8781527586166516e-15,0.0,5.912061719198365e-15
26,M,1792,0.843730570215756,0.4375,0.7221876803835663,True,3.8781527586166516e-15,0.0,5.912061719198365e-15
26,T,2048,0.8991484551208424,0.5,0.7982969102416848,True,3.8781527586166516e-15,0.0,5.912061719198365e-15
27,F1,256,0.5447151602959263,0.0625,0.514362837648988,True,4.195117074959102e-15,0.0,5.884914408267268e-15
27,F2,256,0.3453339828329105,0.0625,0.30168958168843785,True,4.195117074959102e-15,0.0,5.884914408267268e-15
27,F3,256,0.27246998246030807,0.0625,0.22396798129099527,False,4.195117074959102e-15,0.0,5.884914408267268e-15
27,F4,256,0.24012278335052925,0.0625,0.18946430224056454,False,4.195117074959102e-15,0.0,5.884914408267268e-15
27,F5,256,0.22711158309697965,0.0625,0.1755856886367783,False,4.195117074959102e-15,0.0,5.884914408267268e-15
27,F6,256,0.2190119846263357,0.0625,0.16694611693475808,False,4.195117074959102e-15,0.0,5.884914408267268e-15
27,F7,256,0.22190469652422484,0.0625,0.1700316762925065,False,4.195117074959102e-15,0.0,5.884914408267268e-15
27,F8,256,0.23035801925901483,0.0625,0.1790485538762825,False,4.195117074959102e-15,0.0,5.884914408267268e-15
27,F9,256,0.24578625668527637,0.0625,0.1955053404642948,False,4.195117074959102e-15,0.0,5.884914408267268e-15
27,F10,256,0.27072275886424757,0.0625,0.22210427612186406,False,4.195117074959102e-15,0.0,5.884914408267268e-15
27,F11,256,0.30966414436783263,0.0625,0.2636417539923548,True,4.195117074959102e-15,0.0,5.884914408267268e-15
27,F12,256,0.3700714487808191,0.0625,0.3280762120328737,True,4.195117074959102e-15,0.0,5.884914408267268e-15
27,F13,256,0.4587427317055478,0.0625,0.42265891381925097,True,4.195117074959102e-15,0.0,5.884914408267268e-15
27,F14,256,0.581157380942021,0.0625,0.5532345396714891,True,4.195117074959102e-15,0.0,5.884914408267268e-15
27,F15,256,0.7463819185363649,0.0625,0.7294740464387892,True,4.195117074959102e-15,0.0,5.884914408267268e-15
27,F16,256,0.9224069575848732,0.0625,0.9172340880905314,True,4.195117074959102e-15,0.0,5.884914408267268e-15
27,H,256,0.5447151602959263,0.0625,0.514362837648988,True,4.195117074959102e-15,0.0,5.884914408267268e-15
27,M,1792,0.8120544790183281,0.4375,0.6658746293659166,True,4.195117074959102e-15,0.0,5.884914408267268e-15
27,T,2048,0.886880640196575,0.5,0.77376128039315,True,4.195117074959102e-15,0.0,5.884914408267268e-15
28,F1,256,0.627020920628403,0.0625,0.6021556486702965,True,4.08491758244122e-15,0.0,5.880346323397088e-15
28,F2,256,0.4115399378609247,0.0625,0.372309267051653,True,4.08491758244122e-15,0.0,5.880346323397088e-15
28,F3,256,0.32125416858154154,0.0625,0.27600444648697764,True,4.08491758244122e-15,0.0,5.880346323397088e-15
28,F4,256,0.2781769142541465,0.0625,0.2300553752044229,False,4.08491758244122e-15,0.0,5.880346323397088e-15
28,F5,256,0.25494027441913397,0.0625,0.20526962604707624,False,4.08491758244122e-15,0.0,5.880346323397088e-15
28,F6,256,0.24601455057890032,0.0625,0.195748853950827,False,4.08491758244122e-15,0.0,5.880346323397088e-15
28,F7,256,0.24633777584407968,0.0625,0.1960936275670183,False,4.08491758244122e-15,0.0,5.880346323397088e-15
28,F8,256,0.2530584376270658,0.0625,0.2032623334688702,False,4.08491758244122e-15,0.0,5.880346323397088e-15
28,F9,256,0.27018992659891816,0.0625,0.2215359217055127,False,4.08491758244122e-15,0.0,5.880346323397088e-15
28,F10,256,0.2962302909095954,0.0625,0.24931231030356843,False,4.08491758244122e-15,0.0,5.880346323397088e-15
28,F11,256,0.335707183023265,0.0625,0.291420995224816,True,4.08491758244122e-15,0.0,5.880346323397088e-15
28,F12,256,0.392511891651093,0.0625,0.35201268442783257,True,4.08491758244122e-15,0.0,5.880346323397088e-15
28,F13,256,0.472479617906951,0.0625,0.437311592434081,True,4.08491758244122e-15,0.0,5.880346323397088e-15
28,F14,256,0.5901278475930878,0.0625,0.5628030374326269,True,4.08491758244122e-15,0.0,5.880346323397088e-15
28,F15,256,0.7483234636991833,0.0625,0.7315450279457956,True,4.08491758244122e-15,0.0,5.880346323397088e-15
28,F16,256,0.9220312769612704,0.0625,0.9168333620920218,True,4.08491758244122e-15,0.0,5.880346323397088e-15
28,H,256,0.627020920628403,0.0625,0.6021556486702965,True,4.08491758244122e-15,0.0,5.880346323397088e-15
28,M,1792,0.8335522102716507,0.4375,0.7040928182607123,True,4.08491758244122e-15,0.0,5.880346323397088e-15
28,T,2048,0.8971407606458282,0.5,0.7942815212916563,True,4.08491758244122e-15,0.0,5.880346323397088e-15
29,F1,256,0.7000447672487637,0.0625,0.6800477517320147,True,4.0460004719806e-15,2.108642354109434e-16,5.904337523598771e-15
29,F2,256,0.4466375140331852,0.0625,0.4097466816353975,True,4.0460004719806e-15,2.108642354109434e-16,5.904337523598771e-15
29,F3,256,0.3457615740443283,0.0625,0.30214567898061684,True,4.0460004719806e-15,2.108642354109434e-16,5.904337523598771e-15
29,F4,256,0.2976898020060281,0.0625,0.2508691221397633,True,4.0460004719806e-15,2.108642354109434e-16,5.904337523598771e-15
29,F5,256,0.27311044297687026,0.0625,0.22465113917532828,False,4.0460004719806e-15,2.108642354109434e-16,5.904337523598771e-15
29,F6,256,0.2636922734046804,0.0625,0.21460509163165906,False,4.0460004719806e-15,2.108642354109434e-16,5.904337523598771e-15
29,F7,256,0.26383053700575,0.0625,0.21475257280613333,False,4.0460004719806e-15,2.108642354109434e-16,5.904337523598771e-15
29,F8,256,0.2739906234558019,0.0625,0.22558999835285534,False,4.0460004719806e-15,2.108642354109434e-16,5.904337523598771e-15
29,F9,256,0.2936915193321741,0.0625,0.24660428728765235,False,4.0460004719806e-15,2.108642354109434e-16,5.904337523598771e-15
29,F10,256,0.3261841141395211,0.0625,0.2812630550821558,True,4.0460004719806e-15,2.108642354109434e-16,5.904337523598771e-15
29,F11,256,0.37325861142699973,0.0625,0.3314758521887997,True,4.0460004719806e-15,2.108642354109434e-16,5.904337523598771e-15
29,F12,256,0.44031357463748233,0.0625,0.4030011462799811,True,4.0460004719806e-15,2.108642354109434e-16,5.904337523598771e-15
29,F13,256,0.531369005345754,0.0625,0.500126939035471,True,4.0460004719806e-15,2.108642354109434e-16,5.904337523598771e-15
29,F14,256,0.6548635143108732,0.0625,0.6318544152649314,True,4.0460004719806e-15,2.108642354109434e-16,5.904337523598771e-15
29,F15,256,0.8084947229707782,0.0625,0.7957277045021633,True,4.0460004719806e-15,2.108642354109434e-16,5.904337523598771e-15
29,F16,256,0.9467642160709532,0.0625,0.9432151638090167,True,4.0460004719806e-15,2.108642354109434e-16,5.904337523598771e-15
29,H,256,0.7000447672487637,0.0625,0.6800477517320147,True,4.0460004719806e-15,2.108642354109434e-16,5.904337523598771e-15
29,M,1792,0.8497937177880421,0.4375,0.7329666094009638,True,4.0460004719806e-15,2.108642354109434e-16,5.904337523598771e-15
29,T,2048,0.9035230517471251,0.5,0.8070461034942502,True,4.0460004719806e-15,2.108642354109434e-16,5.904337523598771e-15
30,F1,256,0.6007047011790597,0.0625,0.574085014590997,True,3.940854864936196e-15,0.0,5.909308382567802e-15
30,F2,256,0.3557859535586325,0.0625,0.3128383504625413,True,3.940854864936196e-15,0.0,5.909308382567802e-15
30,F3,256,0.26476543924372864,0.0625,0.21574980185997722,False,3.940854864936196e-15,0.0,5.909308382567802e-15
30,F4,256,0.22394048468388683,0.0625,0.17220318366281262,False,3.940854864936196e-15,0.0,5.909308382567802e-15
30,F5,256,0.2042522188925395,0.0625,0.1512023668187088,False,3.940854864936196e-15,0.0,5.909308382567802e-15
30,F6,256,0.19309368064244248,0.0625,0.1392999260186053,False,3.940854864936196e-15,0.0,5.909308382567802e-15
30,F7,256,0.19596379233007932,0.0625,0.14236137848541794,False,3.940854864936196e-15,0.0,5.909308382567802e-15
30,F8,256,0.20088627146904195,0.0625,0.14761202290031142,False,3.940854864936196e-15,0.0,5.909308382567802e-15
30,F9,256,0.21462058907880552,0.0625,0.1622619616840592,False,3.940854864936196e-15,0.0,5.909308382567802e-15
30,F10,256,0.23730870279327548,0.0625,0.18646261631282718,False,3.940854864936196e-15,0.0,5.909308382567802e-15
30,F11,256,0.26996488136693386,0.0625,0.2212958734580628,False,3.940854864936196e-15,0.0,5.909308382567802e-15
30,F12,256,0.3222799322303658,0.0625,0.2770985943790568,True,3.940854864936196e-15,0.0,5.909308382567802e-15
30,F13,256,0.4042946705932233,0.0625,0.3645809819661049,True,3.940854864936196e-15,0.0,5.909308382567802e-15
30,F14,256,0.5262979037139927,0.0625,0.49471776396159217,True,3.940854864936196e-15,0.0,5.909308382567802e-15
30,F15,256,0.7072104664804069,0.0625,0.6876911642457674,True,3.940854864936196e-15,0.0,5.909308382567802e-15
30,F16,256,0.9119114501853454,0.0625,0.9060388801977017,True,3.940854864936196e-15,0.0,5.909308382567802e-15
30,H,256,0.6007047011790597,0.0625,0.574085014590997,True,3.940854864936196e-15,0.0,5.909308382567802e-15
30,M,1792,0.8037339150392027,0.4375,0.6510825156252492,True,3.940854864936196e-15,0.0,5.909308382567802e-15
30,T,2048,0.8738189931712035,0.5,0.747637986342407,True,3.940854864936196e-15,0.0,5.909308382567802e-15
31,F1,256,0.630930592244126,0.0625,0.606325965060401,True,4.4715588490531025e-15,2.076092186043534e-16,5.8837951499234765e-15
31,F2,256,0.4044724625476658,0.0625,0.36477062671751015,True,4.4715588490531025e-15,2.076092186043534e-16,5.8837951499234765e-15
31,F3,256,0.30736496339412245,0.0625,0.26118929428706394,True,4.4715588490531025e-15,2.076092186043534e-16,5.8837951499234765e-15
31,F4,256,0.265646717841417,0.0625,0.21668983236417816,False,4.4715588490531025e-15,2.076092186043534e-16,5.8837951499234765e-15
31,F5,256,0.2443643270204336,0.0625,0.1939886154884625,False,4.4715588490531025e-15,2.076092186043534e-16,5.8837951499234765e-15
31,F6,256,0.2369535812337235,0.0625,0.1860838199826384,False,4.4715588490531025e-15,2.076092186043534e-16,5.8837951499234765e-15
31,F7,256,0.23490640806386562,0.0625,0.18390016860145666,False,4.4715588490531025e-15,2.076092186043534e-16,5.8837951499234765e-15
31,F8,256,0.23994265721390007,0.0625,0.18927216769482674,False,4.4715588490531025e-15,2.076092186043534e-16,5.8837951499234765e-15
31,F9,256,0.25253773691789105,0.0625,0.20270691937908378,False,4.4715588490531025e-15,2.076092186043534e-16,5.8837951499234765e-15
31,F10,256,0.2723150578620135,0.0625,0.22380272838614773,False,4.4715588490531025e-15,2.076092186043534e-16,5.8837951499234765e-15
31,F11,256,0.30059228329286214,0.0625,0.25396510217905294,True,4.4715588490531025e-15,2.076092186043534e-16,5.8837951499234765e-15
31,F12,256,0.3426652782523123,0.0625,0.29884296346913314,True,4.4715588490531025e-15,2.076092186043534e-16,5.8837951499234765e-15
31,F13,256,0.4078697052654488,0.0625,0.3683943522831454,True,4.4715588490531025e-15,2.076092186043534e-16,5.8837951499234765e-15
31,F14,256,0.5174352194068101,0.0625,0.4852642340339308,True,4.4715588490531025e-15,2.076092186043534e-16,5.8837951499234765e-15
31,F15,256,0.6892147385098539,0.0625,0.6684957210771775,True,4.4715588490531025e-15,2.076092186043534e-16,5.8837951499234765e-15
31,F16,256,0.9003478423604309,0.0625,0.8937043651844596,True,4.4715588490531025e-15,2.076092186043534e-16,5.8837951499234765e-15
31,H,256,0.630930592244126,0.0625,0.606325965060401,True,4.4715588490531025e-15,2.076092186043534e-16,5.8837951499234765e-15
31,M,1792,0.8254115164534702,0.4375,0.6896204736950582,True,4.4715588490531025e-15,2.076092186043534e-16,5.8837951499234765e-15
31,T,2048,0.8886370952337124,0.5,0.7772741904674247,True,4.4715588490531025e-15,2.076092186043534e-16,5.8837951499234765e-15
32,F1,256,0.5644990152417614,0.0625,0.5354656162578788,True,4.307191045172529e-15,1.2196829714626513e-16,5.900727663973807e-15
32,F2,256,0.36276321328356465,0.0625,0.3202807608358023,True,4.307191045172529e-15,1.2196829714626513e-16,5.900727663973807e-15
32,F3,256,0.27982040736991587,0.0625,0.23180843452791025,False,4.307191045172529e-15,1.2196829714626513e-16,5.900727663973807e-15
32,F4,256,0.2429275973373569,0.0625,0.192456103826514,False,4.307191045172529e-15,1.2196829714626513e-16,5.900727663973807e-15
32,F5,256,0.22265358978052818,0.0625,0.17083049576589673,False,4.307191045172529e-15,1.2196829714626513e-16,5.900727663973807e-15
32,F6,256,0.21621143039688057,0.0625,0.16395885909000593,False,4.307191045172529e-15,1.2196829714626513e-16,5.900727663973807e-15
32,F7,256,0.21422645186692835,0.0625,0.16184154865805692,False,4.307191045172529e-15,1.2196829714626513e-16,5.900727663973807e-15
32,F8,256,0.21837737200850277,0.0625,0.16626919680906962,False,4.307191045172529e-15,1.2196829714626513e-16,5.900727663973807e-15
32,F9,256,0.2292351445408835,0.0625,0.17785082084360906,False,4.307191045172529e-15,1.2196829714626513e-16,5.900727663973807e-15
32,F10,256,0.24989262348423041,0.0625,0.19988546504984578,False,4.307191045172529e-15,1.2196829714626513e-16,5.900727663973807e-15
32,F11,256,0.2755714054747284,0.0625,0.2272761658397103,False,4.307191045172529e-15,1.2196829714626513e-16,5.900727663973807e-15
32,F12,256,0.32168863546985954,0.0625,0.2764678778345168,True,4.307191045172529e-15,1.2196829714626513e-16,5.900727663973807e-15
32,F13,256,0.39469436692375004,0.0625,0.35434065805200005,True,4.307191045172529e-15,1.2196829714626513e-16,5.900727663973807e-15
32,F14,256,0.5131335877198809,0.0625,0.4806758269012063,True,4.307191045172529e-15,1.2196829714626513e-16,5.900727663973807e-15
32,F15,256,0.6942516880492033,0.0625,0.6738684672524836,True,4.307191045172529e-15,1.2196829714626513e-16,5.900727663973807e-15
32,F16,256,0.9052752098329631,0.0625,0.8989602238218273,True,4.307191045172529e-15,1.2196829714626513e-16,5.900727663973807e-15
32,H,256,0.5644990152417614,0.0625,0.5354656162578788,True,4.307191045172529e-15,1.2196829714626513e-16,5.900727663973807e-15
32,M,1792,0.8078551303690727,0.4375,0.6584091206561293,True,4.307191045172529e-15,1.2196829714626513e-16,5.900727663973807e-15
32,T,2048,0.8781470788684298,0.5,0.7562941577368596,True,4.307191045172529e-15,1.2196829714626513e-16,5.900727663973807e-15
33,F1,256,0.5908767929988974,0.0625,0.5636019125321572,True,4.344537127949596e-15,0.0,5.898770840337818e-15
33,F2,256,0.35683826549928666,0.0625,0.3139608165325724,True,4.344537127949596e-15,0.0,5.898770840337818e-15
33,F3,256,0.27176014351496147,0.0625,0.22321081974929224,False,4.344537127949596e-15,0.0,5.898770840337818e-15
33,F4,256,0.23419113669657987,0.0625,0.18313721247635187,False,4.344537127949596e-15,0.0,5.898770840337818e-15
33,F5,256,0.2168099770761786,0.0625,0.16459730888125718,False,4.344537127949596e-15,0.0,5.898770840337818e-15
33,F6,256,0.20848021147213353,0.0625,0.15571222557027575,False,4.344537127949596e-15,0.0,5.898770840337818e-15
33,F7,256,0.20928223902420462,0.0625,0.15656772162581825,False,4.344537127949596e-15,0.0,5.898770840337818e-15
33,F8,256,0.21539891124763502,0.0625,0.16309217199747736,False,4.344537127949596e-15,0.0,5.898770840337818e-15
33,F9,256,0.2296955274477971,0.0625,0.1783418959443169,False,4.344537127949596e-15,0.0,5.898770840337818e-15
33,F10,256,0.25351623029165626,0.0625,0.20375064564443335,False,4.344537127949596e-15,0.0,5.898770840337818e-15
33,F11,256,0.2882497513914657,0.0625,0.2407997348175634,False,4.344537127949596e-15,0.0,5.898770840337818e-15
33,F12,256,0.3405498716759586,0.0625,0.2965865297876892,True,4.344537127949596e-15,0.0,5.898770840337818e-15
33,F13,256,0.4233509063325609,0.0625,0.3849076334213983,True,4.344537127949596e-15,0.0,5.898770840337818e-15
33,F14,256,0.5466210503299673,0.0625,0.5163957870186319,True,4.344537127949596e-15,0.0,5.898770840337818e-15
33,F15,256,0.7184412321711233,0.0625,0.6996706476491982,True,4.344537127949596e-15,0.0,5.898770840337818e-15
33,F16,256,0.9116980579569041,0.0625,0.9058112618206977,True,4.344537127949596e-15,0.0,5.898770840337818e-15
33,H,256,0.5908767929988974,0.0625,0.5636019125321572,True,4.344537127949596e-15,0.0,5.898770840337818e-15
33,M,1792,0.8108089844688106,0.4375,0.663660416833441,True,4.344537127949596e-15,0.0,5.898770840337818e-15
33,T,2048,0.8788869310060369,0.5,0.7577738620120738,True,4.344537127949596e-15,0.0,5.898770840337818e-15
34,F1,256,0.4379545044788158,0.0625,0.4004848047774035,True,4.283919249166727e-15,1.5523974926226108e-16,5.870411548097372e-15
34,F2,256,0.2690621976983978,0.0625,0.22033301087829096,False,4.283919249166727e-15,1.5523974926226108e-16,5.870411548097372e-15
34,F3,256,0.20996857162639518,0.0625,0.15729980973482152,False,4.283919249166727e-15,1.5523974926226108e-16,5.870411548097372e-15
34,F4,256,0.1838700503484752,0.0625,0.12946138703837354,False,4.283919249166727e-15,1.5523974926226108e-16,5.870411548097372e-15
34,F5,256,0.1703873717886954,0.0625,0.11507986324127509,False,4.283919249166727e-15,1.5523974926226108e-16,5.870411548097372e-15
34,F6,256,0.16631206008078203,0.0625,0.1107328640861675,False,4.283919249166727e-15,1.5523974926226108e-16,5.870411548097372e-15
34,F7,256,0.16712792444135732,0.0625,0.11160311940411448,False,4.283919249166727e-15,1.5523974926226108e-16,5.870411548097372e-15
34,F8,256,0.17516408805011105,0.0625,0.12017502725345179,False,4.283919249166727e-15,1.5523974926226108e-16,5.870411548097372e-15
34,F9,256,0.1862396422575346,0.0625,0.13198895174137024,False,4.283919249166727e-15,1.5523974926226108e-16,5.870411548097372e-15
34,F10,256,0.20789536820098353,0.0625,0.15508839274771577,False,4.283919249166727e-15,1.5523974926226108e-16,5.870411548097372e-15
34,F11,256,0.24028148114544917,0.0625,0.18963357988847912,False,4.283919249166727e-15,1.5523974926226108e-16,5.870411548097372e-15
34,F12,256,0.28880479526317804,0.0625,0.24139178161405658,False,4.283919249166727e-15,1.5523974926226108e-16,5.870411548097372e-15
34,F13,256,0.3713523964077347,0.0625,0.32944255616825036,True,4.283919249166727e-15,1.5523974926226108e-16,5.870411548097372e-15
34,F14,256,0.49687445866698726,0.0625,0.46333275591145306,True,4.283919249166727e-15,1.5523974926226108e-16,5.870411548097372e-15
34,F15,256,0.6884916211836585,0.0625,0.6677243959292357,True,4.283919249166727e-15,1.5523974926226108e-16,5.870411548097372e-15
34,F16,256,0.906130417159322,0.0625,0.8998724449699435,True,4.283919249166727e-15,1.5523974926226108e-16,5.870411548097372e-15
34,H,256,0.4379545044788158,0.0625,0.4004848047774035,True,4.283919249166727e-15,1.5523974926226108e-16,5.870411548097372e-15
34,M,1792,0.7684600249101224,0.4375,0.5883733776179955,True,4.283919249166727e-15,1.5523974926226108e-16,5.870411548097372e-15
34,T,2048,0.8555843209446993,0.5,0.7111686418893985,True,4.283919249166727e-15,1.5523974926226108e-16,5.870411548097372e-15
35,F1,256,0.5604417569902749,0.0625,0.5311378741229599,True,3.992105000823994e-15,0.0,5.7678138704481655e-15
35,F2,256,0.3673338066960805,0.0625,0.3251560604758192,True,3.992105000823994e-15,0.0,5.7678138704481655e-15
35,F3,256,0.31094221642105474,0.0625,0.2650050308491251,True,3.992105000823994e-15,0.0,5.7678138704481655e-15
35,F4,256,0.2808156656467174,0.0625,0.23287004335649855,False,3.992105000823994e-15,0.0,5.7678138704481655e-15
35,F5,256,0.2562914998191453,0.0625,0.20671093314042163,False,3.992105000823994e-15,0.0,5.7678138704481655e-15
35,F6,256,0.23899187829947394,0.0625,0.18825800351943886,False,3.992105000823994e-15,0.0,5.7678138704481655e-15
35,F7,256,0.23422573845235622,0.0625,0.18317412101584665,False,3.992105000823994e-15,0.0,5.7678138704481655e-15
35,F8,256,0.2374087604516026,0.0625,0.18656934448170945,False,3.992105000823994e-15,0.0,5.7678138704481655e-15
35,F9,256,0.2510984246323434,0.0625,0.2011716529411663,False,3.992105000823994e-15,0.0,5.7678138704481655e-15
35,F10,256,0.2774982477445728,0.0625,0.22933146426087767,False,3.992105000823994e-15,0.0,5.7678138704481655e-15
35,F11,256,0.31442041884455496,0.0625,0.26871511343419197,True,3.992105000823994e-15,0.0,5.7678138704481655e-15
35,F12,256,0.37138437558148973,0.0625,0.3294766672869224,True,3.992105000823994e-15,0.0,5.7678138704481655e-15
35,F13,256,0.44979562337387824,0.0625,0.4131153315988035,True,3.992105000823994e-15,0.0,5.7678138704481655e-15
35,F14,256,0.5487740656182081,0.0625,0.5186923366594219,True,3.992105000823994e-15,0.0,5.7678138704481655e-15
35,F15,256,0.6871445123264935,0.0625,0.6662874798149264,True,3.992105000823994e-15,0.0,5.7678138704481655e-15
35,F16,256,0.8861767147430519,0.0625,0.878588495725922,True,3.992105000823994e-15,0.0,5.7678138704481655e-15
35,H,256,0.5604417569902749,0.0625,0.5311378741229599,True,3.992105000823994e-15,0.0,5.7678138704481655e-15
35,M,1792,0.8172662692368288,0.4375,0.6751400341988067,True,3.992105000823994e-15,0.0,5.7678138704481655e-15
35,T,2048,0.8919505033716233,0.5,0.7839010067432466,True,3.992105000823994e-15,0.0,5.7678138704481655e-15
36,F1,256,0.6267946322708762,0.0625,0.601914274422268,True,4.796076238967386e-15,2.527218505035997e-16,5.795641159547818e-15
36,F2,256,0.42339476106773066,0.0625,0.3849544118055794,True,4.796076238967386e-15,2.527218505035997e-16,5.795641159547818e-15
36,F3,256,0.368535014501586,0.0625,0.32643734880169173,True,4.796076238967386e-15,2.527218505035997e-16,5.795641159547818e-15
36,F4,256,0.33772271422903155,0.0625,0.29357089517763363,True,4.796076238967386e-15,2.527218505035997e-16,5.795641159547818e-15
36,F5,256,0.30770388645062374,0.0625,0.2615508122139987,True,4.796076238967386e-15,2.527218505035997e-16,5.795641159547818e-15
36,F6,256,0.29027337961144994,0.0625,0.24295827158554661,False,4.796076238967386e-15,2.527218505035997e-16,5.795641159547818e-15
36,F7,256,0.2798837962779155,0.0625,0.23187604936310985,False,4.796076238967386e-15,2.527218505035997e-16,5.795641159547818e-15
36,F8,256,0.2839883904936368,0.0625,0.23625428319321257,False,4.796076238967386e-15,2.527218505035997e-16,5.795641159547818e-15
36,F9,256,0.30086061174280326,0.0625,0.25425131919232347,True,4.796076238967386e-15,2.527218505035997e-16,5.795641159547818e-15
36,F10,256,0.33095647725409927,0.0625,0.28635357573770587,True,4.796076238967386e-15,2.527218505035997e-16,5.795641159547818e-15
36,F11,256,0.3717146727658316,0.0625,0.3298289842835537,True,4.796076238967386e-15,2.527218505035997e-16,5.795641159547818e-15
36,F12,256,0.4225317130812167,0.0625,0.3840338272866311,True,4.796076238967386e-15,2.527218505035997e-16,5.795641159547818e-15
36,F13,256,0.4934997003238857,0.0625,0.4597330136788114,True,4.796076238967386e-15,2.527218505035997e-16,5.795641159547818e-15
36,F14,256,0.5880694822363428,0.0625,0.5606074477187657,True,4.796076238967386e-15,2.527218505035997e-16,5.795641159547818e-15
36,F15,256,0.7270697507954244,0.0625,0.7088744008484527,True,4.796076238967386e-15,2.527218505035997e-16,5.795641159547818e-15
36,F16,256,0.9079519917100973,0.0625,0.9018154578241038,True,4.796076238967386e-15,2.527218505035997e-16,5.795641159547818e-15
36,H,256,0.6267946322708762,0.0625,0.601914274422268,True,4.796076238967386e-15,2.527218505035997e-16,5.795641159547818e-15
36,M,1792,0.8455305037409813,0.4375,0.7253875622061889,True,4.796076238967386e-15,2.527218505035997e-16,5.795641159547818e-15
36,T,2048,0.9095065070165214,0.5,0.8190130140330427,True,4.796076238967386e-15,2.527218505035997e-16,5.795641159547818e-15
