layer,template_index,D_coarse,D_fine,R
1,0,0.49136853218078613,0.6512824296951294,0.2817489669442869
1,1,0.5301684141159058,0.6905580759048462,0.26430535779025943
1,2,0.5808019042015076,0.7033115029335022,0.1913901567480519
1,3,0.4660971164703369,0.6459730267524719,0.3263637318024895
2,0,0.5586584806442261,0.6756768226623535,0.1901765492631883
2,1,0.5873187184333801,0.7109771370887756,0.19107263925912327
2,2,0.6333740949630737,0.704348087310791,0.10621144128121508
2,3,0.5625682473182678,0.6925327181816101,0.2078430281323838
3,0,0.35445109009742737,0.6080021858215332,0.5396081093028348
3,1,0.3712804317474365,0.6355839371681213,0.5375865046296318
3,2,0.4207437336444855,0.6830636858940125,0.48456415991703927
3,3,0.3758656978607178,0.6446645259857178,0.539498173695408
4,0,0.624617338180542,0.8341609835624695,0.2892872062676911
4,1,0.5216085314750671,0.8144513964653015,0.4455973865793485
4,2,0.6256616711616516,0.8508191108703613,0.30738978171469966
4,3,0.6827788949012756,0.8214268088340759,0.1848717581589172
5,0,0.608400821685791,0.8486567735671997,0.3328209222023143
5,1,0.5388219356536865,0.8289279937744141,0.4307481364649759
5,2,0.5218276977539062,0.7753071784973145,0.3959218577123794
5,3,0.6024351119995117,0.7751451730728149,0.2520703702662332
6,0,0.76491779088974,0.873797595500946,0.1330803995780136
6,1,0.6392165422439575,0.8307077288627625,0.262034749114928
6,2,0.58021479845047,0.7989071607589722,0.3198463675843242
6,3,0.6812931299209595,0.7809615135192871,0.13653321621185913
7,0,0.7542718052864075,1.0179957151412964,0.2998382004928425
7,1,0.5896918177604675,0.9913280010223389,0.5194454017567676
7,2,0.5483105778694153,0.8712079524993896,0.46303882544639857
7,3,0.7687578797340393,0.9148263335227966,0.1739581787039577
8,0,0.7865393757820129,0.9321253299713135,0.16982449405066186
8,1,0.5999164581298828,0.906760036945343,0.41308743817301297
8,2,0.5646572709083557,0.8376442193984985,0.3943745042130529
8,3,0.7719619274139404,0.8393298983573914,0.08366860143537361
9,0,0.6064085960388184,0.6947852373123169,0.13604877699617568
9,1,0.4703236222267151,0.6631647348403931,0.34360241247576184
9,2,0.45445555448532104,0.7233452796936035,0.46478655451095185
9,3,0.6183344125747681,0.7591881155967712,0.2052201615469484
10,0,0.5337814092636108,0.7862736582756042,0.3873184883716446
10,1,0.4372651278972626,0.7011260390281677,0.4721479586503706
10,2,0.41928330063819885,0.7362880110740662,0.5630745349570914
10,3,0.5145320296287537,0.7143815755844116,0.3281594319433292
11,0,0.5793551802635193,0.8001165986061096,0.3228417383927391
11,1,0.46892115473747253,0.753864049911499,0.47477740584641076
11,2,0.40573203563690186,0.7272927165031433,0.583636101725505
11,3,0.5215914845466614,0.7512373328208923,0.36483693939745804
12,0,0.6884806752204895,0.8538403511047363,0.215256983981633
12,1,0.5325143337249756,0.7775105834007263,0.37848744103702764
12,2,0.5414143204689026,0.8140535354614258,0.40784130457896
12,3,0.6003921627998352,0.7872645258903503,0.2709812648675182
13,0,0.6476001739501953,0.7846830487251282,0.19200638625282523
13,1,0.47616317868232727,0.7309999465942383,0.42865277884875846
13,2,0.5174933671951294,0.7944449782371521,0.4286470222153701
13,3,0.5946642756462097,0.7243492603302002,0.19727667614796834
14,0,0.6477972269058228,0.8365795016288757,0.2557438307698876
14,1,0.5161831378936768,0.7440863847732544,0.3656955157476912
14,2,0.5008981227874756,0.8440374732017517,0.5217941604611467
14,3,0.6212248802185059,0.7824376821517944,0.23072113748286843
15,0,0.6736412048339844,0.8121469020843506,0.18698360556664306
15,1,0.5308347344398499,0.7633436322212219,0.3632575615601744
15,2,0.4889999330043793,0.7868950963020325,0.4757325913860274
15,3,0.6291242837905884,0.7829033732414246,0.21868045587934357
16,0,0.6927315592765808,0.7963458299636841,0.13939098745219458
16,1,0.5104058384895325,0.7482928037643433,0.38258817924911903
16,2,0.5253872871398926,0.7750006318092346,0.38872816416821526
16,3,0.6057970523834229,0.7288476824760437,0.18491973689378607
17,0,0.6556702256202698,0.7735381722450256,0.1653170611228429
17,1,0.44959017634391785,0.724209725856781,0.4767445784634097
17,2,0.4507855474948883,0.7638683319091797,0.5274037119125261
17,3,0.5183010697364807,0.746737539768219,0.3651574818823132
18,0,0.6428833603858948,0.8152996897697449,0.23759245446423402
18,1,0.4993891417980194,0.7044668793678284,0.34405568215661636
18,2,0.49615588784217834,0.7293737530708313,0.3852961261029619
18,3,0.4995083808898926,0.7125135660171509,0.3551745754794248
19,0,0.6450009346008301,0.8268370628356934,0.2483558878599617
19,1,0.459293007850647,0.7227206826210022,0.45333444869739253
19,2,0.5016086101531982,0.7454359531402588,0.39614906468495825
19,3,0.488393098115921,0.7126660943031311,0.3778923892722679
20,0,0.5591025948524475,0.7900999784469604,0.3458265033039478
20,1,0.4214809834957123,0.6942547559738159,0.49906431652139915
20,2,0.4342879354953766,0.7255061268806458,0.5131617573748839
20,3,0.4667614996433258,0.6853357553482056,0.3840904521575126
21,0,0.638569712638855,0.8189565539360046,0.24880018334284643
21,1,0.51129549741745,0.741664707660675,0.3719495686713662
21,2,0.5394328832626343,0.7223302721977234,0.29196410350120294
21,3,0.4759282171726227,0.6825858354568481,0.3606212467882265
22,0,0.5796644687652588,0.8794698119163513,0.41686980543098073
22,1,0.454621821641922,0.7143089175224304,0.45184961424631875
22,2,0.4102391004562378,0.7562440037727356,0.6116239188538439
22,3,0.4903097152709961,0.7166028022766113,0.37948445196745145
23,0,0.5871297717094421,0.8322113752365112,0.348840593768542
23,1,0.4616515338420868,0.7232564091682434,0.4489534547044668
23,2,0.43793120980262756,0.7307338118553162,0.5119874081681853
23,3,0.4426432251930237,0.6910807490348816,0.44549259033745964
24,0,0.6042171120643616,1.1351089477539062,0.630550324113519
24,1,0.5029223561286926,0.7827788591384888,0.4424144318242443
24,2,0.47228309512138367,0.9514339566230774,0.7003916909871684
24,3,0.5497783422470093,1.0925405025482178,0.6867458166550653
25,0,1.0827765464782715,1.544768214225769,0.3553452574849318
25,1,0.8390305042266846,1.1216378211975098,0.2902981728206421
25,2,1.0197054147720337,1.385597825050354,0.30661791260826315
25,3,1.0685549974441528,1.564431071281433,0.3812149590810939
26,0,0.3381005823612213,1.1231625080108643,1.200560220929529
26,1,0.41596361994743347,0.8168599009513855,0.6748697959043137
26,2,0.3507373631000519,0.9678485989570618,1.0150379788993296
26,3,0.3044740855693817,1.0087740421295166,1.1979050742199153
27,0,0.4446975588798523,1.1580455303192139,0.957094567287321
27,1,0.4376415014266968,0.9672201871871948,0.7930260855270839
27,2,0.38408833742141724,1.1260032653808594,1.0755571371788095
27,3,0.3920903205871582,1.1431373357772827,1.0700395874514708
28,0,0.6505111455917358,2.261577606201172,1.2460594728898287
28,1,0.6664720177650452,2.001505136489868,1.0996565898605066
28,2,0.649763286113739,2.182201862335205,1.2114815532894327
28,3,0.5962406396865845,2.2361555099487305,1.321869036693754
29,0,0.587300717830658,1.341544508934021,0.826039863014365
29,1,0.5892212986946106,0.9825689792633057,0.5113687167481038
29,2,0.5372869968414307,1.1617323160171509,0.7711351494864167
29,3,0.5085030794143677,1.2132905721664429,0.869620157272599
30,0,0.4019019901752472,1.6576554775238037,1.41695126672907
30,1,0.39255550503730774,1.5180987119674683,1.3525360421557018
30,2,0.3874624967575073,1.7844065427780151,1.5272221083533375
30,3,0.3527950048446655,1.641165018081665,1.5372744800702367
31,0,1.2333805561065674,1.7494300603866577,0.3495312361270643
31,1,1.179054617881775,1.5984807014465332,0.3043406704489008
31,2,1.1389073133468628,1.6248865127563477,0.3553686693489094
31,3,1.1584150791168213,1.7752423286437988,0.4268841770305625
32,0,0.45635098218917847,0.9059000015258789,0.6856667151273769
32,1,0.381910502910614,0.7684797644615173,0.699227935834183
32,2,0.4686029255390167,0.9566139578819275,0.713644153075116
32,3,0.4755227267742157,0.9617345333099365,0.7043237833107794
33,0,0.38458117842674255,0.8065754175186157,0.7406425113964527
33,1,0.294370174407959,0.7174333333969116,0.8908419562236756
33,2,0.4103527367115021,0.85576993227005,0.734984446037509
33,3,0.4454028904438019,0.8274717926979065,0.6193957749478587
34,0,0.2233307659626007,0.6824166178703308,1.1169864200160133
34,1,0.21655209362506866,0.6314380168914795,1.070168649077729
34,2,0.27711641788482666,0.7433385848999023,0.9867139415822558
34,3,0.25953689217567444,0.7273253202438354,1.0304750017027389
35,0,0.5666854381561279,1.288243293762207,0.8212304145134337
35,1,0.4610230624675751,0.9762055277824402,0.7502250771982036
35,2,0.5470163822174072,1.2060818672180176,0.790653507065854
35,3,0.5649157166481018,1.3885163068771362,0.8993145049730905
36,0,0.9502608776092529,2.4277734756469727,0.9379932962347733
36,1,0.8095166683197021,1.6776139736175537,0.7286904452932491
36,2,0.8654459118843079,2.0289111137390137,0.8520096517771525
36,3,0.792933464050293,2.388559103012085,1.102706263331141
