seed,pool,fit_pool_size,uses_feature_labels_for_fit,selected_positions,fit_pool_role_entropy,fit_pool_route_fraction,fit_pool_slot_nonroute_fraction,fit_pool_target_fraction,fit_pool_neutral_fraction,feature_NMI,nuisance_NMI,slot_start_NMI,feature_purity,dominant_expert_count,load_imbalance_L,max_load,active_experts,load_entropy,load_e0,load_e1,load_e2,load_e3,count_e0,count_e1,count_e2,count_e3,margin_mean,margin_std,margin_min,margin_p05,margin_median,representation_type,latent_dim,d_sae,sae_expansion,sparsity,top_k,l1_lambda,train_sample_count,train_epochs,train_reconstruction_mse,reconstruction_mse,retained_variance_fraction,latent_l0_mean,latent_active_fraction
20260623,all_position,393216,False,,1.1808927059173584,0.03125,0.09375,0.03125,0.8125,0.6368979998630601,0.0,0.0,1.0,2.0,2.0,0.75,2,0.40563905424694935,0.25,0.0,0.0,0.75,3072,0,0,9216,2.297618865966797,0.6131059527397156,1.2025604248046875,1.4260873794555664,2.328941822052002,,,,,,,,,,,,,,
20260623,route_only,12288,False,,0.0,1.0,0.0,0.0,0.0,1.0,0.0,0.0,1.0,4.0,0.0,0.25,4,1.0000000027478353,0.25,0.25,0.25,0.25,3072,3072,3072,3072,5.959787368774414,0.26052263379096985,5.4997382164001465,5.657186508178711,5.881832599639893,,,,,,,,,,,,,,
20260623,slot_offset_3,12288,False,,0.0,1.0,0.0,0.0,0.0,1.0,0.0,0.0,1.0,4.0,0.0,0.25,4,1.0000000027478353,0.25,0.25,0.25,0.25,3072,3072,3072,3072,5.959787368774414,0.26052263379096985,5.4997382164001465,5.657186508178711,5.881832599639893,,,,,,,,,,,,,,
20260623,selector_stability_top1_position,12288,False,11,0.9182958602905273,0.0,0.3333333333333333,0.0,0.6666666666666666,0.856101083640877,2.0678097399342034e-06,5.039584892752246e-06,0.9981282552083334,3.0,1.0,0.4982096254825592,3,0.7508886364178846,0.4982096254825592,0.0,0.251708984375,0.2500813901424408,6122,0,3093,3073,0.4251910448074341,0.2314712107181549,0.0005635917186737061,0.15027040243148804,0.35412395000457764,,,,,,,,,,,,,,
20260623,selector_stability_top3_positions,36864,False,11 13 14,1.4466166496276855,0.1111111111111111,0.1111111111111111,0.1111111111111111,0.6666666666666666,0.6368979998630601,0.0,0.0,1.0,2.0,2.0,0.75,2,0.40563905424694935,0.75,0.0,0.0,0.25,9216,0,0,3072,3.0491559505462646,0.3393334150314331,2.4124441146850586,2.6402292251586914,2.943281650543213,,,,,,,,,,,,,,
20260623,selector_stability_threshold_positions,61440,False,11 13 14 15 7,1.5589385032653809,0.06666666666666667,0.06666666666666667,0.06666666666666667,0.6666666666666666,0.8660254037844386,0.0,0.0,1.0,3.0,1.0,0.5,3,0.7500000020608765,0.25,0.0,0.5,0.25,3072,0,6144,3072,2.664349317550659,0.43630272150039673,1.6609781980514526,1.8836913108825684,2.8451554775238037,,,,,,,,,,,,,,
20260623,pca_q4,393216,False,,1.1808927059173584,0.03125,0.09375,0.03125,0.8125,1.0,0.0,0.0,1.0,4.0,0.0,0.25,4,1.0000000027478353,0.25,0.25,0.25,0.25,3072,3072,3072,3072,2.589054822921753,0.6435931921005249,1.666059970855713,1.8983378410339355,2.4395852088928223,pca,4,nan,nan,,nan,nan,393216,0,0.9145503044128418,0.9145503044128418,0.08262555405783353,4.0,1.0
20260623,pca_q8,393216,False,,1.1808927059173584,0.03125,0.09375,0.03125,0.8125,0.8660254037844386,0.0,0.0,1.0,3.0,1.0,0.5,3,0.7500000020608765,0.25,0.0,0.25,0.5,3072,0,3072,6144,2.309683322906494,0.1956232488155365,1.769081473350525,1.9717761278152466,2.352942705154419,pca,8,nan,nan,,nan,nan,393216,0,0.8435211181640625,0.8435211181640625,0.15387412709996123,8.0,1.0
20260623,pca_q16,393216,False,,1.1808927059173584,0.03125,0.09375,0.03125,0.8125,0.6368979998630601,0.0,0.0,1.0,2.0,2.0,0.75,2,0.40563905424694935,0.25,0.75,0.0,0.0,3072,9216,0,0,2.1911754608154297,0.39157167077064514,1.1967518329620361,1.5089653730392456,2.3312149047851562,pca,16,nan,nan,,nan,nan,393216,0,0.7221873998641968,0.7221873998641968,0.2755826777029634,16.0,1.0
20260623,pca_q32,393216,False,,1.1808927059173584,0.03125,0.09375,0.03125,0.8125,0.8660254037844386,0.0,0.0,1.0,3.0,1.0,0.5,3,0.7500000020608765,0.0,0.5,0.25,0.25,0,6144,3072,3072,2.479627847671509,0.9465392231941223,0.8954005241394043,1.2016234397888184,3.0981452465057373,pca,32,nan,nan,,nan,nan,393216,0,0.5334233641624451,0.5334233641624451,0.4649296293191819,32.0,1.0
20260623,bottleneck_ae_q4,393216,False,,1.1808927059173584,0.03125,0.09375,0.03125,0.8125,0.8660254037844386,0.0,0.0,1.0,3.0,1.0,0.5,3,0.7500000020608765,0.25,0.25,0.0,0.5,3072,3072,0,6144,2.1797382831573486,0.32738539576530457,1.3493711948394775,1.601890206336975,2.261641502380371,bottleneck_ae,4,nan,nan,,nan,nan,65536,10,0.988085750490427,0.9846604193250338,nan,1.9150899251302083,0.47877248128255206
20260623,bottleneck_ae_q8,393216,False,,1.1808927059173584,0.03125,0.09375,0.03125,0.8125,0.8660254037844386,0.0,0.0,1.0,3.0,1.0,0.5,3,0.7500000020608765,0.25,0.25,0.5,0.0,3072,3072,6144,0,2.18700909614563,0.808127224445343,0.500735878944397,0.7859206795692444,2.480973958969116,bottleneck_ae,8,nan,nan,,nan,nan,65536,10,0.9158260971307755,0.912795701995492,nan,3.8707784016927085,0.48384730021158856
20260623,bottleneck_ae_q16,393216,False,,1.1808927059173584,0.03125,0.09375,0.03125,0.8125,0.8660254037844386,0.0,0.0,1.0,3.0,1.0,0.5,3,0.7500000020608765,0.25,0.25,0.0,0.5,3072,3072,0,6144,1.9649944305419922,0.4401385486125946,1.2198560237884521,1.3890231847763062,1.885297179222107,bottleneck_ae,16,nan,nan,,nan,nan,65536,10,0.79706871509552,0.7931669118503729,nan,7.943868001302083,0.4964917500813802
20260623,bottleneck_ae_q32,393216,False,,1.1808927059173584,0.03125,0.09375,0.03125,0.8125,0.8660254037844386,0.0,0.0,1.0,3.0,1.0,0.5,3,0.7500000020608765,0.25,0.25,0.5,0.0,3072,3072,6144,0,2.1808178424835205,0.5638878345489502,1.1077803373336792,1.373477578163147,2.193063259124756,bottleneck_ae,32,nan,nan,,nan,nan,65536,10,0.6050253957509995,0.5990457218140364,nan,16.134808858235676,0.5042127768198649
20260623,sae_l1_4x,393216,False,,1.1808927059173584,0.03125,0.09375,0.03125,0.8125,0.6368979998630601,0.0,0.0,1.0,2.0,2.0,0.75,2,0.40563905424694935,0.75,0.0,0.0,0.25,9216,0,0,3072,1.8507075309753418,0.4296741485595703,0.7839177846908569,1.0876336097717285,2.0032856464385986,sae,512,512,4,l1,nan,0.0001,65536,10,0.013586027664132416,0.012656300008529797,nan,258.67170969645184,0.5052181830008825
20260623,sae_topk_4x,393216,False,,1.1808927059173584,0.03125,0.09375,0.03125,0.8125,0.5944996792844802,0.00010827032991343459,0.03589249511220793,0.9149576822916666,2.0,1.6598308086395264,0.6649577021598816,4,0.6386821245024505,0.035888671875,0.6649577021598816,0.25,0.0491536445915699,441,8171,3072,604,1.0026183128356934,1.305058240890503,3.540515899658203e-05,0.02361878752708435,0.3621619939804077,sae,512,512,4,topk,8,nan,65536,10,0.1314397882670164,0.12718680376807848,nan,8.0,0.015625
20260623,sae_l1_8x,393216,False,,1.1808927059173584,0.03125,0.09375,0.03125,0.8125,0.8660254037844386,0.0,0.0,1.0,3.0,1.0,0.5,3,0.7500000020608765,0.5,0.25,0.25,0.0,6144,3072,3072,0,2.0505402088165283,0.7087252140045166,1.0385353565216064,1.2864761352539062,1.988436222076416,sae,1024,1024,8,l1,nan,0.0001,65536,10,0.0035732410178752616,0.0033719278580974787,nan,519.3726959228516,0.5071998983621597
20260623,sae_topk_8x,393216,False,,1.1808927059173584,0.03125,0.09375,0.03125,0.8125,0.6119812585714579,2.94702086022718e-05,0.0013006222012961071,0.9749348958333334,2.0,1.8997395038604736,0.7249348759651184,3,0.484863034349553,0.0,0.25,0.7249348759651184,0.02506510354578495,0,3072,8908,308,2.0312483310699463,2.1954987049102783,9.369850158691406e-05,0.04754304885864258,1.126590371131897,sae,1024,1024,8,topk,8,nan,65536,10,0.03202789952047169,0.03136914310744032,nan,8.0,0.0078125
20260625,all_position,393216,False,,1.1808927059173584,0.03125,0.09375,0.03125,0.8125,0.7071067811865476,0.0,0.0,1.0,2.0,1.0,0.5,2,0.5000000013739176,0.5,0.5,0.0,0.0,6144,6144,0,0,2.441833734512329,0.3758906424045563,1.731926679611206,1.9969311952590942,2.343454122543335,,,,,,,,,,,,,,
20260625,route_only,12288,False,,0.0,1.0,0.0,0.0,0.0,1.0,0.0,0.0,1.0,4.0,0.0,0.25,4,1.0000000027478353,0.25,0.25,0.25,0.25,3072,3072,3072,3072,6.169723987579346,0.07343411445617676,5.9086503982543945,6.0462751388549805,6.171623229980469,,,,,,,,,,,,,,
20260625,slot_offset_3,12288,False,,0.0,1.0,0.0,0.0,0.0,1.0,0.0,0.0,1.0,4.0,0.0,0.25,4,1.0000000027478353,0.25,0.25,0.25,0.25,3072,3072,3072,3072,6.169723987579346,0.07343411445617676,5.9086503982543945,6.0462751388549805,6.171623229980469,,,,,,,,,,,,,,
20260625,selector_stability_top1_position,12288,False,3,0.9182958602905273,0.0,0.3333333333333333,0.0,0.6666666666666666,0.627114639198864,2.7507432001436544e-06,0.0003427038506727943,0.9769694010416667,2.0,1.0908203125,0.522705078125,2,0.49925600442628515,0.0,0.522705078125,0.477294921875,0.0,0,6423,5865,0,0.4613631069660187,0.30753353238105774,7.173418998718262e-05,0.04503297805786133,0.43594491481781006,,,,,,,,,,,,,,
20260625,selector_stability_top3_positions,36864,False,3 4 12,1.22439444065094,0.0,0.3333333333333333,0.0,0.6666666666666666,0.7449555494793105,5.295023784716769e-05,0.0018911665636965988,0.9273274739583334,3.0,0.9928385615348816,0.432861328125,4,0.7822280029887091,0.432861328125,0.0017903646221384406,0.3148600161075592,0.25048828125,5319,22,3869,3078,0.24610108137130737,0.1555241048336029,5.2809715270996094e-05,0.020675748586654663,0.23912382125854492,,,,,,,,,,,,,,
20260625,selector_stability_threshold_positions,73728,False,3 4 12 15 20 23,1.4046785831451416,0.0,0.2222222222222222,0.0,0.6666666666666666,0.5328526682147843,0.00021310043210927713,0.011901397388034958,0.9130045572916667,2.0,1.9827473163604736,0.7456868290901184,4,0.5559634999299773,0.1673177033662796,0.7456868290901184,0.015218098647892475,0.07177734375,2056,9163,187,882,0.5000435709953308,0.41251838207244873,1.0639429092407227e-05,0.017868202179670334,0.4586484730243683,,,,,,,,,,,,,,
20260625,pca_q4,393216,False,,1.1808927059173584,0.03125,0.09375,0.03125,0.8125,0.8660254037844386,0.0,0.0,1.0,3.0,1.0,0.5,3,0.7500000020608765,0.25,0.25,0.0,0.5,3072,3072,0,6144,2.0332367420196533,0.409278929233551,1.149902105331421,1.4230844974517822,2.0197913646698,pca,4,nan,nan,,nan,nan,393216,0,0.914116621017456,0.914116621017456,0.08316506806441468,4.0,1.0
20260625,pca_q8,393216,False,,1.1808927059173584,0.03125,0.09375,0.03125,0.8125,0.6368979998630601,0.0,0.0,1.0,2.0,2.0,0.75,2,0.40563905424694935,0.25,0.0,0.0,0.75,3072,0,0,9216,2.00778865814209,0.915626049041748,0.642891526222229,0.8824435472488403,1.9685914516448975,pca,8,nan,nan,,nan,nan,393216,0,0.8406645655632019,0.8406645655632019,0.15683545560687256,8.0,1.0
20260625,pca_q16,393216,False,,1.1808927059173584,0.03125,0.09375,0.03125,0.8125,0.8660254037844386,0.0,0.0,1.0,3.0,1.0,0.5,3,0.7500000020608765,0.0,0.25,0.25,0.5,0,3072,3072,6144,1.9641376733779907,0.25445428490638733,1.3045098781585693,1.5729109048843384,1.9483380317687988,pca,16,nan,nan,,nan,nan,393216,0,0.7196469306945801,0.7196469306945801,0.27821310444354813,16.0,1.0
20260625,pca_q32,393216,False,,1.1808927059173584,0.03125,0.09375,0.03125,0.8125,0.7071067811865476,0.0,0.0,1.0,2.0,1.0,0.5,2,0.5000000013739176,0.5,0.0,0.0,0.5,6144,0,0,6144,2.1051149368286133,0.45753446221351624,1.15791916847229,1.47347891330719,2.0292840003967285,pca,32,nan,nan,,nan,nan,393216,0,0.5310643911361694,0.5310643911361694,0.4673562987104714,32.0,1.0
20260625,bottleneck_ae_q4,393216,False,,1.1808927059173584,0.03125,0.09375,0.03125,0.8125,0.8660254037844386,0.0,0.0,1.0,3.0,1.0,0.5,3,0.7500000020608765,0.5,0.0,0.25,0.25,6144,0,3072,3072,1.5891265869140625,0.2722511291503906,0.9064308404922485,1.1714348793029785,1.6004687547683716,bottleneck_ae,4,nan,nan,,nan,nan,65536,10,0.9774954654276371,0.975446750720342,nan,1.997479756673177,0.49936993916829425
20260625,bottleneck_ae_q8,393216,False,,1.1808927059173584,0.03125,0.09375,0.03125,0.8125,0.8660254037844386,0.0,0.0,1.0,3.0,1.0,0.5,3,0.7500000020608765,0.25,0.5,0.0,0.25,3072,6144,0,3072,1.9515568017959595,0.4987489879131317,0.8433914184570312,1.1770071983337402,2.075373411178589,bottleneck_ae,8,nan,nan,,nan,nan,65536,10,0.9170294627547264,0.9139433285842339,nan,3.8305842081705728,0.4788230260213216
20260625,bottleneck_ae_q16,393216,False,,1.1808927059173584,0.03125,0.09375,0.03125,0.8125,0.8660254037844386,0.0,0.0,1.0,3.0,1.0,0.5,3,0.7500000020608765,0.5,0.25,0.0,0.25,6144,3072,0,3072,1.8707590103149414,0.6866183876991272,0.3481311798095703,0.6154273152351379,2.2157819271087646,bottleneck_ae,16,nan,nan,,nan,nan,65536,10,0.7999580837786198,0.7951069002350172,nan,8.26764170328776,0.516727606455485
20260625,bottleneck_ae_q32,393216,False,,1.1808927059173584,0.03125,0.09375,0.03125,0.8125,0.6368979998630601,0.0,0.0,1.0,2.0,2.0,0.75,2,0.40563905424694935,0.75,0.25,0.0,0.0,9216,3072,0,0,1.7416144609451294,0.6113829016685486,0.46292006969451904,0.8070385456085205,1.7426738739013672,bottleneck_ae,32,nan,nan,,nan,nan,65536,10,0.6008084490895271,0.5954480146368345,nan,15.89496103922526,0.49671753247578937
20260625,sae_l1_4x,393216,False,,1.1808927059173584,0.03125,0.09375,0.03125,0.8125,0.8660254037844386,0.0,0.0,1.0,3.0,1.0,0.5,3,0.7500000020608765,0.25,0.5,0.25,0.0,3072,6144,3072,0,1.7859292030334473,0.753119170665741,0.22180819511413574,0.4896780252456665,2.0175952911376953,sae,512,512,4,l1,nan,0.0001,65536,10,0.013404809636995196,0.01250910478605268,nan,259.52905019124347,0.5068926761547724
20260625,sae_topk_4x,393216,False,,1.1808927059173584,0.03125,0.09375,0.03125,0.8125,0.6787603023891917,2.946262393835324e-05,0.00017872196905275312,0.9041341145833333,3.0,1.3834636211395264,0.5958659052848816,3,0.680473607692474,0.1542154997587204,0.5958659052848816,0.2499186247587204,0.0,1895,7322,3071,0,0.514980673789978,0.4190175533294678,3.337860107421875e-06,0.019028663635253906,0.4080398678779602,sae,512,512,4,topk,8,nan,65536,10,0.13033964671194553,0.12623653723858297,nan,8.0,0.015625
20260625,sae_l1_8x,393216,False,,1.1808927059173584,0.03125,0.09375,0.03125,0.8125,0.8660254037844386,0.0,0.0,1.0,3.0,1.0,0.5,3,0.7500000020608765,0.5,0.25,0.25,0.0,6144,3072,3072,0,2.574901819229126,0.40017837285995483,1.8322948217391968,2.158689260482788,2.4124271869659424,sae,1024,1024,8,l1,nan,0.0001,65536,10,0.00354352846625261,0.003358743155937797,nan,519.5708338419596,0.5073933924237887
20260625,sae_topk_8x,393216,False,,1.1808927059173584,0.03125,0.09375,0.03125,0.8125,0.6368979998630601,0.0,0.0,1.0,2.0,2.0,0.75,2,0.40563905424694935,0.75,0.0,0.25,0.0,9216,0,3072,0,1.1467417478561401,0.22287572920322418,0.5072334408760071,0.7548314929008484,1.2035433053970337,sae,1024,1024,8,topk,8,nan,65536,10,0.03215573076158762,0.031365800028045975,nan,8.0,0.0078125
20260627,all_position,393216,False,,1.1808927059173584,0.03125,0.09375,0.03125,0.8125,1.0,0.0,0.0,1.0,4.0,0.0,0.25,4,1.0000000027478353,0.25,0.25,0.25,0.25,3072,3072,3072,3072,2.0836949348449707,0.47464701533317566,1.1436853408813477,1.4916561841964722,1.9607340097427368,,,,,,,,,,,,,,
20260627,route_only,12288,False,,0.0,1.0,0.0,0.0,0.0,1.0,0.0,0.0,1.0,4.0,0.0,0.25,4,1.0000000027478353,0.25,0.25,0.25,0.25,3072,3072,3072,3072,6.360918045043945,0.0874946117401123,6.017738342285156,6.232501983642578,6.349949359893799,,,,,,,,,,,,,,
20260627,slot_offset_3,12288,False,,0.0,1.0,0.0,0.0,0.0,1.0,0.0,0.0,1.0,4.0,0.0,0.25,4,1.0000000027478353,0.25,0.25,0.25,0.25,3072,3072,3072,3072,6.360918045043945,0.0874946117401123,6.017738342285156,6.232501983642578,6.349949359893799,,,,,,,,,,,,,,
20260627,selector_stability_top1_position,12288,False,2,0.9182958602905273,0.0,0.3333333333333333,0.0,0.6666666666666666,0.7053652822432803,0.00017158349027279944,0.010271933074219527,0.8968912760416666,3.0,0.8548177480697632,0.4637044370174408,4,0.8679890436506081,0.4637044370174408,0.0576985664665699,0.2615559995174408,0.217041015625,5698,709,3214,2667,0.5788375735282898,0.5274656414985657,3.471970558166504e-06,0.013998061418533325,0.5091999769210815,,,,,,,,,,,,,,
20260627,selector_stability_top3_positions,36864,False,2 10 11,1.22439444065094,0.0,0.3333333333333333,0.0,0.6666666666666666,0.5872632200274843,9.41926298786778e-05,0.004933459061138371,0.8148600260416666,3.0,1.0,0.4525553286075592,3,0.7474771885553699,0.4525553286075592,0.3662109375,0.0,0.1812337189912796,5561,4500,0,2227,0.35146114230155945,0.304289847612381,1.6480684280395508e-05,0.013237431645393372,0.26851367950439453,,,,,,,,,,,,,,
20260627,selector_stability_threshold_positions,73728,False,2 10 11 15 18 19,1.4046785831451416,0.0,0.2777777777777778,0.0,0.6666666666666666,0.5579727654572845,1.6833632005068444e-05,0.01383819628568081,0.9080403645833334,2.0,1.1458332538604736,0.5364583134651184,3,0.6153438208063912,0.0,0.0519205741584301,0.5364583134651184,0.41162109375,0,638,6592,5058,0.18712873756885529,0.12084469944238663,2.2083520889282227e-05,0.017661109566688538,0.17521868646144867,,,,,,,,,,,,,,
20260627,pca_q4,393216,False,,1.1808927059173584,0.03125,0.09375,0.03125,0.8125,0.8660254037844386,0.0,0.0,1.0,3.0,1.0,0.5,3,0.7500000020608765,0.25,0.0,0.5,0.25,3072,0,6144,3072,2.1697514057159424,0.5069262981414795,1.052385926246643,1.3571803569793701,2.332756519317627,pca,4,nan,nan,,nan,nan,393216,0,0.9160031080245972,0.9160031080245972,0.0810119010032472,4.0,1.0
20260627,pca_q8,393216,False,,1.1808927059173584,0.03125,0.09375,0.03125,0.8125,0.7071067811865476,0.0,0.0,1.0,2.0,1.0,0.5,2,0.5000000013739176,0.5,0.0,0.0,0.5,6144,0,0,6144,1.821273684501648,0.4963137209415436,0.7825406789779663,1.0854628086090088,1.8069379329681396,pca,8,nan,nan,,nan,nan,393216,0,0.845245361328125,0.845245361328125,0.1520002097672612,8.0,1.0
20260627,pca_q16,393216,False,,1.1808927059173584,0.03125,0.09375,0.03125,0.8125,0.7071067811865476,0.0,0.0,1.0,2.0,1.0,0.5,2,0.5000000013739176,0.0,0.5,0.5,0.0,0,6144,6144,0,1.745699405670166,0.36608919501304626,1.055959701538086,1.3565151691436768,1.5958588123321533,pca,16,nan,nan,,nan,nan,393216,0,0.723850429058075,0.723850429058075,0.27379088428501175,16.0,1.0
20260627,pca_q32,393216,False,,1.1808927059173584,0.03125,0.09375,0.03125,0.8125,0.8660254037844386,0.0,0.0,1.0,3.0,1.0,0.5,3,0.7500000020608765,0.0,0.25,0.25,0.5,0,3072,3072,6144,1.9061256647109985,0.7697412967681885,0.4651527404785156,0.7040408253669739,2.170517683029175,pca,32,nan,nan,,nan,nan,393216,0,0.5352811217308044,0.5352811217308044,0.46297461337764995,32.0,1.0
20260627,bottleneck_ae_q4,393216,False,,1.1808927059173584,0.03125,0.09375,0.03125,0.8125,0.8660254037844386,0.0,0.0,1.0,3.0,1.0,0.5,3,0.7500000020608765,0.25,0.0,0.5,0.25,3072,0,6144,3072,1.9824503660202026,0.4245811998844147,0.9196181893348694,1.2895461320877075,2.073552131652832,bottleneck_ae,4,nan,nan,,nan,nan,65536,10,0.9886902943253517,0.9858339310934147,nan,2.293726603190104,0.573431650797526
20260627,bottleneck_ae_q8,393216,False,,1.1808927059173584,0.03125,0.09375,0.03125,0.8125,0.8660254037844386,0.0,0.0,1.0,3.0,1.0,0.5,3,0.7500000020608765,0.5,0.0,0.25,0.25,6144,0,3072,3072,2.071237802505493,0.3471601605415344,1.2226076126098633,1.4904086589813232,2.1093344688415527,bottleneck_ae,8,nan,nan,,nan,nan,65536,10,0.9167669788002968,0.9140028916299343,nan,4.2244923909505205,0.5280615488688151
20260627,bottleneck_ae_q16,393216,False,,1.1808927059173584,0.03125,0.09375,0.03125,0.8125,0.8660254037844386,0.0,0.0,1.0,3.0,1.0,0.5,3,0.7500000020608765,0.5,0.25,0.25,0.0,6144,3072,3072,0,2.1516921520233154,0.41477319598197937,1.217529535293579,1.4370275735855103,2.235710382461548,bottleneck_ae,16,nan,nan,,nan,nan,65536,10,0.7950401715934277,0.790326955417792,nan,7.657264709472656,0.478579044342041
20260627,bottleneck_ae_q32,393216,False,,1.1808927059173584,0.03125,0.09375,0.03125,0.8125,0.8660254037844386,0.0,0.0,1.0,3.0,1.0,0.5,3,0.7500000020608765,0.0,0.5,0.25,0.25,0,6144,3072,3072,2.4718899726867676,0.26432639360427856,1.7595044374465942,2.122617483139038,2.426985025405884,bottleneck_ae,32,nan,nan,,nan,nan,65536,10,0.6052475981414318,0.5993884565929571,nan,15.880907694498697,0.4962783654530843
20260627,sae_l1_4x,393216,False,,1.1808927059173584,0.03125,0.09375,0.03125,0.8125,0.6368979998630601,0.0,0.0,1.0,2.0,2.0,0.75,2,0.40563905424694935,0.0,0.0,0.25,0.75,0,0,3072,9216,1.8800266981124878,1.0645840167999268,0.40307140350341797,0.5993449091911316,2.648226022720337,sae,512,512,4,l1,nan,0.0001,65536,10,0.013490777113474905,0.012588908032436544,nan,258.15335337320965,0.5042057683070501
20260627,sae_topk_4x,393216,False,,1.1808927059173584,0.03125,0.09375,0.03125,0.8125,0.3997841211812525,3.605485619156729e-05,0.0020925162105599987,0.9300130208333334,2.0,2.2799479961395264,0.8199869990348816,2,0.3400527394141511,0.0,0.0,0.8199869990348816,0.1800130158662796,0,0,10076,2212,0.6941527724266052,0.500859797000885,6.186962127685547e-05,0.03190040588378906,0.6292453408241272,sae,512,512,4,topk,8,nan,65536,10,0.13011975307017565,0.12621702331428727,nan,8.0,0.015625
20260627,sae_l1_8x,393216,False,,1.1808927059173584,0.03125,0.09375,0.03125,0.8125,0.6368979998630601,0.0,0.0,1.0,2.0,2.0,0.75,2,0.40563905424694935,0.0,0.75,0.25,0.0,0,9216,3072,0,1.3902219533920288,0.6557613611221313,0.29967838525772095,0.5890712738037109,1.222967267036438,sae,1024,1024,8,l1,nan,0.0001,65536,10,0.0035283740726299584,0.0033190502169115157,nan,516.6709874471029,0.5045615111788114
20260627,sae_topk_8x,393216,False,,1.1808927059173584,0.03125,0.09375,0.03125,0.8125,0.6630246316989548,7.410396373422204e-05,0.0002670440995855662,0.9276529947916666,3.0,1.2893879413604736,0.5723469853401184,3,0.706241123336308,0.0,0.5723469853401184,0.21533203125,0.2123209685087204,0,7033,2646,2609,0.5756309628486633,0.5841548442840576,8.225440979003906e-06,0.01870042085647583,0.34862586855888367,sae,1024,1024,8,topk,8,nan,65536,10,0.031802565907128155,0.031045557717637468,nan,8.0,0.0078125
20260629,all_position,393216,False,,1.1808927059173584,0.03125,0.09375,0.03125,0.8125,0.8660254037844386,0.0,0.0,1.0,3.0,1.0,0.5,3,0.7500000020608765,0.25,0.0,0.25,0.5,3072,0,3072,6144,2.0719807147979736,0.647153377532959,0.5898095965385437,0.8588082790374756,2.3993475437164307,,,,,,,,,,,,,,
20260629,route_only,12288,False,,0.0,1.0,0.0,0.0,0.0,1.0,0.0,0.0,1.0,4.0,0.0,0.25,4,1.0000000027478353,0.25,0.25,0.25,0.25,3072,3072,3072,3072,6.410549163818359,0.16195569932460785,5.980851650238037,6.181828498840332,6.394216060638428,,,,,,,,,,,,,,
20260629,slot_offset_3,12288,False,,0.0,1.0,0.0,0.0,0.0,1.0,0.0,0.0,1.0,4.0,0.0,0.25,4,1.0000000027478353,0.25,0.25,0.25,0.25,3072,3072,3072,3072,6.410549163818359,0.16195569932460785,5.980851650238037,6.181828498840332,6.394216060638428,,,,,,,,,,,,,,
20260629,selector_stability_top1_position,12288,False,6,0.9182958602905273,0.0,0.0,0.3333333333333333,0.6666666666666666,0.7071067811865476,0.0,0.0,1.0,2.0,1.0,0.5,2,0.5000000013739176,0.5,0.5,0.0,0.0,6144,6144,0,0,0.5733454823493958,0.11559517681598663,0.13320034742355347,0.37595659494400024,0.5776389837265015,,,,,,,,,,,,,,
20260629,selector_stability_top3_positions,36864,False,6 11 12,1.4466166496276855,0.0,0.2222222222222222,0.1111111111111111,0.6666666666666666,0.985472828402289,3.440372018046445e-06,6.068596539909125e-05,0.9962565104166667,4.0,0.013671875,0.25341796875,4,0.9999662941482662,0.24658203125,0.25,0.25341796875,0.25,3030,3072,3114,3072,0.49859604239463806,0.24719393253326416,0.0012117624282836914,0.14194858074188232,0.49264979362487793,,,,,,,,,,,,,,
20260629,selector_stability_threshold_positions,73728,False,6 11 12 19 7 14,1.5577278137207031,0.0,0.16666666666666666,0.1111111111111111,0.6666666666666666,0.7343772808942371,2.6635354645722533e-05,0.0018401965752804625,0.9331868489583334,3.0,1.0,0.5,4,0.7509785833442859,0.3104654848575592,0.003173828125,0.1863606721162796,0.5,3815,39,2290,6144,0.3909851014614105,0.2676406800746918,5.0067901611328125e-05,0.023693621158599854,0.3865990936756134,,,,,,,,,,,,,,
20260629,pca_q4,393216,False,,1.1808927059173584,0.03125,0.09375,0.03125,0.8125,1.0,0.0,0.0,1.0,4.0,0.0,0.25,4,1.0000000027478353,0.25,0.25,0.25,0.25,3072,3072,3072,3072,2.762382745742798,0.6183394193649292,1.6048728227615356,1.9366998672485352,2.8659989833831787,pca,4,nan,nan,,nan,nan,393216,0,0.9153034687042236,0.9153034687042236,0.08249670426773803,4.0,1.0
20260629,pca_q8,393216,False,,1.1808927059173584,0.03125,0.09375,0.03125,0.8125,1.0,0.0,0.0,1.0,4.0,0.0,0.25,4,1.0000000027478353,0.25,0.25,0.25,0.25,3072,3072,3072,3072,2.221588373184204,0.8793774247169495,0.9793416261672974,1.2556421756744385,1.9937540292739868,pca,8,nan,nan,,nan,nan,393216,0,0.8434520959854126,0.8434520959854126,0.15452086639894536,8.0,1.0
20260629,pca_q16,393216,False,,1.1808927059173584,0.03125,0.09375,0.03125,0.8125,1.0,0.0,0.0,1.0,4.0,0.0,0.25,4,1.0000000027478353,0.25,0.25,0.25,0.25,3072,3072,3072,3072,2.404587984085083,0.5283125638961792,1.4540700912475586,1.7233834266662598,2.5749785900115967,pca,16,nan,nan,,nan,nan,393216,0,0.7227421998977661,0.7227421998977661,0.27552073764656787,16.0,1.0
20260629,pca_q32,393216,False,,1.1808927059173584,0.03125,0.09375,0.03125,0.8125,0.8660254037844386,0.0,0.0,1.0,3.0,1.0,0.5,3,0.7500000020608765,0.0,0.5,0.25,0.25,0,6144,3072,3072,1.942270278930664,0.2973003089427948,1.1661880016326904,1.411447525024414,2.006392478942871,pca,32,nan,nan,,nan,nan,393216,0,0.5338115692138672,0.5338115692138672,0.46490553727829426,32.0,1.0
20260629,bottleneck_ae_q4,393216,False,,1.1808927059173584,0.03125,0.09375,0.03125,0.8125,0.8660254037844386,0.0,0.0,1.0,3.0,1.0,0.5,3,0.7500000020608765,0.25,0.25,0.0,0.5,3072,3072,0,6144,1.6711231470108032,0.7966620326042175,0.08572375774383545,0.3783732056617737,1.8247441053390503,bottleneck_ae,4,nan,nan,,nan,nan,65536,10,0.9882529266178608,0.9854856903354327,nan,1.984362284342448,0.496090571085612
20260629,bottleneck_ae_q8,393216,False,,1.1808927059173584,0.03125,0.09375,0.03125,0.8125,1.0,0.0,0.0,1.0,4.0,0.0,0.25,4,1.0000000027478353,0.25,0.25,0.25,0.25,3072,3072,3072,3072,2.296410322189331,0.751530110836029,1.1703921556472778,1.407050371170044,2.205446243286133,bottleneck_ae,8,nan,nan,,nan,nan,65536,10,0.9152572080492973,0.9119282762209574,nan,4.2588653564453125,0.5323581695556641
20260629,bottleneck_ae_q16,393216,False,,1.1808927059173584,0.03125,0.09375,0.03125,0.8125,0.8660254037844386,0.0,0.0,1.0,3.0,1.0,0.5,3,0.7500000020608765,0.0,0.25,0.5,0.25,0,3072,6144,3072,1.9122705459594727,0.22421663999557495,1.4118702411651611,1.6370316743850708,1.8380126953125,bottleneck_ae,16,nan,nan,,nan,nan,65536,10,0.8002520091831684,0.7958668644229571,nan,8.016578674316406,0.5010361671447754
20260629,bottleneck_ae_q32,393216,False,,1.1808927059173584,0.03125,0.09375,0.03125,0.8125,0.8660254037844386,0.0,0.0,1.0,3.0,1.0,0.5,3,0.7500000020608765,0.25,0.0,0.25,0.5,3072,0,3072,6144,2.239441156387329,0.9889337420463562,0.21212685108184814,0.4737175703048706,2.673922061920166,bottleneck_ae,32,nan,nan,,nan,nan,65536,10,0.5978822112083435,0.5926318777104219,nan,16.08673858642578,0.5027105808258057
20260629,sae_l1_4x,393216,False,,1.1808927059173584,0.03125,0.09375,0.03125,0.8125,0.8660254037844386,0.0,0.0,1.0,3.0,1.0,0.5,3,0.7500000020608765,0.25,0.25,0.5,0.0,3072,3072,6144,0,2.176692247390747,0.8370595574378967,0.3910820484161377,0.6699774861335754,2.556363344192505,sae,512,512,4,l1,nan,0.0001,65536,10,0.01360187417594716,0.012628594578321403,nan,258.84403228759766,0.5055547505617142
20260629,sae_topk_4x,393216,False,,1.1808927059173584,0.03125,0.09375,0.03125,0.8125,0.6368979998630601,0.0,0.0,1.0,2.0,2.0,0.75,2,0.40563905424694935,0.25,0.0,0.75,0.0,3072,0,9216,0,2.610399007797241,2.4094719886779785,0.4456554651260376,0.718405544757843,1.447398066520691,sae,512,512,4,topk,8,nan,65536,10,0.13061889167875051,0.12624603036480644,nan,8.0,0.015625
20260629,sae_l1_8x,393216,False,,1.1808927059173584,0.03125,0.09375,0.03125,0.8125,0.8660254037844386,0.0,0.0,1.0,3.0,1.0,0.5,3,0.7500000020608765,0.0,0.25,0.5,0.25,0,3072,6144,3072,2.0391194820404053,0.9751940965652466,0.2628519833087921,0.5246200561523438,2.099104881286621,sae,1024,1024,8,l1,nan,0.0001,65536,10,0.0035485217085806653,0.0033612439316736222,nan,516.8913879394531,0.5047767460346222
20260629,sae_topk_8x,393216,False,,1.1808927059173584,0.03125,0.09375,0.03125,0.8125,0.6368979998630601,0.0,0.0,1.0,2.0,2.0,0.75,2,0.40563905424694935,0.75,0.0,0.25,0.0,9216,0,3072,0,1.008657455444336,0.5786970257759094,0.12774229049682617,0.3067254424095154,0.9275872707366943,sae,1024,1024,8,topk,8,nan,65536,10,0.03239557263441384,0.03153519378975034,nan,8.0,0.0078125
20260624,all_position,393216,False,,1.1808927059173584,0.03125,0.09375,0.03125,0.8125,0.7071067811865476,0.0,0.0,1.0,2.0,1.0,0.5,2,0.5000000013739176,0.0,0.5,0.0,0.5,0,6144,0,6144,1.9410563707351685,0.3461603820323944,1.0297796726226807,1.2999458312988281,2.0762720108032227,,,,,,,,,,,,,,
20260624,route_only,12288,False,,0.0,1.0,0.0,0.0,0.0,1.0,0.0,0.0,1.0,4.0,0.0,0.25,4,1.0000000027478353,0.25,0.25,0.25,0.25,3072,3072,3072,3072,5.234182834625244,0.5112884640693665,4.593471527099609,4.8235087394714355,4.980808258056641,,,,,,,,,,,,,,
20260624,slot_offset_3,12288,False,,0.0,1.0,0.0,0.0,0.0,1.0,0.0,0.0,1.0,4.0,0.0,0.25,4,1.0000000027478353,0.25,0.25,0.25,0.25,3072,3072,3072,3072,5.234182834625244,0.5112884640693665,4.593471527099609,4.8235087394714355,4.980808258056641,,,,,,,,,,,,,,
20260624,selector_stability_top1_position,12288,False,6,0.9182958602905273,0.0,0.0,0.3333333333333333,0.6666666666666666,0.7605055368081708,3.4040893868092235e-05,0.011309482728684903,0.9524739583333334,3.0,1.0,0.5,3,0.7434428195314302,0.2975260317325592,0.2024739533662796,0.5,0.0,3656,2488,6144,0,0.7874227166175842,0.41760149598121643,9.417533874511719e-06,0.0435539186000824,0.909673810005188,,,,,,,,,,,,,,
20260624,selector_stability_top3_positions,36864,False,6 18 22,1.22439444065094,0.0,0.1111111111111111,0.2222222222222222,0.6666666666666666,0.7194875911140828,0.00011601167926753465,0.025257457400755624,0.9137369791666666,3.0,0.8990885615348816,0.4735514223575592,4,0.8120313065133523,0.4735514223575592,0.02522786520421505,0.31103515625,0.190185546875,5819,310,3822,2337,0.662484884262085,0.5427642464637756,2.181529998779297e-05,0.023677676916122437,0.8509906530380249,,,,,,,,,,,,,,
20260624,selector_stability_threshold_positions,73728,False,6 18 22 23 7 13,1.5577278137207031,0.05555555555555555,0.05555555555555555,0.1111111111111111,0.6666666666666666,0.7071067811865476,0.0,0.0,1.0,2.0,1.0,0.5,2,0.5000000013739176,0.0,0.5,0.5,0.0,0,6144,6144,0,2.4601891040802,0.7493727803230286,1.1934752464294434,1.4152988195419312,2.5793964862823486,,,,,,,,,,,,,,
20260624,pca_q4,393216,False,,1.1808927059173584,0.03125,0.09375,0.03125,0.8125,0.8660254037844386,0.0,0.0,1.0,3.0,1.0,0.5,3,0.7500000020608765,0.0,0.25,0.5,0.25,0,3072,6144,3072,1.9418859481811523,0.6239650249481201,0.8981290459632874,1.0940141677856445,1.8769749402999878,pca,4,nan,nan,,nan,nan,393216,0,0.911841094493866,0.911841094493866,0.0852739710055778,4.0,1.0
20260624,pca_q8,393216,False,,1.1808927059173584,0.03125,0.09375,0.03125,0.8125,0.8660254037844386,0.0,0.0,1.0,3.0,1.0,0.5,3,0.7500000020608765,0.0,0.5,0.25,0.25,0,6144,3072,3072,2.5713281631469727,0.5347486734390259,1.6923794746398926,1.93114173412323,2.419302463531494,pca,8,nan,nan,,nan,nan,393216,0,0.8408715128898621,0.8408715128898621,0.1564680734178414,8.0,1.0
20260624,pca_q16,393216,False,,1.1808927059173584,0.03125,0.09375,0.03125,0.8125,0.8660254037844386,0.0,0.0,1.0,3.0,1.0,0.5,3,0.7500000020608765,0.25,0.5,0.0,0.25,3072,6144,0,3072,2.4120829105377197,0.5284765958786011,1.45750093460083,1.7808657884597778,2.2319488525390625,pca,16,nan,nan,,nan,nan,393216,0,0.7208986282348633,0.7208986282348633,0.2768205341123089,16.0,1.0
20260624,pca_q32,393216,False,,1.1808927059173584,0.03125,0.09375,0.03125,0.8125,0.6368979998630601,0.0,0.0,1.0,2.0,2.0,0.75,2,0.40563905424694935,0.75,0.0,0.25,0.0,9216,0,3072,0,2.3478517532348633,0.824208676815033,0.9538682699203491,1.162867784500122,2.2862436771392822,pca,32,nan,nan,,nan,nan,393216,0,0.5327900648117065,0.5327900648117065,0.4655243699323977,32.0,1.0
20260624,bottleneck_ae_q4,393216,False,,1.1808927059173584,0.03125,0.09375,0.03125,0.8125,0.8660254037844386,0.0,0.0,1.0,3.0,1.0,0.5,3,0.7500000020608765,0.25,0.0,0.25,0.5,3072,0,3072,6144,2.277029275894165,0.2701621353626251,1.7115229368209839,1.9539704322814941,2.1863443851470947,bottleneck_ae,4,nan,nan,,nan,nan,65536,10,0.9874192848801613,0.9843702626725038,nan,2.2785771687825522,0.5696442921956381
20260624,bottleneck_ae_q8,393216,False,,1.1808927059173584,0.03125,0.09375,0.03125,0.8125,0.6368979998630601,0.0,0.0,1.0,2.0,2.0,0.75,2,0.40563905424694935,0.0,0.25,0.0,0.75,0,3072,0,9216,1.2747206687927246,0.29276731610298157,0.45351189374923706,0.7851594090461731,1.270751714706421,bottleneck_ae,8,nan,nan,,nan,nan,65536,10,0.9140731394290924,0.9110141104708115,nan,3.9446131388346353,0.4930766423543294
20260624,bottleneck_ae_q16,393216,False,,1.1808927059173584,0.03125,0.09375,0.03125,0.8125,0.6368979998630601,0.0,0.0,1.0,2.0,2.0,0.75,2,0.40563905424694935,0.0,0.0,0.75,0.25,0,0,9216,3072,2.198716878890991,0.24912208318710327,1.5121097564697266,1.7538284063339233,2.2577316761016846,bottleneck_ae,16,nan,nan,,nan,nan,65536,10,0.7940911874175072,0.7899123653769493,nan,7.957201639811198,0.4973251024881999
20260624,bottleneck_ae_q32,393216,False,,1.1808927059173584,0.03125,0.09375,0.03125,0.8125,0.6368979998630601,0.0,0.0,1.0,2.0,2.0,0.75,2,0.40563905424694935,0.25,0.0,0.0,0.75,3072,0,0,9216,2.136815071105957,0.3610047996044159,1.2335898876190186,1.4873073101043701,2.2526535987854004,bottleneck_ae,32,nan,nan,,nan,nan,65536,10,0.5999603345990181,0.5947190790126721,nan,15.861867268880209,0.49568335215250653
20260624,sae_l1_4x,393216,False,,1.1808927059173584,0.03125,0.09375,0.03125,0.8125,0.7071067811865476,0.0,0.0,1.0,2.0,1.0,0.5,2,0.5000000013739176,0.5,0.5,0.0,0.0,6144,6144,0,0,2.0443484783172607,0.6586584448814392,0.857164204120636,1.2273623943328857,1.8669555187225342,sae,512,512,4,l1,nan,0.0001,65536,10,0.013522037072107196,0.012604473391547799,nan,257.76338450113934,0.5034441103537878
20260624,sae_topk_4x,393216,False,,1.1808927059173584,0.03125,0.09375,0.03125,0.8125,0.55842310157265,3.692796855635015e-05,0.07506362063674761,0.9166666666666666,2.0,1.998046875,0.74951171875,3,0.5209142955973912,0.083251953125,0.167236328125,0.74951171875,0.0,1023,2055,9210,0,1.9633513689041138,2.5495169162750244,5.844235420227051e-05,0.04976990818977356,0.8538367748260498,sae,512,512,4,topk,8,nan,65536,10,0.1316589843481779,0.1275628002670904,nan,8.0,0.015625
20260624,sae_l1_8x,393216,False,,1.1808927059173584,0.03125,0.09375,0.03125,0.8125,0.8660254037844386,0.0,0.0,1.0,3.0,1.0,0.5,3,0.7500000020608765,0.0,0.5,0.25,0.25,0,6144,3072,3072,1.605201244354248,0.7018534541130066,0.5479679107666016,0.8027313351631165,1.6065140962600708,sae,1024,1024,8,l1,nan,0.0001,65536,10,0.0035263913305243477,0.0033401829399129688,nan,516.5608927408854,0.5044539968172709
20260624,sae_topk_8x,393216,False,,1.1808927059173584,0.03125,0.09375,0.03125,0.8125,0.8112910144040304,1.020148137495117e-05,2.808183316009088e-06,0.9786783854166666,3.0,1.0,0.4786783754825592,3,0.7596901065497652,0.0,0.4786783754825592,0.25,0.2713216245174408,0,5882,3072,3334,1.653395175933838,1.5353718996047974,0.00021827220916748047,0.06398665904998779,1.1571775674819946,sae,1024,1024,8,topk,8,nan,65536,10,0.03317869594320655,0.032243890571407974,nan,8.0,0.0078125
20260626,all_position,393216,False,,1.1808927059173584,0.03125,0.09375,0.03125,0.8125,0.8660254037844386,0.0,0.0,1.0,3.0,1.0,0.5,3,0.7500000020608765,0.0,0.25,0.5,0.25,0,3072,6144,3072,1.7854820489883423,0.48621585965156555,0.9364074468612671,1.1998851299285889,1.7978745698928833,,,,,,,,,,,,,,
20260626,route_only,12288,False,,0.0,1.0,0.0,0.0,0.0,1.0,0.0,0.0,1.0,4.0,0.0,0.25,4,1.0000000027478353,0.25,0.25,0.25,0.25,3072,3072,3072,3072,5.8506951332092285,0.17678774893283844,5.4589152336120605,5.630176067352295,5.804454803466797,,,,,,,,,,,,,,
20260626,slot_offset_3,12288,False,,0.0,1.0,0.0,0.0,0.0,1.0,0.0,0.0,1.0,4.0,0.0,0.25,4,1.0000000027478353,0.25,0.25,0.25,0.25,3072,3072,3072,3072,5.8506951332092285,0.17678774893283844,5.4589152336120605,5.630176067352295,5.804454803466797,,,,,,,,,,,,,,
20260626,selector_stability_top1_position,12288,False,3,0.9182958602905273,0.0,0.3333333333333333,0.0,0.6666666666666666,0.6749854916804856,7.097237775000583e-05,0.007861013288039457,0.9086100260416666,2.0,1.0,0.5,3,0.6715302518736317,0.5,0.0913899764418602,0.0,0.4086100161075592,6144,1123,0,5021,0.3926282823085785,0.21172118186950684,2.771615982055664e-05,0.02515995502471924,0.4318944215774536,,,,,,,,,,,,,,
20260626,selector_stability_top3_positions,36864,False,3 19 20,1.22439444065094,0.0,0.3333333333333333,0.0,0.6666666666666666,0.6960600210779606,8.969500531609022e-05,0.0015904122773881544,0.9945475260416666,2.0,1.0,0.5,3,0.5216835739947006,0.0054524741135537624,0.5,0.0,0.4945475161075592,67,6144,0,6077,0.5797454714775085,0.3727107346057892,0.00027561187744140625,0.09881669282913208,0.4802630543708801,,,,,,,,,,,,,,
20260626,selector_stability_threshold_positions,73728,False,3 19 20 7 11 22,1.5157897472381592,0.0,0.2222222222222222,0.05555555555555555,0.6666666666666666,0.6906424489027193,9.59799943839192e-05,0.010726845663104626,0.9903157552083334,2.0,1.0,0.5,3,0.5344699681383979,0.4903157651424408,0.0,0.009684245102107525,0.5,6025,0,119,6144,0.4498535692691803,0.15461549162864685,0.0002244412899017334,0.14290019869804382,0.4713101387023926,,,,,,,,,,,,,,
20260626,pca_q4,393216,False,,1.1808927059173584,0.03125,0.09375,0.03125,0.8125,0.6368979998630601,0.0,0.0,1.0,2.0,2.0,0.75,2,0.40563905424694935,0.75,0.0,0.0,0.25,9216,0,0,3072,2.2212440967559814,0.3838076889514923,1.423694133758545,1.6233763694763184,2.234626293182373,pca,4,nan,nan,,nan,nan,393216,0,0.9132096767425537,0.9132096767425537,0.08394710362244495,4.0,1.0
20260626,pca_q8,393216,False,,1.1808927059173584,0.03125,0.09375,0.03125,0.8125,0.6368979998630601,0.0,0.0,1.0,2.0,2.0,0.75,2,0.40563905424694935,0.25,0.75,0.0,0.0,3072,9216,0,0,2.461702585220337,0.6372379660606384,1.4407408237457275,1.7440770864486694,2.4265425205230713,pca,8,nan,nan,,nan,nan,393216,0,0.8411799669265747,0.8411799669265747,0.1562010633921888,8.0,1.0
20260626,pca_q16,393216,False,,1.1808927059173584,0.03125,0.09375,0.03125,0.8125,0.8660254037844386,0.0,0.0,1.0,3.0,1.0,0.5,3,0.7500000020608765,0.0,0.5,0.25,0.25,0,6144,3072,3072,2.426462173461914,0.6835443377494812,1.1042348146438599,1.4143630266189575,2.443950891494751,pca,16,nan,nan,,nan,nan,393216,0,0.7189668416976929,0.7189668416976929,0.2787946946379588,16.0,1.0
20260626,pca_q32,393216,False,,1.1808927059173584,0.03125,0.09375,0.03125,0.8125,0.8660254037844386,0.0,0.0,1.0,3.0,1.0,0.5,3,0.7500000020608765,0.0,0.25,0.25,0.5,0,3072,3072,6144,2.1280133724212646,0.2247360497713089,1.416989803314209,1.751265287399292,2.1538074016571045,pca,32,nan,nan,,nan,nan,393216,0,0.5321005582809448,0.5321005582809448,0.46624276862221775,32.0,1.0
20260626,bottleneck_ae_q4,393216,False,,1.1808927059173584,0.03125,0.09375,0.03125,0.8125,0.6368979998630601,0.0,0.0,1.0,2.0,2.0,0.75,2,0.40563905424694935,0.0,0.75,0.25,0.0,0,9216,3072,0,2.1151504516601562,0.8456839323043823,0.8955932855606079,1.1581141948699951,2.65975022315979,bottleneck_ae,4,nan,nan,,nan,nan,65536,10,0.9850965589284897,0.9823274407535791,nan,1.9615987141927083,0.49039967854817706
20260626,bottleneck_ae_q8,393216,False,,1.1808927059173584,0.03125,0.09375,0.03125,0.8125,0.6368979998630601,0.0,0.0,1.0,2.0,2.0,0.75,2,0.40563905424694935,0.0,0.0,0.75,0.25,0,0,9216,3072,2.120408773422241,1.1077924966812134,0.42720556259155273,0.7786481976509094,1.9160573482513428,bottleneck_ae,8,nan,nan,,nan,nan,65536,10,0.9160016663372517,0.9123581182211637,nan,3.890619913736979,0.4863274892171224
20260626,bottleneck_ae_q16,393216,False,,1.1808927059173584,0.03125,0.09375,0.03125,0.8125,0.8660254037844386,0.0,0.0,1.0,3.0,1.0,0.5,3,0.7500000020608765,0.0,0.5,0.25,0.25,0,6144,3072,3072,2.1979925632476807,0.6471858620643616,1.163345456123352,1.4133881330490112,2.1886515617370605,bottleneck_ae,16,nan,nan,,nan,nan,65536,10,0.7931874543428421,0.7885573394596577,nan,8.288136800130209,0.5180085500081381
20260626,bottleneck_ae_q32,393216,False,,1.1808927059173584,0.03125,0.09375,0.03125,0.8125,0.6368979998630601,0.0,0.0,1.0,2.0,2.0,0.75,2,0.40563905424694935,0.0,0.75,0.0,0.25,0,9216,0,3072,2.4149584770202637,0.28966623544692993,1.6496312618255615,1.9898874759674072,2.445269823074341,bottleneck_ae,32,nan,nan,,nan,nan,65536,10,0.5983005203306675,0.5933976204444965,nan,15.882062276204428,0.49631444613138836
20260626,sae_l1_4x,393216,False,,1.1808927059173584,0.03125,0.09375,0.03125,0.8125,0.8660254037844386,0.0,0.0,1.0,3.0,1.0,0.5,3,0.7500000020608765,0.25,0.5,0.0,0.25,3072,6144,0,3072,1.8306670188903809,0.5638082027435303,0.7648025155067444,1.0320342779159546,1.814462423324585,sae,512,512,4,l1,nan,0.0001,65536,10,0.013430066173896194,0.0125102864112705,nan,259.5064392089844,0.5068485140800476
20260626,sae_topk_4x,393216,False,,1.1808927059173584,0.03125,0.09375,0.03125,0.8125,0.8200225914930555,3.879261227187727e-06,0.00010979470483750413,0.9834798177083334,3.0,1.0,0.4834798276424408,3,0.7576756737602091,0.25,0.2665201723575592,0.0,0.4834798276424408,3072,3275,0,5941,1.4846972227096558,1.687082290649414,0.0002684183418750763,0.05162926763296127,0.8806694746017456,sae,512,512,4,topk,8,nan,65536,10,0.12838983349502087,0.12383346391531329,nan,8.0,0.015625
20260626,sae_l1_8x,393216,False,,1.1808927059173584,0.03125,0.09375,0.03125,0.8125,0.8660254037844386,0.0,0.0,1.0,3.0,1.0,0.5,3,0.7500000020608765,0.0,0.5,0.25,0.25,0,6144,3072,3072,1.9370836019515991,0.6942800879478455,0.6053006649017334,0.8841992616653442,2.271881103515625,sae,1024,1024,8,l1,nan,0.0001,65536,10,0.0035269944928586483,0.0033500513551795543,nan,516.7109095255533,0.5046004975835482
20260626,sae_topk_8x,393216,False,,1.1808927059173584,0.03125,0.09375,0.03125,0.8125,0.6368979998630601,0.0,0.0,1.0,2.0,2.0,0.75,2,0.40563905424694935,0.75,0.25,0.0,0.0,9216,3072,0,0,2.771721124649048,2.250685453414917,0.19318729639053345,0.3343800902366638,3.1603140830993652,sae,1024,1024,8,topk,8,nan,65536,10,0.03199220448732376,0.03131496663748597,nan,8.0,0.0078125
20260628,all_position,393216,False,,1.1808927059173584,0.03125,0.09375,0.03125,0.8125,1.0,0.0,0.0,1.0,4.0,0.0,0.25,4,1.0000000027478353,0.25,0.25,0.25,0.25,3072,3072,3072,3072,1.5182843208312988,0.5855312347412109,0.8423076272010803,1.0499413013458252,1.2206690311431885,,,,,,,,,,,,,,
20260628,route_only,12288,False,,0.0,1.0,0.0,0.0,0.0,1.0,0.0,0.0,1.0,4.0,0.0,0.25,4,1.0000000027478353,0.25,0.25,0.25,0.25,3072,3072,3072,3072,5.831786632537842,0.507306694984436,5.031111240386963,5.242321491241455,5.952155113220215,,,,,,,,,,,,,,
20260628,slot_offset_3,12288,False,,0.0,1.0,0.0,0.0,0.0,1.0,0.0,0.0,1.0,4.0,0.0,0.25,4,1.0000000027478353,0.25,0.25,0.25,0.25,3072,3072,3072,3072,5.831786632537842,0.507306694984436,5.031111240386963,5.242321491241455,5.952155113220215,,,,,,,,,,,,,,
20260628,selector_stability_top1_position,12288,False,2,0.9182958602905273,0.0,0.3333333333333333,0.0,0.6666666666666666,0.6304444838702239,5.063448957652507e-05,0.00043887059614785835,0.9987792968749999,2.0,1.9983723163604736,0.7495930790901184,3,0.4099105013551035,0.7495930790901184,0.0008138020639307797,0.0,0.2495930939912796,9211,10,0,3067,0.28186655044555664,0.10230200737714767,0.000261843204498291,0.12299185991287231,0.27559155225753784,,,,,,,,,,,,,,
20260628,selector_stability_top3_positions,36864,False,2 4 22,1.4466166496276855,0.0,0.2222222222222222,0.1111111111111111,0.6666666666666666,0.8535644575245646,1.1288244603152492e-06,1.750906221909513e-05,0.9977213541666666,3.0,1.0045573711395264,0.5011393427848816,3,0.7494199905708417,0.5011393427848816,0.2511393129825592,0.0,0.2477213591337204,6158,3086,0,3044,0.4947569668292999,0.30178189277648926,0.0008093416690826416,0.11950725317001343,0.4016631245613098,,,,,,,,,,,,,,
20260628,selector_stability_threshold_positions,73728,False,2 4 22 6 11 14,1.5157897472381592,0.0,0.16666666666666666,0.16666666666666666,0.6666666666666666,0.59871602996385,0.0003157867700581852,0.02006347658860972,0.8743489583333334,2.0,1.0,0.489013671875,3,0.6983772596212687,0.1172688826918602,0.489013671875,0.3937174379825592,0.0,1441,6009,4838,0,0.18583975732326508,0.14482392370700836,1.1622905731201172e-05,0.01416708528995514,0.14446568489074707,,,,,,,,,,,,,,
20260628,pca_q4,393216,False,,1.1808927059173584,0.03125,0.09375,0.03125,0.8125,0.8660254037844386,0.0,0.0,1.0,3.0,1.0,0.5,3,0.7500000020608765,0.25,0.5,0.25,0.0,3072,6144,3072,0,2.426259756088257,0.7250446677207947,1.4037048816680908,1.5771268606185913,2.2486865520477295,pca,4,nan,nan,,nan,nan,393216,0,0.9154056310653687,0.9154056310653687,0.08121561693889955,4.0,1.0
20260628,pca_q8,393216,False,,1.1808927059173584,0.03125,0.09375,0.03125,0.8125,0.8660254037844386,0.0,0.0,1.0,3.0,1.0,0.5,3,0.7500000020608765,0.25,0.0,0.5,0.25,3072,0,6144,3072,1.8369184732437134,0.15089085698127747,1.2964280843734741,1.557356357574463,1.8666024208068848,pca,8,nan,nan,,nan,nan,393216,0,0.8448442220687866,0.8448442220687866,0.15203760391192192,8.0,1.0
20260628,pca_q16,393216,False,,1.1808927059173584,0.03125,0.09375,0.03125,0.8125,0.8660254037844386,0.0,0.0,1.0,3.0,1.0,0.5,3,0.7500000020608765,0.5,0.25,0.0,0.25,6144,3072,0,3072,1.942956805229187,0.3016110062599182,1.313868761062622,1.5495582818984985,1.855315089225769,pca,16,nan,nan,,nan,nan,393216,0,0.724003791809082,0.724003791809082,0.273324188446095,16.0,1.0
20260628,pca_q32,393216,False,,1.1808927059173584,0.03125,0.09375,0.03125,0.8125,0.8660254037844386,0.0,0.0,1.0,3.0,1.0,0.5,3,0.7500000020608765,0.0,0.25,0.5,0.25,0,3072,6144,3072,2.0298497676849365,0.6216608881950378,0.8858380317687988,1.1129240989685059,2.015848159790039,pca,32,nan,nan,,nan,nan,393216,0,0.5356175303459167,0.5356175303459167,0.46240556996616433,32.0,1.0
20260628,bottleneck_ae_q4,393216,False,,1.1808927059173584,0.03125,0.09375,0.03125,0.8125,0.6368979998630601,0.0,0.0,1.0,2.0,2.0,0.75,2,0.40563905424694935,0.0,0.25,0.75,0.0,0,3072,9216,0,1.4304542541503906,0.5604934692382812,0.2065158188343048,0.540344774723053,1.50163996219635,bottleneck_ae,4,nan,nan,,nan,nan,65536,10,0.9872783496975899,0.9845079438139995,nan,1.95855712890625,0.4896392822265625
20260628,bottleneck_ae_q8,393216,False,,1.1808927059173584,0.03125,0.09375,0.03125,0.8125,0.7071067811865476,0.0,0.0,1.0,2.0,1.0,0.5,2,0.5000000013739176,0.5,0.0,0.0,0.5,6144,0,0,6144,1.6608037948608398,0.7948903441429138,0.28421318531036377,0.586910605430603,1.8197379112243652,bottleneck_ae,8,nan,nan,,nan,nan,65536,10,0.9125975482165813,0.9096381099273761,nan,3.8965021769205728,0.4870627721150716
20260628,bottleneck_ae_q16,393216,False,,1.1808927059173584,0.03125,0.09375,0.03125,0.8125,0.7071067811865476,0.0,0.0,1.0,2.0,1.0,0.5,2,0.5000000013739176,0.5,0.0,0.0,0.5,6144,0,0,6144,1.9975420236587524,0.5241984128952026,0.8543035984039307,1.1728219985961914,2.098728895187378,bottleneck_ae,16,nan,nan,,nan,nan,65536,10,0.8032606393098831,0.7983730609218279,nan,8.126983642578125,0.5079364776611328
20260628,bottleneck_ae_q32,393216,False,,1.1808927059173584,0.03125,0.09375,0.03125,0.8125,1.0,0.0,0.0,1.0,4.0,0.0,0.25,4,1.0000000027478353,0.25,0.25,0.25,0.25,3072,3072,3072,3072,2.1308765411376953,0.8287057876586914,0.40334397554397583,0.6371740698814392,2.539415121078491,bottleneck_ae,32,nan,nan,,nan,nan,65536,10,0.603125773370266,0.5986301898956299,nan,15.95470937093099,0.49858466784159344
20260628,sae_l1_4x,393216,False,,1.1808927059173584,0.03125,0.09375,0.03125,0.8125,0.7071067811865476,0.0,0.0,1.0,2.0,1.0,0.5,2,0.5000000013739176,0.0,0.0,0.5,0.5,0,0,6144,6144,2.0255820751190186,0.38489338755607605,1.1233149766921997,1.372927188873291,2.0816779136657715,sae,512,512,4,l1,nan,0.0001,65536,10,0.01346485794056207,0.012558305791268745,nan,259.339360555013,0.5065221885840098
20260628,sae_topk_4x,393216,False,,1.1808927059173584,0.03125,0.09375,0.03125,0.8125,0.6368979998630601,0.0,0.0,1.0,2.0,2.0,0.75,2,0.40563905424694935,0.25,0.0,0.0,0.75,3072,0,0,9216,1.4231783151626587,0.24100255966186523,0.8369013667106628,1.0714058876037598,1.424637794494629,sae,512,512,4,topk,8,nan,65536,10,0.13096008729189634,0.12670942892630896,nan,8.0,0.015625
20260628,sae_l1_8x,393216,False,,1.1808927059173584,0.03125,0.09375,0.03125,0.8125,0.8660254037844386,0.0,0.0,1.0,3.0,1.0,0.5,3,0.7500000020608765,0.5,0.25,0.0,0.25,6144,3072,0,3072,2.2018191814422607,0.8318636417388916,0.762085497379303,1.077153205871582,2.100282669067383,sae,1024,1024,8,l1,nan,0.0001,65536,10,0.003544608363881707,0.003345227649939867,nan,516.9656270345052,0.504849245150884
20260628,sae_topk_8x,393216,False,,1.1808927059173584,0.03125,0.09375,0.03125,0.8125,0.6368979998630601,0.0,0.0,1.0,2.0,2.0,0.75,2,0.40563905424694935,0.0,0.25,0.0,0.75,0,3072,0,9216,1.5941444635391235,1.1034014225006104,0.2602946162223816,0.49145597219467163,1.4535903930664062,sae,1024,1024,8,topk,8,nan,65536,10,0.030942852376028895,0.030155173347642023,nan,8.0,0.0078125
20260630,all_position,393216,False,,1.1808927059173584,0.03125,0.09375,0.03125,0.8125,0.8660254037844386,0.0,0.0,1.0,3.0,1.0,0.5,3,0.7500000020608765,0.25,0.5,0.0,0.25,3072,6144,0,3072,1.8371473550796509,0.6137325763702393,0.9405624866485596,1.132704734802246,2.059816598892212,,,,,,,,,,,,,,
20260630,route_only,12288,False,,0.0,1.0,0.0,0.0,0.0,1.0,0.0,0.0,1.0,4.0,0.0,0.25,4,1.0000000027478353,0.25,0.25,0.25,0.25,3072,3072,3072,3072,5.8245697021484375,0.16892889142036438,5.413970470428467,5.5868730545043945,5.7919135093688965,,,,,,,,,,,,,,
20260630,slot_offset_3,12288,False,,0.0,1.0,0.0,0.0,0.0,1.0,0.0,0.0,1.0,4.0,0.0,0.25,4,1.0000000027478353,0.25,0.25,0.25,0.25,3072,3072,3072,3072,5.8245697021484375,0.16892889142036438,5.413970470428467,5.5868730545043945,5.7919135093688965,,,,,,,,,,,,,,
20260630,selector_stability_top1_position,12288,False,5,0.9182958602905273,0.3333333333333333,0.0,0.0,0.6666666666666666,1.0,0.0,0.0,1.0,4.0,0.0,0.25,4,1.0000000027478353,0.25,0.25,0.25,0.25,3072,3072,3072,3072,5.765867710113525,0.2982737421989441,5.013663291931152,5.207569599151611,5.898759365081787,,,,,,,,,,,,,,
20260630,selector_stability_top3_positions,36864,False,5 10 22,1.4466166496276855,0.1111111111111111,0.1111111111111111,0.1111111111111111,0.6666666666666666,1.0,0.0,0.0,1.0,4.0,0.0,0.25,4,1.0000000027478353,0.25,0.25,0.25,0.25,3072,3072,3072,3072,3.215214729309082,0.49202945828437805,2.4921867847442627,2.6631555557250977,3.0533008575439453,,,,,,,,,,,,,,
20260630,selector_stability_threshold_positions,73728,False,5 10 22 12 19 2,1.6688389778137207,0.05555555555555555,0.2222222222222222,0.05555555555555555,0.6666666666666666,0.7071067811865476,0.0,0.0,1.0,2.0,1.0,0.5,2,0.5000000013739176,0.0,0.0,0.5,0.5,0,0,6144,6144,1.8013497591018677,0.503910481929779,0.8134632110595703,1.064956784248352,1.865605354309082,,,,,,,,,,,,,,
20260630,pca_q4,393216,False,,1.1808927059173584,0.03125,0.09375,0.03125,0.8125,0.8660254037844386,0.0,0.0,1.0,3.0,1.0,0.5,3,0.7500000020608765,0.25,0.0,0.5,0.25,3072,0,6144,3072,1.534669041633606,0.3437674343585968,0.63386070728302,0.9053788781166077,1.6157809495925903,pca,4,nan,nan,,nan,nan,393216,0,0.915320873260498,0.915320873260498,0.08214827355999507,4.0,1.0
20260630,pca_q8,393216,False,,1.1808927059173584,0.03125,0.09375,0.03125,0.8125,0.8660254037844386,0.0,0.0,1.0,3.0,1.0,0.5,3,0.7500000020608765,0.25,0.5,0.25,0.0,3072,6144,3072,0,2.4214298725128174,0.231801375746727,1.7720036506652832,2.0452661514282227,2.432546377182007,pca,8,nan,nan,,nan,nan,393216,0,0.843070924282074,0.843070924282074,0.1545982617260575,8.0,1.0
20260630,pca_q16,393216,False,,1.1808927059173584,0.03125,0.09375,0.03125,0.8125,1.0,0.0,0.0,1.0,4.0,0.0,0.25,4,1.0000000027478353,0.25,0.25,0.25,0.25,3072,3072,3072,3072,2.2496178150177,0.10522197186946869,1.8097894191741943,2.084568738937378,2.2454776763916016,pca,16,nan,nan,,nan,nan,393216,0,0.7218787670135498,0.7218787670135498,0.2761255389521825,16.0,1.0
20260630,pca_q32,393216,False,,1.1808927059173584,0.03125,0.09375,0.03125,0.8125,0.8660254037844386,0.0,0.0,1.0,3.0,1.0,0.5,3,0.7500000020608765,0.0,0.25,0.25,0.5,0,3072,3072,6144,1.7660034894943237,0.5446845889091492,1.0061862468719482,1.1969578266143799,1.5655089616775513,pca,32,nan,nan,,nan,nan,393216,0,0.5323807001113892,0.5323807001113892,0.46614734806240193,32.0,1.0
20260630,bottleneck_ae_q4,393216,False,,1.1808927059173584,0.03125,0.09375,0.03125,0.8125,0.8660254037844386,0.0,0.0,1.0,3.0,1.0,0.5,3,0.7500000020608765,0.25,0.5,0.25,0.0,3072,6144,3072,0,1.4447526931762695,0.2049034982919693,0.8764801025390625,1.1192491054534912,1.4596490859985352,bottleneck_ae,4,nan,nan,,nan,nan,65536,10,0.9880004674196243,0.9851047390451034,nan,1.9246139526367188,0.4811534881591797
20260630,bottleneck_ae_q8,393216,False,,1.1808927059173584,0.03125,0.09375,0.03125,0.8125,0.8660254037844386,0.0,0.0,1.0,3.0,1.0,0.5,3,0.7500000020608765,0.25,0.0,0.5,0.25,3072,0,6144,3072,1.6290258169174194,0.5974999070167542,0.595368504524231,0.871115505695343,1.5333789587020874,bottleneck_ae,8,nan,nan,,nan,nan,65536,10,0.9114501997828484,0.9084537252783775,nan,3.794743855794271,0.4743429819742839
20260630,bottleneck_ae_q16,393216,False,,1.1808927059173584,0.03125,0.09375,0.03125,0.8125,0.6368979998630601,0.0,0.0,1.0,2.0,2.0,0.75,2,0.40563905424694935,0.0,0.25,0.75,0.0,0,3072,9216,0,1.7323169708251953,0.579820990562439,0.9533467292785645,1.1541204452514648,1.4402046203613281,bottleneck_ae,16,nan,nan,,nan,nan,65536,10,0.7945267558097839,0.7899686545133591,nan,7.937436421712239,0.49608977635701496
20260630,bottleneck_ae_q32,393216,False,,1.1808927059173584,0.03125,0.09375,0.03125,0.8125,1.0,0.0,0.0,1.0,4.0,0.0,0.25,4,1.0000000027478353,0.25,0.25,0.25,0.25,3072,3072,3072,3072,1.8599509000778198,0.41448163986206055,1.1961160898208618,1.4405419826507568,1.6868739128112793,bottleneck_ae,32,nan,nan,,nan,nan,65536,10,0.6018709056079388,0.5966110421965519,nan,16.121007283528645,0.5037814776102701
20260630,sae_l1_4x,393216,False,,1.1808927059173584,0.03125,0.09375,0.03125,0.8125,0.7071067811865476,0.0,0.0,1.0,2.0,1.0,0.5,2,0.5000000013739176,0.5,0.5,0.0,0.0,6144,6144,0,0,1.6401796340942383,0.4190802574157715,0.6403723955154419,0.9106673002243042,1.8054640293121338,sae,512,512,4,l1,nan,0.0001,65536,10,0.013855549681466073,0.012936300064514702,nan,258.5260823567708,0.504933754603068
20260630,sae_topk_4x,393216,False,,1.1808927059173584,0.03125,0.09375,0.03125,0.8125,0.6368979998630601,0.0,0.0,1.0,2.0,2.0,0.75,2,0.40563905424694935,0.25,0.0,0.0,0.75,3072,0,0,9216,1.9248123168945312,1.5555602312088013,0.3172559142112732,0.5180694460868835,1.3566319942474365,sae,512,512,4,topk,8,nan,65536,10,0.1299496153369546,0.12584337227356931,nan,8.0,0.015625
20260630,sae_l1_8x,393216,False,,1.1808927059173584,0.03125,0.09375,0.03125,0.8125,0.0,0.0,0.0,1.0,1.0,3.0,1.0,1,5.979470363300325e-11,1.0,0.0,0.0,0.0,12288,0,0,0,2.243640661239624,0.468808114528656,1.18135404586792,1.4620509147644043,2.271491527557373,sae,1024,1024,8,l1,nan,0.0001,65536,10,0.003586520077078603,0.0033838933256144323,nan,517.4654312133789,0.5053373351693153
20260630,sae_topk_8x,393216,False,,1.1808927059173584,0.03125,0.09375,0.03125,0.8125,0.4918306921697146,7.586180196931406e-05,0.00047349726309162734,0.9619140625,2.0,2.1233723163604736,0.7808430790901184,3,0.40226453965870745,0.2119140625,0.0072428383864462376,0.0,0.7808430790901184,2604,89,0,9595,0.5933753848075867,0.35637199878692627,4.0531158447265625e-06,0.029865026473999023,0.648841142654419,sae,1024,1024,8,topk,8,nan,65536,10,0.03283538157120347,0.03196858319764336,nan,8.0,0.0078125
