gate_checkpoint,lm_loss,model_checkpoint,model_seed,step,variant
checkpoints/normal_seed0_step0_gates.pt,,checkpoints/normal_seed0_step0.pt,0,0,normal
checkpoints/normal_seed0_step1_gates.pt,11.998552322387695,checkpoints/normal_seed0_step1.pt,0,1,normal
checkpoints/normal_seed0_step2_gates.pt,12.003191947937012,checkpoints/normal_seed0_step2.pt,0,2,normal
checkpoints/normal_seed0_step3_gates.pt,11.793728828430176,checkpoints/normal_seed0_step3.pt,0,3,normal
checkpoints/normal_seed0_step5_gates.pt,11.428421020507812,checkpoints/normal_seed0_step5.pt,0,5,normal
checkpoints/normal_seed0_step10_gates.pt,10.723121643066406,checkpoints/normal_seed0_step10.pt,0,10,normal
checkpoints/normal_seed0_step20_gates.pt,9.5305757522583,checkpoints/normal_seed0_step20.pt,0,20,normal
checkpoints/normal_seed0_step50_gates.pt,8.048175811767578,checkpoints/normal_seed0_step50.pt,0,50,normal
checkpoints/normal_seed0_step100_gates.pt,7.308693885803223,checkpoints/normal_seed0_step100.pt,0,100,normal
checkpoints/normal_seed0_step200_gates.pt,7.578973293304443,checkpoints/normal_seed0_step200.pt,0,200,normal
checkpoints/normal_seed0_step300_gates.pt,7.88822603225708,checkpoints/normal_seed0_step300.pt,0,300,normal
checkpoints/freeze_last_layer_hidden_producer_seed1_step0_gates.pt,,checkpoints/freeze_last_layer_hidden_producer_seed1_step0.pt,1,0,freeze_last_layer_hidden_producer
checkpoints/freeze_last_layer_hidden_producer_seed1_step1_gates.pt,12.017239570617676,checkpoints/freeze_last_layer_hidden_producer_seed1_step1.pt,1,1,freeze_last_layer_hidden_producer
checkpoints/freeze_last_layer_hidden_producer_seed1_step2_gates.pt,12.032292366027832,checkpoints/freeze_last_layer_hidden_producer_seed1_step2.pt,1,2,freeze_last_layer_hidden_producer
checkpoints/freeze_last_layer_hidden_producer_seed1_step3_gates.pt,12.028708457946777,checkpoints/freeze_last_layer_hidden_producer_seed1_step3.pt,1,3,freeze_last_layer_hidden_producer
checkpoints/freeze_last_layer_hidden_producer_seed1_step5_gates.pt,11.988272666931152,checkpoints/freeze_last_layer_hidden_producer_seed1_step5.pt,1,5,freeze_last_layer_hidden_producer
checkpoints/freeze_last_layer_hidden_producer_seed1_step10_gates.pt,11.791674613952637,checkpoints/freeze_last_layer_hidden_producer_seed1_step10.pt,1,10,freeze_last_layer_hidden_producer
checkpoints/freeze_last_layer_hidden_producer_seed1_step20_gates.pt,11.451997756958008,checkpoints/freeze_last_layer_hidden_producer_seed1_step20.pt,1,20,freeze_last_layer_hidden_producer
checkpoints/freeze_last_layer_hidden_producer_seed1_step50_gates.pt,9.389542579650879,checkpoints/freeze_last_layer_hidden_producer_seed1_step50.pt,1,50,freeze_last_layer_hidden_producer
checkpoints/freeze_last_layer_hidden_producer_seed1_step100_gates.pt,8.589926719665527,checkpoints/freeze_last_layer_hidden_producer_seed1_step100.pt,1,100,freeze_last_layer_hidden_producer
checkpoints/freeze_last_layer_hidden_producer_seed1_step200_gates.pt,7.7596235275268555,checkpoints/freeze_last_layer_hidden_producer_seed1_step200.pt,1,200,freeze_last_layer_hidden_producer
checkpoints/freeze_last_layer_hidden_producer_seed1_step300_gates.pt,7.728395462036133,checkpoints/freeze_last_layer_hidden_producer_seed1_step300.pt,1,300,freeze_last_layer_hidden_producer
checkpoints/normal_seed1_step0_gates.pt,,checkpoints/normal_seed1_step0.pt,1,0,normal
checkpoints/normal_seed1_step1_gates.pt,12.017239570617676,checkpoints/normal_seed1_step1.pt,1,1,normal
checkpoints/normal_seed1_step2_gates.pt,12.001359939575195,checkpoints/normal_seed1_step2.pt,1,2,normal
checkpoints/normal_seed1_step3_gates.pt,11.76008129119873,checkpoints/normal_seed1_step3.pt,1,3,normal
checkpoints/normal_seed1_step5_gates.pt,11.326565742492676,checkpoints/normal_seed1_step5.pt,1,5,normal
checkpoints/normal_seed1_step10_gates.pt,10.91488265991211,checkpoints/normal_seed1_step10.pt,1,10,normal
checkpoints/normal_seed1_step20_gates.pt,9.32682991027832,checkpoints/normal_seed1_step20.pt,1,20,normal
checkpoints/normal_seed1_step50_gates.pt,8.076764106750488,checkpoints/normal_seed1_step50.pt,1,50,normal
checkpoints/normal_seed1_step100_gates.pt,8.076175689697266,checkpoints/normal_seed1_step100.pt,1,100,normal
checkpoints/normal_seed1_step200_gates.pt,7.308852672576904,checkpoints/normal_seed1_step200.pt,1,200,normal
checkpoints/normal_seed1_step300_gates.pt,6.8845953941345215,checkpoints/normal_seed1_step300.pt,1,300,normal
checkpoints/freeze_last_layer_hidden_producer_seed2_step0_gates.pt,,checkpoints/freeze_last_layer_hidden_producer_seed2_step0.pt,2,0,freeze_last_layer_hidden_producer
checkpoints/freeze_last_layer_hidden_producer_seed2_step1_gates.pt,12.02901554107666,checkpoints/freeze_last_layer_hidden_producer_seed2_step1.pt,2,1,freeze_last_layer_hidden_producer
checkpoints/freeze_last_layer_hidden_producer_seed2_step2_gates.pt,12.07979965209961,checkpoints/freeze_last_layer_hidden_producer_seed2_step2.pt,2,2,freeze_last_layer_hidden_producer
checkpoints/freeze_last_layer_hidden_producer_seed2_step3_gates.pt,12.010194778442383,checkpoints/freeze_last_layer_hidden_producer_seed2_step3.pt,2,3,freeze_last_layer_hidden_producer
checkpoints/freeze_last_layer_hidden_producer_seed2_step5_gates.pt,11.966578483581543,checkpoints/freeze_last_layer_hidden_producer_seed2_step5.pt,2,5,freeze_last_layer_hidden_producer
checkpoints/freeze_last_layer_hidden_producer_seed2_step10_gates.pt,11.751493453979492,checkpoints/freeze_last_layer_hidden_producer_seed2_step10.pt,2,10,freeze_last_layer_hidden_producer
checkpoints/freeze_last_layer_hidden_producer_seed2_step20_gates.pt,11.486833572387695,checkpoints/freeze_last_layer_hidden_producer_seed2_step20.pt,2,20,freeze_last_layer_hidden_producer
checkpoints/freeze_last_layer_hidden_producer_seed2_step50_gates.pt,9.239448547363281,checkpoints/freeze_last_layer_hidden_producer_seed2_step50.pt,2,50,freeze_last_layer_hidden_producer
checkpoints/freeze_last_layer_hidden_producer_seed2_step100_gates.pt,8.210413932800293,checkpoints/freeze_last_layer_hidden_producer_seed2_step100.pt,2,100,freeze_last_layer_hidden_producer
checkpoints/freeze_last_layer_hidden_producer_seed2_step200_gates.pt,7.537511348724365,checkpoints/freeze_last_layer_hidden_producer_seed2_step200.pt,2,200,freeze_last_layer_hidden_producer
checkpoints/freeze_last_layer_hidden_producer_seed2_step300_gates.pt,7.621632099151611,checkpoints/freeze_last_layer_hidden_producer_seed2_step300.pt,2,300,freeze_last_layer_hidden_producer
checkpoints/normal_seed2_step0_gates.pt,,checkpoints/normal_seed2_step0.pt,2,0,normal
checkpoints/normal_seed2_step1_gates.pt,12.02901554107666,checkpoints/normal_seed2_step1.pt,2,1,normal
checkpoints/normal_seed2_step2_gates.pt,11.9784574508667,checkpoints/normal_seed2_step2.pt,2,2,normal
checkpoints/normal_seed2_step3_gates.pt,11.729630470275879,checkpoints/normal_seed2_step3.pt,2,3,normal
checkpoints/normal_seed2_step5_gates.pt,11.210721015930176,checkpoints/normal_seed2_step5.pt,2,5,normal
checkpoints/normal_seed2_step10_gates.pt,10.70031452178955,checkpoints/normal_seed2_step10.pt,2,10,normal
checkpoints/normal_seed2_step20_gates.pt,9.249417304992676,checkpoints/normal_seed2_step20.pt,2,20,normal
checkpoints/normal_seed2_step50_gates.pt,7.642361164093018,checkpoints/normal_seed2_step50.pt,2,50,normal
checkpoints/normal_seed2_step100_gates.pt,7.885587692260742,checkpoints/normal_seed2_step100.pt,2,100,normal
checkpoints/normal_seed2_step200_gates.pt,6.906022071838379,checkpoints/normal_seed2_step200.pt,2,200,normal
checkpoints/normal_seed2_step300_gates.pt,7.013782024383545,checkpoints/normal_seed2_step300.pt,2,300,normal
checkpoints/freeze_last_layer_hidden_producer_seed0_step0_gates.pt,,checkpoints/freeze_last_layer_hidden_producer_seed0_step0.pt,0,0,freeze_last_layer_hidden_producer
checkpoints/freeze_last_layer_hidden_producer_seed0_step1_gates.pt,11.998552322387695,checkpoints/freeze_last_layer_hidden_producer_seed0_step1.pt,0,1,freeze_last_layer_hidden_producer
checkpoints/freeze_last_layer_hidden_producer_seed0_step2_gates.pt,12.081409454345703,checkpoints/freeze_last_layer_hidden_producer_seed0_step2.pt,0,2,freeze_last_layer_hidden_producer
checkpoints/freeze_last_layer_hidden_producer_seed0_step3_gates.pt,12.045735359191895,checkpoints/freeze_last_layer_hidden_producer_seed0_step3.pt,0,3,freeze_last_layer_hidden_producer
checkpoints/freeze_last_layer_hidden_producer_seed0_step5_gates.pt,11.95040512084961,checkpoints/freeze_last_layer_hidden_producer_seed0_step5.pt,0,5,freeze_last_layer_hidden_producer
checkpoints/freeze_last_layer_hidden_producer_seed0_step10_gates.pt,11.73714828491211,checkpoints/freeze_last_layer_hidden_producer_seed0_step10.pt,0,10,freeze_last_layer_hidden_producer
checkpoints/freeze_last_layer_hidden_producer_seed0_step20_gates.pt,11.403026580810547,checkpoints/freeze_last_layer_hidden_producer_seed0_step20.pt,0,20,freeze_last_layer_hidden_producer
checkpoints/freeze_last_layer_hidden_producer_seed0_step50_gates.pt,8.446533203125,checkpoints/freeze_last_layer_hidden_producer_seed0_step50.pt,0,50,freeze_last_layer_hidden_producer
checkpoints/freeze_last_layer_hidden_producer_seed0_step100_gates.pt,7.4869890213012695,checkpoints/freeze_last_layer_hidden_producer_seed0_step100.pt,0,100,freeze_last_layer_hidden_producer
checkpoints/freeze_last_layer_hidden_producer_seed0_step200_gates.pt,7.977423191070557,checkpoints/freeze_last_layer_hidden_producer_seed0_step200.pt,0,200,freeze_last_layer_hidden_producer
checkpoints/freeze_last_layer_hidden_producer_seed0_step300_gates.pt,8.282465934753418,checkpoints/freeze_last_layer_hidden_producer_seed0_step300.pt,0,300,freeze_last_layer_hidden_producer
